"species","full_name","sex","tail","tarsus","wing","nares_to_tip","gape","mass"
"rble","red-billed leiothrix","u",61,24.7,70,8.1,6.8,16
"rble","red-billed leiothrix","u",56,23.5,66,8.4,8.7,22
"rwbu","red-whiskered bulbul","u",81,20.6,80,9.9,10.8,28
"rwbu","red-whiskered bulbul","u",79,20.4,80,9.4,10.6,25
"rwbu","red-whiskered bulbul","u",77,17.5,76,10.7,11.1,20.5
"rwbu","red-whiskered bulbul","m",77,18.5,80,NA,11.7,29
"rwbu","red-whiskered bulbul","m",81,17.8,79,10.2,10.4,25
"rble","red-billed leiothrix","u",54,21.5,61,8.2,9.2,19.5
"wrsh","white-rumped shama","m",137,26.3,95,13.2,12.3,29
"rble","red-billed leiothrix","u",53,23.9,67,8.4,8.9,23
"rble","red-billed leiothrix","u",61,23.5,68,9.9,11.5,23
"rble","red-billed leiothrix","m",58.5,24.1,68.5,8,12.1,21
"jawe","Japanese white-eye","m",41,18.8,60,7.4,7.6,10
"jawe","Japanese white-eye","m",40,17.8,50.8,8.6,6.7,11
"jawe","Japanese white-eye","m",41,18.1,60,8.2,5.6,11
"rble","red-billed leiothrix","u",54,24.1,66,7,9,21.5
"rble","red-billed leiothrix","u",50,26,70,8.2,8.3,21
"rble","red-billed leiothrix","u",56,24.4,70,7.9,8.5,23
"rble","red-billed leiothrix","u",55,24,70,7.5,9.4,25
"rble","red-billed leiothrix","u",59,23.2,66,9.4,10.4,23
"jawe","Japanese white-eye","u",43,17.8,59,7.5,8.2,11.5
"jawe","Japanese white-eye","u",43,17.1,59,7.9,5.3,11
"jawe","Japanese white-eye","u",41,17.6,58,8.1,5.5,11
"jawe","Japanese white-eye","u",41,17.8,59,8.6,5.9,9
"jawe","Japanese white-eye","u",46,17.3,60,7.6,7.3,10
"jawe","Japanese white-eye","m",35,17,56,7.9,5.2,9
"jawe","Japanese white-eye","u",39,18.1,58,9.1,6,13
"jawe","Japanese white-eye","m",43,18.1,59,9.2,5.7,8
"jawe","Japanese white-eye","m",42,17.8,59,9.4,5.4,11
"jawe","Japanese white-eye","m",42,18.1,60,9,6.1,10
"jawe","Japanese white-eye","m",44,17.5,58,8.1,8,12
"rble","red-billed leiothrix","u",NA,NA,NA,NA,NA,22
"rble","red-billed leiothrix","u",51,23.3,70,7.5,8.5,21.5
"rble","red-billed leiothrix","u",57,23,67,8.9,7.5,20
"rble","red-billed leiothrix","u",56,23.8,69,NA,10.6,21.5
"rble","red-billed leiothrix","u",55,26.6,69,8.1,8.1,17.5
"jawe","Japanese white-eye","u",51,17.2,61,7.8,6.1,10
"rble","red-billed leiothrix","u",NA,NA,NA,NA,NA,22.5
"rvbu","red-vented bulbul","u",83,23.9,91,10.7,11.8,27
"rvbu","red-vented bulbul","u",81,25.8,91,10.5,11.5,33
"wrsh","white-rumped shama","m",139,25.7,88,10.8,10.5,27.5
"rble","red-billed leiothrix","u",54,21,64,8.3,8.2,17
"rble","red-billed leiothrix","u",55,24.3,65,9.9,10.9,22
"rble","red-billed leiothrix","u",57,25.3,69,7.3,8,20
"rble","red-billed leiothrix","u",56,20.5,70,9.8,8.4,19.5
"rble","red-billed leiothrix","u",54,23.5,65,7.4,7.9,17
"rble","red-billed leiothrix","u",53,24.6,66,8.1,NA,19.5
"rble","red-billed leiothrix","u",52,23.9,67,8.9,8.5,22.5
"rble","red-billed leiothrix","u",58,23.2,65,9.4,11.6,19
"rble","red-billed leiothrix","u",55,20.2,68,7.3,9.9,20
"rble","red-billed leiothrix","u",55,23.8,66,8.4,8.5,19
"rble","red-billed leiothrix","u",54,20.6,64,7.7,10.5,18
"rble","red-billed leiothrix","u",58,24.2,71,8.1,8.5,23
"rble","red-billed leiothrix","u",57,23.2,67,7.1,9.1,20
"rble","red-billed leiothrix","u",52,22.7,63,8.4,9.6,20
"rble","red-billed leiothrix","u",55,23.7,66,7.9,8.2,18
"rble","red-billed leiothrix","u",57,23.1,69,7.7,9,21
"rble","red-billed leiothrix","u",56,23.1,66,7.5,9.2,20
"rble","red-billed leiothrix","u",59,25.2,70,8.3,8.2,21
"rble","red-billed leiothrix","u",59,25.1,70,8.5,10.6,24
"rble","red-billed leiothrix","u",NA,NA,67,NA,NA,23
"rble","red-billed leiothrix","u",NA,23.3,67,8.2,8.8,20
"rble","red-billed leiothrix","u",52,24.1,58,7.6,8.2,17
"rble","red-billed leiothrix","u",51,21,62,7.1,10,18.5
"rble","red-billed leiothrix","u",56,23.2,67,7.5,8.4,20
"rble","red-billed leiothrix","u",58,23.1,68,7.8,9.4,21.5
"rwbu","red-whiskered bulbul","u",78,19.1,78,9.1,10.7,25
"rble","red-billed leiothrix","u",NA,22.5,66,8.4,9.9,20
"rble","red-billed leiothrix","u",57,25.4,64,NA,NA,21
"rble","red-billed leiothrix","u",56,24.6,59,7.5,10.4,17.5
"rble","red-billed leiothrix","u",58,NA,68,NA,NA,21
"rble","red-billed leiothrix","u",51,NA,65,NA,NA,NA
"rble","red-billed leiothrix","u",55,NA,64,NA,NA,21
"rble","red-billed leiothrix","u",50,NA,63,NA,NA,19
"rble","red-billed leiothrix","u",56,NA,67,NA,NA,20
"rble","red-billed leiothrix","u",55,NA,69,NA,NA,20
"rble","red-billed leiothrix","u",53,NA,65,NA,NA,18
"rble","red-billed leiothrix","u",56,NA,67,NA,NA,21
"rble","red-billed leiothrix","u",54,NA,67,NA,NA,21
"rble","red-billed leiothrix","u",61,NA,71,NA,NA,22.5
"rwbu","red-whiskered bulbul","u",75,21,79,9,10.6,25
"rble","red-billed leiothrix","u",52,NA,65,NA,NA,19
"rble","red-billed leiothrix","u",58,NA,67,NA,NA,23
"rble","red-billed leiothrix","u",56,NA,70,NA,NA,19.5
"rwbu","red-whiskered bulbul","u",75,19.1,79,10,10.8,21
"rble","red-billed leiothrix","u",55,NA,64,NA,NA,23
"rble","red-billed leiothrix","u",51,NA,65,NA,NA,21
"rble","red-billed leiothrix","u",54,NA,68,NA,NA,26
"rble","red-billed leiothrix","u",54,NA,65,NA,NA,16
"rwbu","red-whiskered bulbul","u",78,19.9,78,8.9,9.5,24
"rwbu","red-whiskered bulbul","u",82,20.7,85,9.3,10.3,27
"rble","red-billed leiothrix","u",58,NA,70,NA,NA,21
"rble","red-billed leiothrix","u",57,23,70,6.4,7,23
"rble","red-billed leiothrix","u",57,25.3,70,7.5,8.1,25
"jawe","Japanese white-eye","u",NA,18.7,60,8.8,6.1,10
"jawe","Japanese white-eye","u",41,17.5,59,8,7.6,10
"jawe","Japanese white-eye","u",40,16.7,58,8.3,NA,10
"jawe","Japanese white-eye","u",41,17.5,58,7.7,7.9,10.5
"rble","red-billed leiothrix","u",NA,NA,NA,NA,NA,22
"rble","red-billed leiothrix","u",NA,NA,NA,NA,NA,20.5
"rble","red-billed leiothrix","u",52,23.5,64,7.5,7.2,20
"rwbu","red-whiskered bulbul","u",82,20.3,81,9.7,10,26
"rble","red-billed leiothrix","u",54,25.7,71,7.9,9.2,21.5
"rwbu","red-whiskered bulbul","u",76,19.6,79,9.6,9.8,24
"rwbu","red-whiskered bulbul","u",72,18.3,76,8.3,10.4,24
"rble","red-billed leiothrix","u",57,24.5,70,8.2,9.4,24
"rwbu","red-whiskered bulbul","u",78,19.9,82,9.1,10.3,27
"rble","red-billed leiothrix","u",NA,23.9,68,8,8.9,22
"rble","red-billed leiothrix","u",57,24.1,71,8.1,7.9,22
"rble","red-billed leiothrix","u",55,24.1,71,7.6,8.2,23
"rble","red-billed leiothrix","u",52,22.2,63,7.5,9,18
"rble","red-billed leiothrix","u",56,23.4,65,7.3,9.6,21
"rble","red-billed leiothrix","u",58,24,71,7.5,8.9,23
"rble","red-billed leiothrix","u",54,22,66,8.3,6.5,20
"rble","red-billed leiothrix","u",60,23.8,70,7.7,7.4,21
"rble","red-billed leiothrix","u",52,23.7,66,7.3,7.5,22
"rble","red-billed leiothrix","u",58,22.4,68,6.9,8.5,21.5
"wrsh","white-rumped shama","u",106,26.4,87,11.1,12.5,25
"rble","red-billed leiothrix","u",57,23.6,70,7.8,8.4,22
"rble","red-billed leiothrix","u",53,24.4,65,6.9,9.4,20
"rble","red-billed leiothrix","u",53,24.2,65,7,8.8,22
"jawe","Japanese white-eye","u",44,16.7,60,7.8,7.8,11.5
"jawe","Japanese white-eye","u",41,17.3,60,8,7.6,8
"jawe","Japanese white-eye","u",41,18.5,60,NA,7.6,12
"jawe","Japanese white-eye","u",41,16.2,57,8,7.2,9.5
"wrsh","white-rumped shama","m",124,26.1,89,11.2,13.1,33
"rble","red-billed leiothrix","u",55,23.6,66,6.7,10.2,21
"jawe","Japanese white-eye","u",42,17.3,59,7.4,8.7,11
"wrsh","white-rumped shama","u",108,23.1,81,11.4,9.9,28
"wrsh","white-rumped shama","m",113,27.7,97,11.4,9.9,31
"rble","red-billed leiothrix","u",NA,NA,NA,NA,NA,22
"rble","red-billed leiothrix","u",53,23.4,66,7.9,11,17
"rble","red-billed leiothrix","u",56,24.6,70,7.6,9,22
"rble","red-billed leiothrix","u",55,23,67,7.8,9.8,20
"rble","red-billed leiothrix","u",52,24,66,7.8,9.5,22.5
"rble","red-billed leiothrix","u",58,24.5,67,8.1,9.5,21
"rble","red-billed leiothrix","u",50,24.9,68,7.4,9.8,19
"jawe","Japanese white-eye","u",41,18.2,59,7.6,6.5,11
"jawe","Japanese white-eye","u",41,16.8,60,8,6,10
"rble","red-billed leiothrix","u",NA,NA,NA,NA,NA,22
"wrsh","white-rumped shama","m",145,26.5,95,11.4,11.9,28
"rble","red-billed leiothrix","u",56,24.4,66,7.9,9.3,22
"rble","red-billed leiothrix","u",60,24.1,72,7.6,9.2,21
"rble","red-billed leiothrix","u",57,25.1,69,7.2,9.2,24
"rble","red-billed leiothrix","u",56,23.9,70,7.8,7.6,21
"rble","red-billed leiothrix","u",55,23,68,7.2,8,22
"rble","red-billed leiothrix","u",50,24.1,61,7.1,9.6,21
"rble","red-billed leiothrix","u",55,24.2,68,8.2,9.1,19.5
"rble","red-billed leiothrix","u",51,22.3,65,8.2,6.7,23
"rble","red-billed leiothrix","u",51,24.1,69,7.6,9.8,20.5
"rble","red-billed leiothrix","u",51,23.4,68,7.6,9.1,24.5
"rble","red-billed leiothrix","u",51,23.2,68,7.5,8.9,22
"rble","red-billed leiothrix","u",51,23,66,7.5,7,20
"rble","red-billed leiothrix","u",51,24.2,65,7.4,9.2,21.5
"rble","red-billed leiothrix","u",51,23.3,68,8,7,20.5
"rble","red-billed leiothrix","u",54,25,69.5,8.2,9.4,22
"rble","red-billed leiothrix","u",55,24.9,67,7.6,9.3,21
"rble","red-billed leiothrix","u",55,23.4,67,7.7,8.5,21
"rble","red-billed leiothrix","u",58,24.4,70,8.1,8.3,21
"wrsh","white-rumped shama","f",100,25.4,85,11,11.7,26
"jawe","Japanese white-eye","u",42,17.9,60,7.7,6,11
"rble","red-billed leiothrix","u",52,24.4,66,7.6,7.2,21
"rble","red-billed leiothrix","u",NA,25.2,68,8,9.3,21
"rble","red-billed leiothrix","u",55,23.4,69,8.7,8.5,20
"rble","red-billed leiothrix","u",56,25,71,7.6,NA,26
"rble","red-billed leiothrix","u",53,24.3,69,7.1,7.5,22
"rble","red-billed leiothrix","u",57,23,70,7.4,8.3,21
"rble","red-billed leiothrix","u",57,23.6,70,7.9,9.3,24
"rwbu","red-whiskered bulbul","u",80,19.7,80,8.9,10.3,27
"rble","red-billed leiothrix","u",52,23.3,68,7.6,7.2,22.5
"rwbu","red-whiskered bulbul","u",80,19.9,82,8.9,9.8,25.5
"rwbu","red-whiskered bulbul","u",80,19.5,81,8.6,10.3,27
"rwbu","red-whiskered bulbul","u",70,19.1,74,8.2,11.1,24
"rble","red-billed leiothrix","u",55,23.9,67,7.6,9.1,22
"rble","red-billed leiothrix","u",52,23.7,63,7.5,8.7,21
"rwbu","red-whiskered bulbul","u",80,19.8,82,8.9,9.7,27
"rwbu","red-whiskered bulbul","u",71,20.1,77,9.4,10.8,25
"jawe","Japanese white-eye","u",42,17.6,60,7.8,7.1,11
"jawe","Japanese white-eye","u",43,18.3,59,7.4,6.7,10
"rble","red-billed leiothrix","u",57,22.9,68,7.6,9.1,20
"rble","red-billed leiothrix","u",59,23.6,68,8.1,10.5,20
"wrsh","white-rumped shama","m",127,27.1,92,11.1,NA,32.5
"wrsh","white-rumped shama","f",117,24.1,83,10.4,NA,26
"rble","red-billed leiothrix","u",54,23,68,7.6,8.9,23
"rble","red-billed leiothrix","u",58,24.2,70,7.8,9.8,22
"jawe","Japanese white-eye","u",42,17.9,59,7.6,NA,11
"jawe","Japanese white-eye","u",42,17.8,59,7.7,NA,12
"jawe","Japanese white-eye","u",42,17.5,59,8.2,8.7,11
"jawe","Japanese white-eye","u",42,17.8,58,7.6,5.8,15
"rble","red-billed leiothrix","u",55,24,66,NA,NA,21
"rble","red-billed leiothrix","u",55,23,67,7.5,9.1,22
"rble","red-billed leiothrix","u",57,24.8,71,7.8,8.8,22
"rble","red-billed leiothrix","u",58,18.9,67,7.1,9.2,18
"rble","red-billed leiothrix","u",57,23.3,68,8.1,9.9,23
"rble","red-billed leiothrix","u",60,24.6,71,7.8,9.3,22
"rble","red-billed leiothrix","u",61,23.5,70,8,8.8,21
"rble","red-billed leiothrix","u",54,22.7,69,8.2,8.5,20.5
"rble","red-billed leiothrix","u",55,24.4,69,8.2,8.9,22
"rble","red-billed leiothrix","u",59,23.5,71,7.6,9.9,21
"rble","red-billed leiothrix","u",59,23,74,7.9,8.5,22
"rble","red-billed leiothrix","u",56,23.5,66,8,9.6,22
"rble","red-billed leiothrix","u",55,22.8,65,7.7,9.7,21
"rble","red-billed leiothrix","u",54,22.1,70,6.8,8.7,20
"rble","red-billed leiothrix","u",57,24.1,70,8.2,9.1,20
"rble","red-billed leiothrix","u",53,23,67,7.8,8.7,21
"rble","red-billed leiothrix","u",60,23.3,70,8.1,8.7,24
"rble","red-billed leiothrix","u",53,22.5,68,8,8.5,21
"rwbu","red-whiskered bulbul","u",81,20.8,84,9.4,11.8,28
"rwbu","red-whiskered bulbul","u",76,20,77,8.5,11.9,25
"rwbu","red-whiskered bulbul","u",79,19.9,83,9.5,10.5,30
"rwbu","red-whiskered bulbul","u",74,20,80,9.5,9,26
"rwbu","red-whiskered bulbul","u",78,20.5,81,9,11,25
"rwbu","red-whiskered bulbul","u",NA,18,85,8.2,10.5,23
"rwbu","red-whiskered bulbul","u",79,20.6,81,9.1,9.8,22
"rwbu","red-whiskered bulbul","u",79,18.6,79,8.5,10.1,23
"jawe","Japanese white-eye","u",41,16.9,58,6.6,8.6,11
"rble","red-billed leiothrix","u",NA,NA,NA,NA,NA,22
"rble","red-billed leiothrix","u",NA,NA,NA,NA,NA,20
"rble","red-billed leiothrix","u",NA,NA,NA,NA,NA,22
"rble","red-billed leiothrix","f",NA,NA,NA,NA,NA,22
"rble","red-billed leiothrix","u",NA,NA,NA,NA,NA,23
"rble","red-billed leiothrix","u",NA,NA,NA,NA,NA,21
"rble","red-billed leiothrix","u",NA,NA,NA,NA,NA,20
"rble","red-billed leiothrix","u",NA,NA,NA,NA,NA,20
"rble","red-billed leiothrix","u",NA,NA,NA,NA,NA,20
"rble","red-billed leiothrix","u",NA,NA,NA,NA,NA,22
"rble","red-billed leiothrix","u",NA,NA,NA,NA,NA,20
"jawe","Japanese white-eye","u",45,18,65,8.3,8.1,11
"jawe","Japanese white-eye","u",39,17.9,57,7.4,7.3,12
"wrsh","white-rumped shama","m",NA,NA,NA,NA,NA,NA
"jawe","Japanese white-eye","u",43,16.8,59,8,6.2,10
"jawe","Japanese white-eye","u",42,17.2,58,7.9,6.2,10
"jawe","Japanese white-eye","u",41,17.5,57,7.9,6.3,10
"jawe","Japanese white-eye","u",41,19,60,8.2,6,11
"rble","red-billed leiothrix","u",NA,NA,NA,NA,NA,20
"rble","red-billed leiothrix","u",NA,NA,NA,NA,NA,22
"rble","red-billed leiothrix","u",NA,NA,NA,NA,NA,21
"rble","red-billed leiothrix","u",NA,NA,NA,NA,NA,21
"rble","red-billed leiothrix","u",NA,NA,NA,NA,NA,22
"rble","red-billed leiothrix","u",NA,NA,NA,NA,NA,21
"rble","red-billed leiothrix","u",NA,NA,NA,NA,NA,20
"rble","red-billed leiothrix","u",NA,NA,NA,NA,NA,19
"rble","red-billed leiothrix","u",NA,NA,NA,NA,NA,17.5
"rble","red-billed leiothrix","u",NA,NA,NA,NA,NA,23
"rble","red-billed leiothrix","u",NA,NA,NA,NA,NA,23
"rvbu","red-vented bulbul","u",93,23.3,98,10.5,12,44
"rble","red-billed leiothrix","u",56,24.3,69,7.6,9.2,21
"rble","red-billed leiothrix","u",49,23.5,68,7.6,9.6,22
"jawe","Japanese white-eye","u",42,17.1,59,7.8,7.5,11
"jawe","Japanese white-eye","u",42,17.7,60,8.1,7.4,14
"rble","red-billed leiothrix","u",49,23.4,64,7.7,9.3,21
"rble","red-billed leiothrix","u",52,24.2,67,NA,NA,22
"rble","red-billed leiothrix","u",56,23.2,66,7.9,8.2,22
"rble","red-billed leiothrix","u",52,23,67,7.6,8.1,21
"rble","red-billed leiothrix","u",54,24.1,68,7.9,10.2,18
"rble","red-billed leiothrix","u",55,25.6,71,8.5,9.9,21
"rwbu","red-whiskered bulbul","u",72,18.5,75,8.8,10.6,23
"rwbu","red-whiskered bulbul","u",77,20.9,82,8.4,10.3,22
"rvbu","red-vented bulbul","u",86,21.6,92,9.8,11.6,32
"rwbu","red-whiskered bulbul","u",76,20.3,84,8.9,10.5,24
"rwbu","red-whiskered bulbul","u",84,20.9,82,9.2,9.8,25
"jawe","Japanese white-eye","m",42,17.9,57,7.4,8.6,10
"jawe","Japanese white-eye","u",43,17.7,58,7.6,9.4,10
"rble","red-billed leiothrix","u",57,23.9,68,7.8,9.5,21
"wrsh","white-rumped shama","m",151,26.3,96,11.8,11,28
"rble","red-billed leiothrix","u",55,25.1,70,7.2,8.5,22
"jawe","Japanese white-eye","u",42,18.4,62,8.1,7.1,12
"jawe","Japanese white-eye","u",40,18.8,58,8.2,6.2,10
"jawe","Japanese white-eye","u",NA,17.2,NA,7.7,6.4,12
"jawe","Japanese white-eye","u",42,18.2,59,7.7,7.5,10
"wrsh","white-rumped shama","m",131,27.4,93,10.6,15.9,32
"rble","red-billed leiothrix","u",54,23.1,66.5,7.2,10.4,22.5
"jawe","Japanese white-eye","m",41,17.1,59,7.9,6.2,13
"jawe","Japanese white-eye","u",41,17.8,58,8,7.8,13
"rble","red-billed leiothrix","u",56,26,70,7.9,10.3,24
"rble","red-billed leiothrix","u",59,24.5,71,8.3,10.2,28
"rble","red-billed leiothrix","u",52,24.1,67,7.4,10.6,26.5
"rble","red-billed leiothrix","u",55,23.5,66,7.3,9.9,NA
"rble","red-billed leiothrix","u",52,23.2,68,7.4,9.3,20
"jawe","Japanese white-eye","u",43,18.4,59,7.9,7.8,11
"jawe","Japanese white-eye","u",NA,16.7,59,6.9,6.6,11
"jawe","Japanese white-eye","u",44,17.8,57,8.1,8.4,10
"jawe","Japanese white-eye","m",43,17.2,60,7.7,7.5,11
"rble","red-billed leiothrix","u",42,NA,59,7.6,7.7,11
"jawe","Japanese white-eye","u",41,18.2,58,7.6,8,11
"wrsh","white-rumped shama","f",117,25.5,87,11.4,12.3,30
"jawe","Japanese white-eye","u",41,18,60,7.6,8.1,11
"jawe","Japanese white-eye","u",41,17,58,7.5,8.1,14
"rwbu","red-whiskered bulbul","u",79,21.5,83,8.6,10.6,25
"rwbu","red-whiskered bulbul","u",71,21.1,77,8.2,11,27
"rwbu","red-whiskered bulbul","m",80,19.8,87,8.7,12.1,28
"rble","red-billed leiothrix","u",52,22.3,67,6.7,10.1,20
"rwbu","red-whiskered bulbul","u",78,18,73,8,10.2,24
"rwbu","red-whiskered bulbul","u",80,20.1,83,10.2,11,25
"rwbu","red-whiskered bulbul","u",74,NA,76,7.7,11.3,22
"rwbu","red-whiskered bulbul","u",78,19.3,79,9.1,11.3,27
"rble","red-billed leiothrix","u",57,23.3,70,6.7,9,23
"jawe","Japanese white-eye","u",41,17.3,59,7.4,8.9,12
"jawe","Japanese white-eye","u",40,16.5,56,7.6,8,9
"jawe","Japanese white-eye","u",41,17,57,7.9,8.2,11
"jawe","Japanese white-eye","u",43,16.8,58,7.6,7.9,11.5
"rble","red-billed leiothrix","u",53,23.4,65,6.9,9,25.5
"rble","red-billed leiothrix","u",56,23,68,7.2,9,25.5
"rble","red-billed leiothrix","u",53,24,66,7,8.6,20
"jawe","Japanese white-eye","u",43,17,60,7,7.7,12
"wrsh","white-rumped shama","m",140,25.7,92,10.6,12.5,30
"rwbu","red-whiskered bulbul","u",79,18.9,78,8.3,10.5,28
"rble","red-billed leiothrix","u",54,25,68,8.2,8.2,24
"rble","red-billed leiothrix","u",53,24.7,68,7.7,9.9,24
"rble","red-billed leiothrix","u",51,24.2,65,7.8,8.9,26
"jawe","Japanese white-eye","u",41,16.2,61,7.3,8.1,12
"jawe","Japanese white-eye","u",42,17,62,7,7.4,11
"jawe","Japanese white-eye","u",42,17.6,60,8.3,7.9,13
"jawe","Japanese white-eye","u",41,17.2,58,7.3,8.5,12.5
"jawe","Japanese white-eye","u",41,17.4,60,7.8,7.2,11
"jawe","Japanese white-eye","u",39,17.2,58,7.5,7.7,11
"rble","red-billed leiothrix","u",52,22.9,65,8.3,8,20
"rble","red-billed leiothrix","u",56,23.7,69,7.3,9,21
"rble","red-billed leiothrix","u",57,24.3,69,8,9.4,22
"rble","red-billed leiothrix","u",55,23.5,68,8,9.6,21
"rble","red-billed leiothrix","u",58,23.7,68,7.9,9,22
"rble","red-billed leiothrix","u",56,22.4,68,7.6,9,23
"jawe","Japanese white-eye","u",42,17.9,60,7.7,7.8,11
"rwbu","red-whiskered bulbul","u",72,18.1,78,8.9,9.1,20
"rble","red-billed leiothrix","u",NA,NA,NA,NA,NA,24
"rwbu","red-whiskered bulbul","u",84,19.7,83,8.9,9.2,26
"rble","red-billed leiothrix","u",57,23.7,67,7.6,10,26
"jawe","Japanese white-eye","u",42,16.9,60,7.6,7.6,11
"jawe","Japanese white-eye","m",44,17.7,59,7.8,7.9,11
"jawe","Japanese white-eye","m",42,17.9,59,8.2,8.5,10
"rble","red-billed leiothrix","u",53,23.9,66,7.8,9.5,23
"rble","red-billed leiothrix","u",58,24.9,70,7.8,8.7,24.5
"rble","red-billed leiothrix","u",51,21.7,68,6.7,9.1,23
"rble","red-billed leiothrix","u",58,24,65,7.9,10,22
"rble","red-billed leiothrix","u",55,23.7,68,7.9,9,21
"rble","red-billed leiothrix","m",56,24.4,68,7.3,8.5,21
"jawe","Japanese white-eye","m",45,17,59,8,8.2,12
"wrsh","white-rumped shama","m",139,25.4,89,10.7,11.4,31
"rwbu","red-whiskered bulbul","u",84,19.3,87,9.2,10.5,26
"rwbu","red-whiskered bulbul","u",89,20.8,82,9,10.5,25
"rble","red-billed leiothrix","u",56,24,68,7.3,9.9,20
"rble","red-billed leiothrix","m",54,24.1,68,7.6,10,21.5
"rble","red-billed leiothrix","u",52,23.8,69,7.7,10.4,22
"rble","red-billed leiothrix","u",53,23.3,65,8,11.3,21.5
"rble","red-billed leiothrix","u",53,24.1,67,6.2,10.4,22
"rble","red-billed leiothrix","u",61,24.2,71,8.4,11.5,23
"rble","red-billed leiothrix","u",53,23.6,68,7.7,10.9,21
"rble","red-billed leiothrix","u",55,23.8,68,6.6,9.7,21
"rble","red-billed leiothrix","u",58,24,67,8,10.7,20.5
"rble","red-billed leiothrix","u",54,23.3,69,8.1,10.9,23
"rble","red-billed leiothrix","u",55,24.3,62,7.2,9,21
"rble","red-billed leiothrix","u",55,23.1,60,9.1,8.7,19
"rwbu","red-whiskered bulbul","u",71,20,77,9,11.8,24
"rwbu","red-whiskered bulbul","u",77,20.5,79,9.1,12.3,27
"jawe","Japanese white-eye","u",41,17.3,59,7.8,9.5,10.5
"jawe","Japanese white-eye","u",44,16.7,61,7.7,8.9,11
"rwbu","red-whiskered bulbul","u",80,19.9,81,9,12.6,25
"rwbu","red-whiskered bulbul","u",81,22.6,86,9.6,12.3,31
"rble","red-billed leiothrix","u",54,23.2,69,7.7,10.2,22
"wrsh","white-rumped shama","m",150,26.2,93,11.1,13,30.5
"rble","red-billed leiothrix","u",61,22.1,65,7.6,9,19
"rble","red-billed leiothrix","u",52,23.6,65,7.4,10.5,20
"rble","red-billed leiothrix","u",61,23.1,65,7.4,9.5,20
"rwbu","red-whiskered bulbul","u",78,18.8,76,8.9,11.4,22
"rwbu","red-whiskered bulbul","u",80,20,80,9.7,12.4,27
"jawe","Japanese white-eye","u",43,17.4,57,8.7,6.4,10
"jawe","Japanese white-eye","u",44,17.4,60,7.2,9.1,10.5
"wrsh","white-rumped shama","m",121,26.4,89,10.4,11.1,38
"rble","red-billed leiothrix","u",54,24.5,69,8,9.4,24
"rble","red-billed leiothrix","u",NA,24.3,69,7.2,8.9,23
"rble","red-billed leiothrix","u",56,25.5,70,7.9,10.8,26
"jawe","Japanese white-eye","u",41,16.9,59,7.9,9.6,11.5
"jawe","Japanese white-eye","u",41,14.5,59,7.9,8.2,11
"wrsh","white-rumped shama","m",NA,26.1,95,12.5,12,25
"wrsh","white-rumped shama","m",134,26.5,89,12.2,13,29
"rble","red-billed leiothrix","u",56,22.9,68,7.8,8.4,21
"rble","red-billed leiothrix","u",59,24.1,70,8.1,11.4,21
"rble","red-billed leiothrix","u",55,23.6,66,6.8,8.9,19
"rble","red-billed leiothrix","u",60,23.8,69,7.8,10.8,25
"rble","red-billed leiothrix","u",54,23.8,69,7.5,8.4,21
"rble","red-billed leiothrix","u",54,23.8,62,7.6,10,21
"rwbu","red-whiskered bulbul","u",78,19.5,82,9,11.1,27
"rwbu","red-whiskered bulbul","u",85,21.5,85,8.5,13,29
"rble","red-billed leiothrix","u",52,23.1,68,8.8,10.6,21
"rble","red-billed leiothrix","u",56,22,65,7.6,8.3,19
"rwbu","red-whiskered bulbul","u",79,19.2,79,8.3,11.1,25
"wrsh","white-rumped shama","f",97,26.3,82,10.2,13.1,28
"rble","red-billed leiothrix","u",57,23,69,7.6,10.2,26
"rble","red-billed leiothrix","u",56,23.9,67,8.4,9.4,20
"rble","red-billed leiothrix","u",54,22.8,68,8.2,10.2,20
"rble","red-billed leiothrix","u",59,24.2,69,7.2,9.7,21
"rble","red-billed leiothrix","u",52,24.8,67,7.4,9,23
"rble","red-billed leiothrix","u",52,24.2,68,8.2,10.7,21
"rble","red-billed leiothrix","u",57,24.3,66,7.2,8.9,22
"rble","red-billed leiothrix","u",56,23.9,70,8.2,10.8,22
"rble","red-billed leiothrix","u",60,24.1,68,7.3,9.8,22
"jawe","Japanese white-eye","u",43,17.6,60,8,8.8,11
"jawe","Japanese white-eye","u",40,18,60,7.5,8.2,9
"jawe","Japanese white-eye","u",40,17,59,7.9,7.7,10
"jawe","Japanese white-eye","u",NA,18.4,60,7.3,7.5,10
"wrsh","white-rumped shama","m",143,27.6,92,11.5,13.9,33
"rble","red-billed leiothrix","u",52,26.4,65,7,10.3,22
"rble","red-billed leiothrix","u",51,25.1,65,7,8.2,21
"rble","red-billed leiothrix","u",55,23.8,68,6.9,8.4,21
"rvbu","red-vented bulbul","u",84,23.7,90,9.9,13,38
"jawe","Japanese white-eye","u",37,17.8,59,8.1,8.2,10
"jawe","Japanese white-eye","u",42,17.6,60,7.9,7,10
"wrsh","white-rumped shama","m",134,25.8,93,11,12.6,26
"rble","red-billed leiothrix","u",55,24.9,68,8.5,10.2,22
"rble","red-billed leiothrix","u",58,23.3,67,7.4,9.4,20.5
"rble","red-billed leiothrix","u",60,25,70,8,10.9,22
"rble","red-billed leiothrix","u",55,23.5,66,7.9,10,21
"wrsh","white-rumped shama","f",54,24.5,84,10.6,12.4,26
"rble","red-billed leiothrix","u",54,22.8,66,7.1,9.7,20
"rble","red-billed leiothrix","u",51,23.5,66,6.8,9.8,19
"rwbu","red-whiskered bulbul","u",75,19.2,79,8.4,10.6,28
"rble","red-billed leiothrix","u",56,24.5,71,8.3,9.7,22
"rble","red-billed leiothrix","u",54,22.7,66,7.7,10.6,21
"rble","red-billed leiothrix","u",54,24.5,67,6.8,9.2,20
"rble","red-billed leiothrix","u",56,24.8,70,8.5,10,18
"rble","red-billed leiothrix","u",56,22.4,69,7.9,9,21
"rble","red-billed leiothrix","u",58,24.2,67,8.2,9.1,22
"rble","red-billed leiothrix","u",55,23.5,66,7.6,9.5,20
"rwbu","red-whiskered bulbul","u",85,19.5,83,9,11.3,23
"rwbu","red-whiskered bulbul","u",68,21.1,79,9.1,11.1,28
"rble","red-billed leiothrix","u",52,24.6,66,8.5,10.2,23
"rble","red-billed leiothrix","u",54,25.4,66,6.9,8.7,10
"rble","red-billed leiothrix","u",53,25.5,66,7.5,10.4,21
"rble","red-billed leiothrix","u",49,24.1,68,6.8,8.4,22
"rble","red-billed leiothrix","u",58,24.1,67,7.3,8.7,22
"rble","red-billed leiothrix","u",53,23,68,7.3,10.5,22
"rble","red-billed leiothrix","u",48,23.6,64,7,10.2,19
"jawe","Japanese white-eye","u",42,18.7,59,8.2,9.3,12
"jawe","Japanese white-eye","u",45,17.8,61,8.1,9.8,10
"jawe","Japanese white-eye","u",42,18,61,8.9,7.8,12
"jawe","Japanese white-eye","u",42,18.2,59,7.8,8.4,9
"jawe","Japanese white-eye","u",41,17.8,57,7.6,8,11
"jawe","Japanese white-eye","u",48,16.8,59,7.9,8.1,9
"jawe","Japanese white-eye","u",41,17,57,7.7,7.4,10
"jawe","Japanese white-eye","u",41,17.6,58,8,8.1,10
"jawe","Japanese white-eye","u",42,18.2,59,7.2,8.9,10
"jawe","Japanese white-eye","u",NA,NA,NA,NA,NA,10
"jawe","Japanese white-eye","u",41,16.6,58,7.5,7.4,11
"jawe","Japanese white-eye","u",44,NA,50,7.7,7.1,10
"wrsh","white-rumped shama","m",130,25.9,91,12.1,13,29.5
"wrsh","white-rumped shama","m",121,25.4,92,12.4,12.5,28
"wrsh","white-rumped shama","m",139,26.2,92,11,11.7,29
"wrsh","white-rumped shama","m",132,27.3,94,11.4,12.2,29
"rble","red-billed leiothrix","u",56,22.5,66,7.6,8.8,21
"wrsh","white-rumped shama","m",131,27.3,91,12.4,10.7,30
"rwbu","red-whiskered bulbul","u",71,21.8,79,9.1,11.3,28
"rwbu","red-whiskered bulbul","u",81,18.7,80,8.6,10.6,27
"jawe","Japanese white-eye","u",39,17.2,61,7.1,7.4,9
"jawe","Japanese white-eye","u",43,18.3,59,8.2,8.5,10.5
"jawe","Japanese white-eye","u",42,18,59,7.6,8.8,10
"jawe","Japanese white-eye","u",40,18,59,7.8,8.3,10.5
"rvbu","red-vented bulbul","u",89,23.4,98,10.1,11.4,44
"rvbu","red-vented bulbul","u",90,22.5,92,11.5,12.7,35
"rwbu","red-whiskered bulbul","u",NA,19.8,81,9.2,10.2,29
"rwbu","red-whiskered bulbul","u",83,20.1,79,8.8,11.3,27
"rble","red-billed leiothrix","u",54,24.3,66,8.2,10.5,21
"rble","red-billed leiothrix","u",53,23.5,65,7.1,10.1,20
"rble","red-billed leiothrix","u",57,24.8,69,6.7,8.1,23
"wrsh","white-rumped shama","m",87,26.8,91,10.8,11.3,31
"rble","red-billed leiothrix","u",NA,NA,NA,NA,NA,22
"rble","red-billed leiothrix","u",56,24,68,8.7,10.2,21
"rble","red-billed leiothrix","u",52,21.6,68,7.6,8.1,11
"rble","red-billed leiothrix","u",54,23.1,67,7.6,9,21
"rble","red-billed leiothrix","u",55,23.6,66,7.4,10.9,21
"rble","red-billed leiothrix","u",55,25,68,8.3,11,21
"rble","red-billed leiothrix","u",53,24,67,7.3,8.9,20
"rble","red-billed leiothrix","u",60,22.9,69,7.8,10.3,22
"rwbu","red-whiskered bulbul","u",83,19.8,84,8.7,10.4,30
"wrsh","white-rumped shama","m",149,25.9,98,11.9,12.8,28
"rble","red-billed leiothrix","u",55,24,69,7.1,9.4,20
"rble","red-billed leiothrix","u",55,24.2,70,8,10.4,20
"rble","red-billed leiothrix","u",53,22.5,66,7.1,9.5,19
"rwbu","red-whiskered bulbul","u",76,20,79,9.2,11.8,23
"rble","red-billed leiothrix","u",56,24.8,70,8,10.8,21
"rble","red-billed leiothrix","u",50,NA,66,7.4,9,22
"jawe","Japanese white-eye","u",42,18.5,60,7.5,8.3,12
"jawe","Japanese white-eye","u",NA,NA,57,8,6.9,9
"wrsh","white-rumped shama","m",148,27.8,96,12.4,11.4,31
"wrsh","white-rumped shama","m",155,26.2,89,10.5,12.7,33
"rble","red-billed leiothrix","u",55,24,67,7.6,10.7,21
"rvbu","red-vented bulbul","u",90.5,25,99,11.6,13.6,38.5
"rble","red-billed leiothrix","u",55,23.1,69,7.3,8.7,21
"rble","red-billed leiothrix","u",56,24,66,7.4,10.1,22
"rble","red-billed leiothrix","u",50,22.5,64,7.2,9.5,20
"rble","red-billed leiothrix","u",56,24.5,68,8.1,8.3,22
"jawe","Japanese white-eye","u",40,18.8,61,8.4,9.7,10
"wrsh","white-rumped shama","f",121,23.2,88,9.8,12.8,27
"wrsh","white-rumped shama","m",133,26.1,93,11,12.4,39
"jawe","Japanese white-eye","u",42,17.4,59,8.1,9.9,11
"jawe","Japanese white-eye","u",43,17.9,58,7.8,9,10.5
"jawe","Japanese white-eye","u",40.5,18.5,57,8.2,7.9,9.5
"rble","red-billed leiothrix","u",50.5,23.5,67,7.5,9.7,20.5
"wrsh","white-rumped shama","m",141,26.8,94,12.1,11.7,32
"jawe","Japanese white-eye","u",43,16,58.5,7,8.6,10
"jawe","Japanese white-eye","u",42,18.5,59,9,8.4,10
"rble","red-billed leiothrix","u",52,24.8,59,7.5,8.9,22
"rble","red-billed leiothrix","u",56,24,65,7.4,8.5,22
"rble","red-billed leiothrix","m",57,24.4,68,8.4,10.1,22
"rble","red-billed leiothrix","u",53,22.2,67,7.3,10.3,20
"rble","red-billed leiothrix","u",56,22.4,69,7.1,8.3,21
"jawe","Japanese white-eye","u",41,18.4,58,8.1,9,11
"rble","red-billed leiothrix","u",NA,NA,NA,NA,NA,22
"rble","red-billed leiothrix","u",56,23.6,66,7.6,8.7,21
"rble","red-billed leiothrix","u",55,24.1,68,7.6,10.3,22
"wrsh","white-rumped shama","m",137,25.8,89,11.4,12.9,30
"jawe","Japanese white-eye","u",40,17.6,59,7.5,7.9,11
"jawe","Japanese white-eye","u",35,18.8,60,7.5,7.5,11
"rble","red-billed leiothrix","u",57,23.4,78,7.3,8.5,19
"rble","red-billed leiothrix","u",52,21.9,66,7.2,9.9,22.5
"rble","red-billed leiothrix","u",59,23.4,71,7.2,10.1,22
"rble","red-billed leiothrix","u",56,23,70,8.4,9.9,19
"rwbu","red-whiskered bulbul","u",86,21.1,83,9.7,11.4,31
"rble","red-billed leiothrix","u",59,25.8,70,7.9,8.5,23
"rble","red-billed leiothrix","u",61,24.1,70,7.9,10.4,24
"rble","red-billed leiothrix","u",54,24.4,68,8.4,10.6,21
"jawe","Japanese white-eye","u",39,18,58,7.4,8.1,10
"jawe","Japanese white-eye","u",36,17,57,8.1,8,10
"jawe","Japanese white-eye","u",43,17.7,58,NA,8.4,9
"jawe","Japanese white-eye","u",44,17.4,59,7.6,8.8,11
"rwbu","red-whiskered bulbul","u",NA,NA,NA,NA,NA,33
"rwbu","red-whiskered bulbul","u",80,20,84,9.2,12,29
"rble","red-billed leiothrix","u",57,23.9,68,7.4,10.3,20
"rble","red-billed leiothrix","u",54,23.3,69,6.6,9.5,22
"rwbu","red-whiskered bulbul","u",82,21.4,84,10,11.8,NA
"rble","red-billed leiothrix","u",58,23.6,71,8.1,10.6,22
"rble","red-billed leiothrix","u",53,25.6,69,7.9,8.9,20
"rble","red-billed leiothrix","u",57,23.9,67,7.9,11.1,23
"rwbu","red-whiskered bulbul","u",81,21.5,78,8.6,9.4,29
"jawe","Japanese white-eye","u",41,18.3,59,8.2,8.2,10
"jawe","Japanese white-eye","u",45,18.3,61,7.3,7.7,11.5
"jawe","Japanese white-eye","u",39,17.7,58,8.1,7.7,11
"rble","red-billed leiothrix","u",52,24.2,69,8.1,9.6,20
"rwbu","red-whiskered bulbul","u",76,19.9,88,8.8,9.1,33
"rble","red-billed leiothrix","u",50,19.5,64,7.8,8.3,16
"rble","red-billed leiothrix","u",50,23.3,66,7.4,8.7,20
"rble","red-billed leiothrix","u",52,23.4,67,7.4,9.1,22.5
"wrsh","white-rumped shama","f",90,24.7,82,11.9,11.6,26
"rble","red-billed leiothrix","u",52,22.2,70,7.1,8.7,20.5
"rble","red-billed leiothrix","u",55,23.9,68,8.3,8.1,24.5
"wrsh","white-rumped shama","m",126,26.7,90,10.5,12,30
"wrsh","white-rumped shama","m",108,NA,85,10.8,11,29
"rble","red-billed leiothrix","u",51,23.6,68,7.8,8.4,21.5
"rwbu","red-whiskered bulbul","u",72,19.4,74,8.5,10,24
"rble","red-billed leiothrix","u",58,23.1,69,7,8.2,22
"rble","red-billed leiothrix","u",55,22.1,69,7.7,9,19.5
"rwbu","red-whiskered bulbul","u",72,20.2,77,8.5,9.5,24.5
"rble","red-billed leiothrix","u",51,25.1,69,7.2,8.8,19
"jawe","Japanese white-eye","u",40,17.1,55,7.6,6.5,9
"rble","red-billed leiothrix","u",54,23.4,76,7.4,8.8,20
"rble","red-billed leiothrix","u",59,24.5,71,7.5,10.6,21
"rwbu","red-whiskered bulbul","u",64,21.5,79,9.3,9.6,22
"rwbu","red-whiskered bulbul","u",80,19,82,9.4,11.1,25
"wrsh","white-rumped shama","m",149,24.2,93,11.5,10.9,30.5
"rble","red-billed leiothrix","u",56,23.2,66,7,9.7,20
"rble","red-billed leiothrix","u",59,23.6,67,7.3,8.8,22
"rble","red-billed leiothrix","u",55,22.7,70,7.5,8.9,22
"rble","red-billed leiothrix","u",54,24.1,67,7,9.2,22
"wrsh","white-rumped shama","m",135,25.2,91,11.3,11.4,28
"jawe","Japanese white-eye","u",44,17.5,58,7.4,8.3,10
"jawe","Japanese white-eye","u",44,18.2,60,8.1,7.7,13
"jawe","Japanese white-eye","u",32,18.5,59,7.5,7.9,7.5
"jawe","Japanese white-eye","u",40,17.4,58,8.2,8.8,10.5
"rwbu","red-whiskered bulbul","u",84,21.3,83.5,8.6,11.6,26.5
"rble","red-billed leiothrix","u",55,23.4,70,7.5,9.3,19
"rble","red-billed leiothrix","u",56,22.6,67,7.5,10.5,20
"rble","red-billed leiothrix","m",57,23.4,71,7.8,11.6,20.5
"rble","red-billed leiothrix","m",57,25.4,69,7.7,9.5,22
"rble","red-billed leiothrix","m",55,24.7,71,8.2,10.2,22
"jawe","Japanese white-eye","u",40,17.1,60,8.4,7.3,9
"rble","red-billed leiothrix","u",54,20.3,65,7.9,8.7,18.5
"wrsh","white-rumped shama","f",110,24.8,89,9.6,10.8,22
"wrsh","white-rumped shama","f",93,24.5,84,10.2,10.5,28
"rble","red-billed leiothrix","u",52,22.9,63,7,7.4,20
"rble","red-billed leiothrix","u",54,24.1,67,7.1,9,20.5
"rwbu","red-whiskered bulbul","u",73,18.4,74,8.4,10.6,21.5
"rwbu","red-whiskered bulbul","u",76,20.3,85,9.6,12.2,20
"rwbu","red-whiskered bulbul","u",78,20.4,81,8.7,11.4,26
"rble","red-billed leiothrix","u",57,24.2,65,7.5,8.7,19.5
"jawe","Japanese white-eye","u",40,17.9,57,7.1,7.7,10
"jawe","Japanese white-eye","u",38,17.2,57,6.5,7.3,10
"jawe","Japanese white-eye","u",40,17.2,58,7.5,7.1,10
"rble","red-billed leiothrix","u",54.5,23.1,66,7.9,10.1,20
"rble","red-billed leiothrix","u",54,24.2,64,7.5,10.1,19.5
"rble","red-billed leiothrix","u",57,23.5,69,7.3,9.5,21
"rble","red-billed leiothrix","u",59,23.8,70,7.9,8,20
"rble","red-billed leiothrix","u",54,22.3,63,7,8.5,19
"wrsh","white-rumped shama","m",148,25.6,93,10.8,12,31.5
"jawe","Japanese white-eye","u",45,17.9,59,7.6,8.3,10
"rble","red-billed leiothrix","u",57,23.2,66,7.6,9.9,19.5
"rble","red-billed leiothrix","u",57,25,69,8.2,8.4,21
"rble","red-billed leiothrix","u",55,24,68,7.5,8.8,21.5
"jawe","Japanese white-eye","u",41,17.2,58,7.6,6.6,10
"wrsh","white-rumped shama","m",139,25.9,92,11.3,12.8,32
"wrsh","white-rumped shama","f",111,25.5,85,11.6,13.6,28
"rble","red-billed leiothrix","u",55,20.4,68,8.3,10.4,20
"rble","red-billed leiothrix","u",58,24.4,69,8,10.6,22
"jawe","Japanese white-eye","m",42.5,17.3,59,8.3,7.3,10.4
"wrsh","white-rumped shama","f",104,23.8,87,11.1,13.9,28
"rble","red-billed leiothrix","u",56,24.2,68,8.1,8.9,22
"jawe","Japanese white-eye","f",NA,NA,NA,NA,NA,11
"wrsh","white-rumped shama","m",133,26.4,94,12.5,15.5,32
"wrsh","white-rumped shama","f",106,24.8,87,9.2,10,25
"rble","red-billed leiothrix","u",52,24.1,67,8.4,10.5,22
"rble","red-billed leiothrix","u",50,23.6,64,7.6,9,21
"rble","red-billed leiothrix","u",53,23.4,64,8.2,9,18
"rble","red-billed leiothrix","u",56,24.5,68,8,9.7,21
"jawe","Japanese white-eye","u",41,18.4,59,7.3,9,13
"wrsh","white-rumped shama","m",149,26.1,96,12,13.2,34
"rwbu","red-whiskered bulbul","u",76,20.6,79,9.4,10.2,26
"rble","red-billed leiothrix","u",53,22.7,64,7.5,8.3,20
"wrsh","white-rumped shama","m",139,25.4,94,10.8,11.5,32
"rble","red-billed leiothrix","u",56,24.4,67,7.7,9.2,21
"jawe","Japanese white-eye","m",42,18.1,60,7.1,7.9,10
"jawe","Japanese white-eye","u",41,17.7,56,7.3,7.2,11
"jawe","Japanese white-eye","u",41,18.2,61,7.2,6.7,14
"jawe","Japanese white-eye","u",40,18.1,59,7.8,7.3,11
"rble","red-billed leiothrix","u",55,23.2,66,7,9.6,22.5
"jawe","Japanese white-eye","m",42,17.2,59,7.9,6.8,12
"wrsh","white-rumped shama","m",132,26.5,93,12,10.1,32
"jawe","Japanese white-eye","m",43,16.5,60,7.8,7.2,9.5
"wrsh","white-rumped shama","m",136,25.3,96,11,11.3,30
"rble","red-billed leiothrix","u",NA,NA,NA,NA,NA,21.5
"rble","red-billed leiothrix","u",56,24.9,67,7.4,9,20
"jawe","Japanese white-eye","u",42,18,59,8,8.6,11
"rble","red-billed leiothrix","u",55,24.2,64,7,8.2,22
"rble","red-billed leiothrix","u",57,23.4,69,8.6,9.8,21
"wrsh","white-rumped shama","u",114,25.4,87,10.7,13.2,29
"rble","red-billed leiothrix","u",50,23.4,66,7.6,9.7,23
"rble","red-billed leiothrix","u",48,23.5,68,7.7,8.2,21
"rble","red-billed leiothrix","u",54,24.5,68,6.8,8.2,20
"jawe","Japanese white-eye","u",42,15.6,59,7.3,7.6,11
"jawe","Japanese white-eye","m",42,17.6,60,7.6,7.3,10.5
"rwbu","red-whiskered bulbul","u",81,20.2,85,8.8,10.3,27
"rble","red-billed leiothrix","u",54,24.1,66,7.3,9.9,18
"rble","red-billed leiothrix","u",53,23.1,67,7.5,10.6,19
"jawe","Japanese white-eye","m",41,17.9,61,7.8,7.9,11
"jawe","Japanese white-eye","m",42,18.1,59,8.4,8,10
"jawe","Japanese white-eye","u",41,17.9,57,8.3,8.8,11
"wrsh","white-rumped shama","f",109,25.6,81,11.1,13.2,26
"rble","red-billed leiothrix","u",51,24.3,66,7.1,10.3,22
"rble","red-billed leiothrix","u",52,23.1,66,7,9.6,21
"rble","red-billed leiothrix","u",56,24.3,68,8.8,9.9,22
"rble","red-billed leiothrix","m",53,22.2,65.5,7.8,9.7,20
"rble","red-billed leiothrix","u",54,23.6,66,7.3,10.1,20
"rble","red-billed leiothrix","u",57.5,25.3,69.5,NA,NA,22
"rble","red-billed leiothrix","u",53.5,NA,66,NA,NA,19.5
"jawe","Japanese white-eye","m",43,17.7,58,7.4,7.9,9.5
"jawe","Japanese white-eye","m",46,17.8,58,8.2,8.5,9.5
"wrsh","white-rumped shama","m",138,26.1,92,10.9,12.4,33
"rble","red-billed leiothrix","u",56,20.3,67,7.6,10.1,17
"rble","red-billed leiothrix","u",55,23.8,68,7.7,9,18
"rble","red-billed leiothrix","u",57,23.2,68,7.7,9,14
"rble","red-billed leiothrix","u",60,21.4,71,7.9,8.7,17.5
"rble","red-billed leiothrix","u",56,24.5,68,7.4,9.7,18
"rble","red-billed leiothrix","u",58,24.2,69,8.2,8.9,18
"rble","red-billed leiothrix","u",52,23.2,64,7.4,9,17
"wrsh","white-rumped shama","m",135,25.4,91,10.8,11.4,31
"wrsh","white-rumped shama","f",102,25.4,84,10.3,11.5,26
"jawe","Japanese white-eye","u",40,17.7,59,8,7.1,8
"jawe","Japanese white-eye","u",41,17,60,7.6,7.6,10
"wrsh","white-rumped shama","m",149,25.2,95,10.9,11.4,32
"jawe","Japanese white-eye","u",40,17.7,58,7.4,8.2,11
"jawe","Japanese white-eye","u",42,17.5,59,7.9,7.6,12
"wrsh","white-rumped shama","m",150,26.2,90,11.3,11,35
"wrsh","white-rumped shama","m",137,24.2,90,11,12.5,25
"jawe","Japanese white-eye","u",41,18,61,6.7,7.6,11
"rble","red-billed leiothrix","m",54,24,68,8.3,10,22
"jawe","Japanese white-eye","m",40.5,16.5,57.5,7.9,8,10.5
"rble","red-billed leiothrix","u",55,24.2,71,8.1,9.9,20
"rble","red-billed leiothrix","u",55,23.5,68,7.9,9.4,21
"jawe","Japanese white-eye","u",NA,NA,NA,NA,NA,11
"jawe","Japanese white-eye","u",39.5,17.7,57,7.9,8.4,10.5
"jawe","Japanese white-eye","u",43,16.4,60,7.5,8.7,10
"rwbu","red-whiskered bulbul","u",79,18.5,79,9,10.8,23
"rble","red-billed leiothrix","u",56,23.4,68,8,9.2,22
"rble","red-billed leiothrix","u",56,22.5,66,6.5,9.7,18.5
"rble","red-billed leiothrix","u",55,23.2,66,8,8.8,20
"rble","red-billed leiothrix","u",57,22.8,69,7.5,8.1,19
"rble","red-billed leiothrix","u",56,24.4,70,8,9.8,23
"rble","red-billed leiothrix","u",56,22.5,66,6.5,9.3,21
"rble","red-billed leiothrix","u",57,23.2,67,7.9,9.3,21
"rble","red-billed leiothrix","u",57,22.6,66,7.9,9.8,19
"rwbu","red-whiskered bulbul","u",77,17.7,77,8.6,11.5,24
"rble","red-billed leiothrix","u",53,23.2,66,7.1,9,21
"rble","red-billed leiothrix","u",58,24.3,73,8.3,9.6,24
"rwbu","red-whiskered bulbul","u",81,19.2,83,8.6,10.1,28
"jawe","Japanese white-eye","u",53,17.2,57,8.2,6.9,10
"jawe","Japanese white-eye","u",40,17.6,56,7.2,7.5,10
"jawe","Japanese white-eye","u",40,17.1,56,7.7,8,11
"jawe","Japanese white-eye","u",40,17.1,57,8.1,8.7,11
"jawe","Japanese white-eye","u",41,18,59,7.8,8.5,10
"jawe","Japanese white-eye","u",44,17.3,60,8.1,7.1,12
"jawe","Japanese white-eye","u",40,17.5,59,8.1,6.2,10
"rwbu","red-whiskered bulbul","u",75,20.8,78,10.5,10.1,25
"rvbu","red-vented bulbul","u",97,23.3,98,9.9,13.9,37
"rble","red-billed leiothrix","u",60,23.4,71,8.1,9,21
"rble","red-billed leiothrix","u",56,23.6,68,7.8,10.3,20
"rble","red-billed leiothrix","u",55,24.5,66,8.3,8.5,21
"rble","red-billed leiothrix","u",62,23.6,NA,7.1,8.4,21
"rble","red-billed leiothrix","u",55,23.4,69,9.3,9.9,23
"rble","red-billed leiothrix","u",53,23.3,64,8.3,8.5,20
"rble","red-billed leiothrix","u",52,23.2,66,8.2,9,19
"rble","red-billed leiothrix","u",55,23.2,66,7.7,9.2,20
"jawe","Japanese white-eye","u",39,17.9,56,7.6,8.1,13
"jawe","Japanese white-eye","u",41,17.5,59,7.7,8.6,10
"jawe","Japanese white-eye","u",40,16.4,56,7.5,7,10
"jawe","Japanese white-eye","u",41,17.8,59,8.7,7.1,11
"jawe","Japanese white-eye","u",39,18.4,58,7.8,7.5,11
"jawe","Japanese white-eye","u",41,16.3,57,7.2,7.1,10
"jawe","Japanese white-eye","u",34,17.1,62,8.2,7.1,11
"jawe","Japanese white-eye","u",41,17.5,58,7.8,8.5,13
"jawe","Japanese white-eye","u",45,17.3,60,7.9,7.9,9
"rble","red-billed leiothrix","u",NA,NA,NA,NA,NA,20
"rble","red-billed leiothrix","u",NA,NA,NA,NA,NA,22
"jawe","Japanese white-eye","u",41,18.4,54,7.3,8.2,NA
"jawe","Japanese white-eye","m",43,17,60,7.5,8,8
"rwbu","red-whiskered bulbul","f",NA,NA,NA,NA,NA,27
"rwbu","red-whiskered bulbul","u",78.5,18.3,79,8.3,10.5,23
"rble","red-billed leiothrix","u",53.5,24.2,63.5,7.8,10,18.5
"wrsh","white-rumped shama","f",103,25.3,84,10.9,13.4,28
"rble","red-billed leiothrix","u",55,24.9,67,7.2,9.7,21.5
"rwbu","red-whiskered bulbul","u",76,21.7,82,8.1,10.4,25.5
"jawe","Japanese white-eye","m",42,17.7,59,7.4,6.3,11
"jawe","Japanese white-eye","u",41,17.6,60,7.7,7,9.5
"jawe","Japanese white-eye","m",42,17.1,60,7.8,6.8,10.5
"jawe","Japanese white-eye","m",42,17.6,61,8,7.4,10
"jawe","Japanese white-eye","u",42,16.4,57,7.8,8.1,13
"wrsh","white-rumped shama","m",138,25.9,94,11.1,12.2,34.5
"rble","red-billed leiothrix","u",55,23.9,67,7.9,9.7,22
"jawe","Japanese white-eye","u",41.5,17.8,60,8.4,7.4,11
"wrsh","white-rumped shama","m",143,26.3,93,11.3,12.9,33
"wrsh","white-rumped shama","f",119,25.9,86,10.7,12.1,26
"rble","red-billed leiothrix","u",52,25.4,66,NA,10.4,22
"jawe","Japanese white-eye","u",39,17.1,57,8,8.3,11
"jawe","Japanese white-eye","m",40.5,17.7,60,7.8,7.8,12
"jawe","Japanese white-eye","u",40,17.6,58.5,8.4,8.7,11
"jawe","Japanese white-eye","u",40,17.4,58,8.2,8.3,12
"rwbu","red-whiskered bulbul","u",75,20.6,79,9.6,12.3,28
"jawe","Japanese white-eye","u",41,18.4,58,7.1,7.9,10
"jawe","Japanese white-eye","u",41,17.2,58,7.7,7.9,8
"jawe","Japanese white-eye","u",41,18.1,59,8.1,8.1,10
"jawe","Japanese white-eye","u",44,17.4,61,9,6.8,10.5
"rble","red-billed leiothrix","u",59,23.6,74,8.8,10.1,20
"rble","red-billed leiothrix","u",56,24.1,69,8.1,10.2,22.5
"rble","red-billed leiothrix","u",56.5,24.4,68,7.5,9.3,20
"wrsh","white-rumped shama","m",140,27.3,92,12.2,13.6,29
"rble","red-billed leiothrix","u",54,25.1,69,8.9,8.9,20
"wrsh","white-rumped shama","f",91,25,84,10.6,14.1,27
"rble","red-billed leiothrix","u",51.5,21.1,66,8.2,9.9,17
"wrsh","white-rumped shama","m",141,27.4,90,12.2,12.4,31.5
"wrsh","white-rumped shama","m",141,24.6,92,11.1,8.7,30
"wrsh","white-rumped shama","m",149,25.9,89,13.5,12.3,32
"jawe","Japanese white-eye","u",43,17.1,61,7.4,7.6,9
"jawe","Japanese white-eye","m",41,18.3,57,8.1,7.9,10
"jawe","Japanese white-eye","u",41,16.6,54,7.9,7.8,10
"jawe","Japanese white-eye","u",40,17.6,59,7.7,NA,9
"jawe","Japanese white-eye","m",40,17.7,56,7.7,8.5,11
"rble","red-billed leiothrix","u",54,23.8,68,8.3,8.4,21
"rble","red-billed leiothrix","u",54,24.2,65,7.9,10.1,17
"rble","red-billed leiothrix","u",59,24.3,72,8.1,9,20
"rble","red-billed leiothrix","u",58,22.9,70,7.8,10,21
"rble","red-billed leiothrix","u",53,22.2,70,6.9,10.1,18.5
"rble","red-billed leiothrix","u",NA,NA,NA,NA,NA,21.5
"rble","red-billed leiothrix","u",55,23.6,68,7.9,8.8,19
"rble","red-billed leiothrix","u",60,23.4,63,7.3,10.1,20
"rble","red-billed leiothrix","u",56,24.3,73,8.2,9.9,19
"rble","red-billed leiothrix","u",58,21.8,68,8.3,10,21.5
"rble","red-billed leiothrix","u",58,23.9,64,8.1,9.2,18.5
"rble","red-billed leiothrix","m",66,24.2,59,8.3,8.7,18.5
"rble","red-billed leiothrix","u",55,23.8,69,7.6,10,20
"rble","red-billed leiothrix","u",58,20.5,73,7.9,9.7,18
"rble","red-billed leiothrix","u",57,22.5,62,NA,NA,19.5
"rble","red-billed leiothrix","m",58,24.7,69,NA,NA,20.5
"rble","red-billed leiothrix","u",55,22.1,66,NA,NA,17
"jawe","Japanese white-eye","m",41,16.4,59,7.1,7,9
"jawe","Japanese white-eye","u",42,16.5,57,7.7,7.1,10
"rwbu","red-whiskered bulbul","u",NA,20.1,NA,9.5,11,28
"rble","red-billed leiothrix","u",NA,23.8,NA,9.1,8.3,20
"rble","red-billed leiothrix","u",NA,23.6,NA,8.2,8.4,16
"rble","red-billed leiothrix","u",NA,NA,NA,NA,NA,21
"wrsh","white-rumped shama","m",144,24.6,93,9.8,12,31
"rble","red-billed leiothrix","u",53,24.1,65,8,10.4,23
"rwbu","red-whiskered bulbul","f",74,20.1,79,NA,NA,25
"jawe","Japanese white-eye","m",42,17.6,59,8.6,7.8,11
"rble","red-billed leiothrix","u",52,23.6,69,8.2,10.4,18.5
"rble","red-billed leiothrix","u",55,23.9,68,8.3,10.4,18.5
"jawe","Japanese white-eye","u",41,18.4,60,7.8,7.7,11.5
"jawe","Japanese white-eye","u",42,18.1,51,8.2,7.9,12
"jawe","Japanese white-eye","u",43,16.8,50.5,6.9,8.9,11
"wrsh","white-rumped shama","m",142,26.5,93,12.1,13.9,33
"rwbu","red-whiskered bulbul","m",81,21.3,81,9.6,13.1,26.5
"rble","red-billed leiothrix","u",52,24,66,8.3,10,18
"rble","red-billed leiothrix","u",53,23.5,66.5,7.6,9.8,21.5
"rble","red-billed leiothrix","u",49,23.4,64,7.3,8.9,20
"rble","red-billed leiothrix","u",61,24.1,67,7.9,10.2,21
"wrsh","white-rumped shama","u",110,23.7,83,NA,NA,26
"rble","red-billed leiothrix","u",51,23.9,60,7,9.6,20
"wrsh","white-rumped shama","f",109,25.2,84,10.7,11.6,32.5
"rble","red-billed leiothrix","u",54,24.2,65,7.6,8.3,19
"rble","red-billed leiothrix","u",62,23.1,69,7.9,9.4,19
"jawe","Japanese white-eye","u",41,18,49,7.2,6.7,12
"jawe","Japanese white-eye","u",41,17.9,59,7.4,7,12
"rvbu","red-vented bulbul","u",94,23.6,101,11.5,13.4,39
"rble","red-billed leiothrix","m",58,25.2,70,8.4,9.7,21
"rble","red-billed leiothrix","u",54,23.2,67,8.1,9,20.5
"rble","red-billed leiothrix","m",55,23.4,68,8.2,10.3,22
"rwbu","red-whiskered bulbul","u",78,21,79,9.9,10.1,25.5
"rble","red-billed leiothrix","u",52,24.2,65,8.1,10.5,20.5
"jawe","Japanese white-eye","u",41,17.9,59,8.3,8.2,8.5
"jawe","Japanese white-eye","m",40,16.7,59,7.9,7.8,11
"rwbu","red-whiskered bulbul","f",NA,NA,NA,NA,NA,34
"rble","red-billed leiothrix","u",56,24.3,66,7.9,9.4,20.5
"wrsh","white-rumped shama","f",101,25,85,10.1,11.5,26
"rble","red-billed leiothrix","m",55,23.1,70,8.5,10.2,22
"rble","red-billed leiothrix","m",56,23.5,69,8.5,9.3,20
"rble","red-billed leiothrix","u",55,23.2,64,6.9,9.7,21
"jawe","Japanese white-eye","m",43,16.5,61,7.9,7.7,12
"wrsh","white-rumped shama","f",119,24.2,85,10.7,11.6,29
"rwbu","red-whiskered bulbul","u",72,18,72,8.9,11.6,22
"rble","red-billed leiothrix","u",55,24.1,69,6.5,8,22.5
"rble","red-billed leiothrix","m",49,25.2,67,8.1,8.2,19.5
"rble","red-billed leiothrix","u",54,23.8,67,8.9,8.8,20
"rble","red-billed leiothrix","f",55.5,22.6,67,7.5,10,23
"jawe","Japanese white-eye","u",38,17.2,57,7.5,7.8,11
"jawe","Japanese white-eye","m",40,17.6,59,7.4,7.4,10
"jawe","Japanese white-eye","u",41,17,57,7.7,7,12.5
"jawe","Japanese white-eye","u",43,16.9,57,7.4,7.2,10
"rble","red-billed leiothrix","u",53,24.7,65,7.5,10.3,21
"rble","red-billed leiothrix","u",54,24.5,68,8.3,8.8,22
"jawe","Japanese white-eye","u",42,15.9,57,7.5,6.5,13
"jawe","Japanese white-eye","m",43,17.5,68,7.7,8.5,10
"jawe","Japanese white-eye","m",41,17,57,7.8,6.9,9
"jawe","Japanese white-eye","u",44,18.1,61,7.9,7.2,11
"rwbu","red-whiskered bulbul","u",77,21.2,76,9.1,10.1,25.5
"rwbu","red-whiskered bulbul","u",NA,20.3,80,9.5,9.7,25
"rble","red-billed leiothrix","u",50,22.9,65,7.7,8.9,19
"rble","red-billed leiothrix","u",NA,24.5,65,8,8.9,22
"rble","red-billed leiothrix","u",55,24.4,65,7.8,9,22
"rble","red-billed leiothrix","m",54,NA,63,NA,NA,18.5
"rble","red-billed leiothrix","u",51,NA,64,NA,NA,21
"rble","red-billed leiothrix","u",56,NA,75,NA,NA,21
"jawe","Japanese white-eye","u",40,17.8,56,7.2,7,8
"jawe","Japanese white-eye","u",38,17.3,52,7.5,6.6,10
"jawe","Japanese white-eye","u",38,17.8,54,7,7,10
"jawe","Japanese white-eye","u",37,18,54,7.4,6.9,10.5
"jawe","Japanese white-eye","u",37,17,54,7.3,6.8,11
"jawe","Japanese white-eye","u",39,NA,57,NA,NA,12
"jawe","Japanese white-eye","u",36,NA,54,NA,NA,10.5
"rble","red-billed leiothrix","u",59,23.8,70,8.1,8.5,19
"rble","red-billed leiothrix","u",55,23.7,69,9.4,8.1,21
"rble","red-billed leiothrix","m",58,23.6,69,7.9,9.8,22
"rble","red-billed leiothrix","u",56,23.9,70.5,8.5,10.1,21.5
"rble","red-billed leiothrix","u",51,24.1,65,8.4,10.6,20.5
"jawe","Japanese white-eye","u",NA,NA,NA,NA,NA,10
"wrsh","white-rumped shama","f",109,24.9,89,10.3,12.1,31
"jawe","Japanese white-eye","u",39,17.2,56,8.2,8.2,10
"jawe","Japanese white-eye","u",NA,NA,NA,NA,NA,11
"jawe","Japanese white-eye","u",NA,16.5,59,NA,NA,10
"jawe","Japanese white-eye","m",43,16.8,59,NA,NA,11
"rble","red-billed leiothrix","f",51,23.7,66,7.4,10,16
"rble","red-billed leiothrix","u",58,24.3,71,8.5,10.5,23
"rble","red-billed leiothrix","u",51.5,24,62.5,7.4,9.3,19
"jawe","Japanese white-eye","m",42,18.8,61,7.7,NA,11
"jawe","Japanese white-eye","m",40,17.3,57,8.1,NA,9
"jawe","Japanese white-eye","u",40,17.6,56,NA,NA,10
"jawe","Japanese white-eye","u",40,19.2,58,NA,NA,11
"wrsh","white-rumped shama","f",97.5,24.1,NA,9.8,13.4,23
"rwbu","red-whiskered bulbul","u",70,19.3,NA,8.7,11.3,24
"rble","red-billed leiothrix","u",52.5,24,NA,7.9,10.2,22
"jawe","Japanese white-eye","u",35,17.2,NA,7.9,8.8,10.5
"rwbu","red-whiskered bulbul","u",86,19.1,84,9.3,12.3,25.5
"wrsh","white-rumped shama","m",106,25.8,81,10.4,12.2,30
"rble","red-billed leiothrix","u",56,23.4,63,8.5,10.5,20
"wrsh","white-rumped shama","m",140,26.8,95.5,11,12.6,33
"jawe","Japanese white-eye","m",NA,NA,NA,NA,NA,10
"rble","red-billed leiothrix","f",56,22.9,64,6.7,11.6,21
"rble","red-billed leiothrix","u",54,22.6,60,8.5,9.9,21
"jawe","Japanese white-eye","m",43,17.2,58,7.3,8.3,12
"rwbu","red-whiskered bulbul","u",84.5,18.5,84,9.1,12.8,23
"rble","red-billed leiothrix","u",53,22.5,66,8.1,9.7,21
"rble","red-billed leiothrix","u",54,23.3,65,7.3,8.7,20
"rble","red-billed leiothrix","u",57,24.4,67.5,8.5,11.1,21
"rble","red-billed leiothrix","u",56,23.3,65,8.7,8.4,19
"rwbu","red-whiskered bulbul","u",80,20.7,79,9.1,11,26
"jawe","Japanese white-eye","u",39,18.1,68,7.1,7.5,11
"jawe","Japanese white-eye","m",41,18,57,7.7,7.7,11
"jawe","Japanese white-eye","u",43,17.8,58,8.3,7.4,11
"jawe","Japanese white-eye","u",43,17.9,61.5,7.1,7.6,11
"rwbu","red-whiskered bulbul","u",79,20.4,82,8.7,12.1,30
"rwbu","red-whiskered bulbul","u",76,20.3,78,8.3,11,25.5
"jawe","Japanese white-eye","m",43,18.4,60,7.6,7.3,11
"rble","red-billed leiothrix","u",53,24.6,63,7.8,8.9,21
"wrsh","white-rumped shama","m",139,25.8,91,11.7,12.5,30
"jawe","Japanese white-eye","m",42,17.2,58,7.6,8.7,15
"wrsh","white-rumped shama","m",157,26.1,95,11,12.6,32
"rwbu","red-whiskered bulbul","f",73,19.8,78,9.1,7.9,25
"rwbu","red-whiskered bulbul","f",71,20.5,75,9.1,10.2,26
"rwbu","red-whiskered bulbul","u",84,19.2,83,8.1,10.7,25
"rble","red-billed leiothrix","u",58,23.8,71,8.5,9.9,22
"rble","red-billed leiothrix","u",56,24,69,7.9,7.8,29
"rble","red-billed leiothrix","u",57,22.8,69,7.8,8.1,19
"rble","red-billed leiothrix","u",NA,22.8,70,7.6,8.6,19
"rble","red-billed leiothrix","u",56,23.8,66,NA,NA,21
"rwbu","red-whiskered bulbul","u",75,20.1,77,9.4,10,22
"rble","red-billed leiothrix","f",52,NA,67,NA,NA,22
"rble","red-billed leiothrix","m",60,23.1,70,NA,NA,21
"rble","red-billed leiothrix","u",57,23.2,66,NA,NA,19
"rble","red-billed leiothrix","u",57,22.9,68,NA,NA,21
"rble","red-billed leiothrix","u",56,23.1,69,NA,NA,23.5
"jawe","Japanese white-eye","m",39,15.9,55.5,7.1,7.4,9
"jawe","Japanese white-eye","u",40,17.7,58,7.5,7.4,10
"jawe","Japanese white-eye","u",41,17.5,57,8.5,8,10
"jawe","Japanese white-eye","u",41,17.2,56,7.5,7.7,10
"jawe","Japanese white-eye","u",39,NA,57,NA,NA,10
"rble","red-billed leiothrix","u",NA,NA,NA,NA,NA,19
"rwbu","red-whiskered bulbul","m",81,23.1,83,8.9,12.4,29
"rwbu","red-whiskered bulbul","m",79,20.1,83,8.2,10.8,28
"rwbu","red-whiskered bulbul","u",81,20.5,80,9,11.1,23
"rble","red-billed leiothrix","u",58,24,68,8,8.9,22
"rble","red-billed leiothrix","m",57,24.2,67,7.8,9.1,22
"rble","red-billed leiothrix","u",55,23.9,68,7.1,8.4,20
"rble","red-billed leiothrix","m",57,25.2,70,8.3,9.8,22
"rble","red-billed leiothrix","u",59,NA,68,NA,NA,11.5
"rble","red-billed leiothrix","u",55,23.4,65,NA,NA,19
"rble","red-billed leiothrix","u",54,22.9,67.5,NA,NA,22
"rwbu","red-whiskered bulbul","u",73,19.5,80,8.4,9.4,28
"rwbu","red-whiskered bulbul","u",75,20.2,78,8.7,10.5,26
"jawe","Japanese white-eye","u",42,17.5,59,7.7,7.8,9
"jawe","Japanese white-eye","u",42,17.9,57,7.6,7.6,11
"jawe","Japanese white-eye","u",42,16.2,59,7.3,5.2,10
"jawe","Japanese white-eye","u",39,16.9,57,7.7,7.1,11
"jawe","Japanese white-eye","u",41,18.2,59,NA,NA,10
"jawe","Japanese white-eye","u",40,17.2,56,7.2,7.5,11
"rble","red-billed leiothrix","u",NA,NA,NA,NA,NA,9.5
"jawe","Japanese white-eye","u",40,17.2,58,7.1,6.9,10
"jawe","Japanese white-eye","u",41,17.3,57,7.2,6.4,11
"jawe","Japanese white-eye","u",40,18.1,59,7.8,6.6,11
"rble","red-billed leiothrix","u",NA,NA,NA,NA,NA,19.5
"rble","red-billed leiothrix","u",53.5,22.1,66,8,9.7,10.5
"rble","red-billed leiothrix","u",NA,NA,NA,NA,NA,21
"wrsh","white-rumped shama","f",118,25.3,86,11.6,13,23
"rble","red-billed leiothrix","u",58,24.2,69,8,9,21
"rble","red-billed leiothrix","f",55,22,69,NA,NA,21
"rble","red-billed leiothrix","u",57,24.5,67,NA,NA,21
"rwbu","red-whiskered bulbul","u",79,18.7,81,NA,NA,NA
"rble","red-billed leiothrix","u",56,22.1,68,NA,NA,21
"rwbu","red-whiskered bulbul","u",76,21.8,77,NA,NA,22
"rble","red-billed leiothrix","m",55,22,67,NA,NA,23
"rble","red-billed leiothrix","m",56,23.1,66,NA,NA,21
"rble","red-billed leiothrix","m",57,23.9,69,NA,NA,21
"jawe","Japanese white-eye","f",41,17.7,56,NA,NA,10
"jawe","Japanese white-eye","u",43,17.8,59,NA,NA,12
"rvbu","red-vented bulbul","u",101,22.5,102,10.5,13.4,43
"rble","red-billed leiothrix","u",55,23.5,64,NA,NA,23
"rble","red-billed leiothrix","f",56,22.6,69,NA,NA,21
"rble","red-billed leiothrix","u",52,23.7,67,7.7,8.4,23
"rble","red-billed leiothrix","u",54,23.7,67,8.7,9,21
"rble","red-billed leiothrix","u",54,23.6,62,NA,NA,21
"rble","red-billed leiothrix","u",55,22.9,67,8.4,9.1,19.5
"rble","red-billed leiothrix","u",54,23.1,70,NA,NA,21
"rble","red-billed leiothrix","u",47,21.8,61,NA,NA,17
"rble","red-billed leiothrix","u",NA,NA,NA,NA,NA,22
"rble","red-billed leiothrix","u",55,22.8,67,NA,NA,22
"jawe","Japanese white-eye","u",42,18,56,7.5,8.1,11
"wrsh","white-rumped shama","m",142,25,92,NA,NA,34
"rwbu","red-whiskered bulbul","u",78,18.1,78,8.8,11.5,22
"rble","red-billed leiothrix","m",56,23.8,70,NA,NA,21
"jawe","Japanese white-eye","u",42,16.9,56,NA,NA,11
"rble","red-billed leiothrix","u",NA,NA,NA,NA,NA,19
"rble","red-billed leiothrix","u",57,23.2,69,8.1,9.5,21
"jawe","Japanese white-eye","u",40,NA,60,7.3,8.2,7
"rble","red-billed leiothrix","u",54,23.4,66,7.4,10.6,21
"rble","red-billed leiothrix","u",54,24.5,66,7.4,10,23
"rble","red-billed leiothrix","u",54,23.5,67,8.3,9,22.5
"rwbu","red-whiskered bulbul","u",78,19.3,78,8.5,11.2,29
"jawe","Japanese white-eye","u",NA,17.4,57,7.05,7,11.5
"jawe","Japanese white-eye","u",41,16.6,58,7.6,7.9,10.5
"rwbu","red-whiskered bulbul","u",NA,20.2,77,9.2,12.1,23
"rble","red-billed leiothrix","u",54,23.5,68,7.9,NA,20
"rble","red-billed leiothrix","u",53,24.7,65,8.6,8.7,24
"rble","red-billed leiothrix","u",NA,NA,NA,NA,NA,20.5
"rble","red-billed leiothrix","u",57,24.3,70,7.1,10.3,24
"rble","red-billed leiothrix","u",54,23,62,NA,NA,21
"rble","red-billed leiothrix","u",55,23.2,68,NA,NA,NA
"jawe","Japanese white-eye","u",46,17.9,60,7.4,7.5,12
"jawe","Japanese white-eye","u",39.5,17.7,55,NA,NA,10
"jawe","Japanese white-eye","u",41,18.3,57,NA,NA,10
"rble","red-billed leiothrix","u",56,23.5,69,7.9,8.9,20
"rble","red-billed leiothrix","u",52,23.7,65,8.4,9.1,23
"rble","red-billed leiothrix","u",55,NA,67,NA,NA,20
"rble","red-billed leiothrix","u",NA,NA,NA,NA,NA,23
"jawe","Japanese white-eye","u",43,17.7,59,8,7.6,12
"wrsh","white-rumped shama","m",NA,27,NA,11.5,13.7,34
"jawe","Japanese white-eye","u",43,17.4,62,NA,NA,9
"wrsh","white-rumped shama","m",120,25,93,11.8,11.5,33
"wrsh","white-rumped shama","m",NA,26.9,90,11.6,12.4,31
"rwbu","red-whiskered bulbul","u",79,19.2,76,9,10.5,25.5
"rwbu","red-whiskered bulbul","u",83,21.5,82,8.2,12,25
"rble","red-billed leiothrix","u",NA,24.3,70,6.9,9.8,20
"rble","red-billed leiothrix","u",NA,23,68.5,7.2,9.7,20.5
"jawe","Japanese white-eye","u",43,17.1,57,6.8,6.9,11
"rble","red-billed leiothrix","u",NA,NA,NA,NA,NA,21
"rble","red-billed leiothrix","u",52,24.1,64,7.5,9.7,22
"rwbu","red-whiskered bulbul","u",76,19.3,77,9.2,10.7,NA
"jawe","Japanese white-eye","u",44,17,58.5,7.5,8.1,12
"wrsh","white-rumped shama","f",112,24.4,90,11.3,11.7,26
"rble","red-billed leiothrix","u",56,22.3,66.5,7.6,8.2,20
"rble","red-billed leiothrix","u",54,23,67,7.5,9.5,19
"rble","red-billed leiothrix","u",54,23.2,67,NA,NA,22.5
"rble","red-billed leiothrix","u",54,24.9,64,NA,NA,22
"rble","red-billed leiothrix","u",NA,23.8,NA,7.2,10.2,20
"rble","red-billed leiothrix","u",55,23.3,69,7.4,8.9,12
"rble","red-billed leiothrix","u",53,24.5,62.5,NA,NA,23
"rble","red-billed leiothrix","u",55,24.7,67,7.5,9.1,22
"rble","red-billed leiothrix","u",NA,19.4,76,9.1,10.6,24.5
"rble","red-billed leiothrix","u",53,24.2,66.5,NA,NA,21
"rble","red-billed leiothrix","u",58.5,23.4,68,NA,NA,22
"rble","red-billed leiothrix","u",NA,20.1,NA,8.6,12.4,26.5
"rble","red-billed leiothrix","u",56,22,68,NA,NA,21.5
"rble","red-billed leiothrix","u",55,24.1,67,6.9,10,21
"rble","red-billed leiothrix","u",55,24.5,68,NA,NA,22
"rble","red-billed leiothrix","u",55,24.5,63,NA,NA,22
"rble","red-billed leiothrix","u",52,23.5,67,NA,NA,19
"rvbu","red-vented bulbul","u",85,23.3,95,11.5,10.6,35.5
"wrsh","white-rumped shama","m",134,25.6,90,10.2,13,31
"rble","red-billed leiothrix","u",54,24.1,65,7.6,10,19
"rwbu","red-whiskered bulbul","u",84,21,81,8.7,11.5,35
"rble","red-billed leiothrix","u",59,22.5,69,NA,NA,21
"rble","red-billed leiothrix","u",58,23.7,67,NA,NA,18
"rble","red-billed leiothrix","u",55,22.4,68,NA,NA,19
"rwbu","red-whiskered bulbul","u",75,19.8,76,9,11.2,25.5
"rble","red-billed leiothrix","u",56,24,67,NA,NA,21
"rble","red-billed leiothrix","u",55,24.9,67,NA,NA,22
"rble","red-billed leiothrix","u",57,24,68,NA,NA,21
"rble","red-billed leiothrix","u",55,24.9,63,NA,NA,20.5
"jawe","Japanese white-eye","u",39,17.1,58,8.2,7.7,9.5
"rble","red-billed leiothrix","u",51,24.9,66,7.4,11.1,21
"rble","red-billed leiothrix","u",47,24.2,69,NA,NA,22
"rble","red-billed leiothrix","u",53,22.2,66,NA,NA,19.5
"rble","red-billed leiothrix","u",57,24.4,67,NA,NA,20
"rble","red-billed leiothrix","u",54,24,64,NA,NA,20
"rble","red-billed leiothrix","u",54,23,67,7.7,8.4,17
"jawe","Japanese white-eye","u",40,18.2,57,NA,NA,12
"jawe","Japanese white-eye","u",40,18.3,59,8.4,5.9,9.5
"jawe","Japanese white-eye","u",43,17.9,59,7.2,8.4,11
"jawe","Japanese white-eye","u",38,NA,55.5,NA,NA,11
"rble","red-billed leiothrix","u",67,24.9,67,NA,NA,25
"rble","red-billed leiothrix","u",NA,NA,NA,NA,NA,20
"rble","red-billed leiothrix","u",NA,NA,NA,NA,NA,22
"rble","red-billed leiothrix","u",53,25.1,64,7.3,9.9,23
"wrsh","white-rumped shama","m",120,26.4,91,11.3,12.4,29
"rble","red-billed leiothrix","u",56,24.1,68,NA,NA,23
"rble","red-billed leiothrix","u",54,21.9,68,7.8,7.9,NA
"rble","red-billed leiothrix","u",53,21.5,66,NA,NA,NA
"rble","red-billed leiothrix","u",56,24.5,69,NA,NA,24
"rble","red-billed leiothrix","u",55,23.2,67,NA,NA,21
"rble","red-billed leiothrix","u",52,NA,61,NA,NA,22
"rble","red-billed leiothrix","m",NA,26.2,NA,NA,NA,29
"rble","red-billed leiothrix","u",56,21.6,68,NA,NA,23
"rvbu","red-vented bulbul","u",86.5,22.5,91,9.4,11.8,29
"rwbu","red-whiskered bulbul","u",73,20,79,9.3,11.3,30
"rble","red-billed leiothrix","u",50,22.6,63,7.8,10.2,21
"rble","red-billed leiothrix","u",59,24.4,64,NA,NA,NA
"rble","red-billed leiothrix","u",52,23.1,65,NA,NA,13
"rble","red-billed leiothrix","u",55,23.4,64.5,NA,NA,21
"rble","red-billed leiothrix","u",56,22.2,70,NA,NA,21
"rble","red-billed leiothrix","u",54,22.2,65.5,NA,NA,21.5
"rwbu","red-whiskered bulbul","u",76,21,86,8.4,10.6,25
"rble","red-billed leiothrix","u",55,22.5,65,NA,NA,20
"rble","red-billed leiothrix","u",56,24,70,7.5,7.8,23
"jawe","Japanese white-eye","u",41,17.4,58.5,8.1,6.5,11
"jawe","Japanese white-eye","u",NA,17.4,57,7.8,6.6,10
"jawe","Japanese white-eye","u",40,17.9,57.5,NA,NA,11
"jawe","Japanese white-eye","u",41,18,59,7,8.3,12.5
"rble","red-billed leiothrix","u",58,21.4,70,7.8,9.5,23.5
"rble","red-billed leiothrix","u",NA,24.9,67,NA,NA,24
"rble","red-billed leiothrix","u",59,24.3,68,NA,NA,21.5
"jawe","Japanese white-eye","u",42,17.3,59,NA,NA,11
"rble","red-billed leiothrix","u",NA,22.7,68,7.1,9.1,25
"rble","red-billed leiothrix","u",59,23.8,71,NA,NA,23
"rble","red-billed leiothrix","u",49,22.7,65,7.2,8.4,21
"rble","red-billed leiothrix","u",51,23.6,65,7.3,8.3,23
"rble","red-billed leiothrix","u",57,23.8,70,7.9,9.6,23
"rble","red-billed leiothrix","u",NA,NA,NA,NA,NA,24
"rble","red-billed leiothrix","u",69,23.6,56,NA,NA,24
"rwbu","red-whiskered bulbul","u",75,19.2,79,9.2,9.1,24
"rble","red-billed leiothrix","u",50,25.1,66,7.6,9.2,25
"rble","red-billed leiothrix","u",55,23,65,NA,NA,21
"jawe","Japanese white-eye","u",39,16.1,57,NA,NA,11.5
"jawe","Japanese white-eye","u",42,18,58,NA,NA,13
"jawe","Japanese white-eye","u",40,17.6,57,NA,NA,11.5
"rble","red-billed leiothrix","u",55,24.6,65,NA,NA,23
"rble","red-billed leiothrix","u",56,21.1,67,NA,NA,22
"rble","red-billed leiothrix","u",58,23.6,68,NA,NA,24
"rble","red-billed leiothrix","u",56,22.4,66,NA,NA,23
"rble","red-billed leiothrix","u",53,23.4,66,NA,NA,22
"rble","red-billed leiothrix","u",55,23.2,68.5,NA,NA,22
"jawe","Japanese white-eye","u",44,17.1,60,8.6,8.6,12
"rble","red-billed leiothrix","u",56,23,65,7.8,8.5,20
"rble","red-billed leiothrix","u",55,23,70,NA,NA,21
"rble","red-billed leiothrix","u",50,25,58,NA,NA,22
"rble","red-billed leiothrix","u",60,24.2,70,NA,NA,23.5
"rble","red-billed leiothrix","u",53,23.5,69,NA,NA,23
"rwbu","red-whiskered bulbul","u",81,19.9,81,9.3,11.9,28
"rwbu","red-whiskered bulbul","u",75,20.1,79,8.4,11.5,25
"jawe","Japanese white-eye","u",40,18,56,7.8,7.2,12
"rble","red-billed leiothrix","u",53,24.2,67,7.6,10.2,22
"rble","red-billed leiothrix",NA,NA,NA,NA,NA,NA,NA
"rble","red-billed leiothrix",NA,NA,NA,NA,NA,NA,NA
"rble","red-billed leiothrix",NA,NA,NA,NA,NA,NA,NA
"rble","red-billed leiothrix",NA,NA,NA,NA,NA,NA,NA
"rble","red-billed leiothrix",NA,NA,NA,NA,NA,NA,NA
"rble","red-billed leiothrix",NA,NA,NA,NA,NA,NA,22
"jawe","Japanese white-eye",NA,NA,NA,NA,NA,NA,NA
"jawe","Japanese white-eye",NA,NA,NA,NA,NA,NA,NA
"rble","red-billed leiothrix","u",55,23.6,65,NA,NA,21
"rwbu","red-whiskered bulbul","u",78,18.1,78,9,11.4,23
"wrsh","white-rumped shama","f",105,24.1,82,10.5,12,25
"jawe","Japanese white-eye","u",41,17.7,60,7.9,7.2,11
"jawe","Japanese white-eye","u",42,18,58,7.7,9,NA
"rwbu","red-whiskered bulbul","u",82,20.1,84,9.2,11.5,25
"rble","red-billed leiothrix","u",NA,NA,NA,NA,NA,21
"rble","red-billed leiothrix","u",55,25,69,7.9,10,22
"rble","red-billed leiothrix","u",58,24.4,69,7.8,9.5,20
"jawe","Japanese white-eye","u",40,18.6,57,7.7,8.3,12
"jawe","Japanese white-eye","u",40,17.8,57,7.8,9.4,11
"rble","red-billed leiothrix","u",56,24.3,69,7.4,9.9,22
"jawe","Japanese white-eye","u",43,17.1,59,7.7,6.7,10.5
"rble","red-billed leiothrix","u",57,25,69,7.9,9.3,24
"rble","red-billed leiothrix","u",55,21.7,61,7,10.1,20
"rble","red-billed leiothrix","u",57,24.6,68,7.3,10.1,23
"jawe","Japanese white-eye","u",44,18.2,57,NA,NA,13
"jawe","Japanese white-eye","u",42,17.9,58,NA,NA,12
"jawe","Japanese white-eye","u",43,16.8,57,7.2,7.5,15
"jawe","Japanese white-eye","u",40,17.2,67,8.4,7,10
"jawe","Japanese white-eye","u",40,17,57,8.2,7.4,11
"jawe","Japanese white-eye","u",42,16.1,60,8.9,7.1,11
"rwbu","red-whiskered bulbul","u",84,18.6,83,9.2,10.7,25
"wrsh","white-rumped shama","f",106,25.6,86,10.4,12.8,29
"rwbu","red-whiskered bulbul","u",79,20.3,80,9.3,9.6,30
"rwbu","red-whiskered bulbul","u",75,20.5,79,8.7,13.4,28
"rwbu","red-whiskered bulbul","u",81,19.2,80,NA,NA,29
"rble","red-billed leiothrix","u",58,23.2,69,7.5,9,22
"rble","red-billed leiothrix","u",53,22.9,66,NA,NA,22
"rble","red-billed leiothrix","u",NA,NA,NA,NA,NA,NA
"jawe","Japanese white-eye","u",40,17.8,59,NA,NA,12
"jawe","Japanese white-eye","u",42,17,60,8.4,6.7,11.5
"jawe","Japanese white-eye","u",42,17.1,56,7.9,7.4,11
"rble","red-billed leiothrix","u",NA,NA,NA,NA,NA,NA
"rble","red-billed leiothrix","u",NA,NA,NA,NA,NA,NA
"rble","red-billed leiothrix","u",56,24.1,67,7.5,9.8,20.5
"rble","red-billed leiothrix","u",55,24.2,66,7.6,8.9,25
"rble","red-billed leiothrix","u",58,24,70,7.9,9,NA
"jawe","Japanese white-eye","u",43,17.5,58,7.2,7.3,11
"jawe","Japanese white-eye","u",43,18,57,7.7,8.5,11
"rwbu","red-whiskered bulbul","u",80,19.2,82,NA,NA,28
"rble","red-billed leiothrix","u",52,25,66,NA,NA,22
"rble","red-billed leiothrix","u",53,23.1,65,7.2,10.6,23
"rble","red-billed leiothrix","u",57,23.9,67,NA,NA,20
"rble","red-billed leiothrix","u",50,22.6,67,NA,NA,21
"rble","red-billed leiothrix","u",56,23.7,68,NA,NA,19
"rwbu","red-whiskered bulbul","u",79,19.6,78,NA,NA,27
"rwbu","red-whiskered bulbul","u",75,18,79,NA,NA,24
"jawe","Japanese white-eye","u",43,18.1,59,7.5,NA,11
"jawe","Japanese white-eye","u",40,17.2,58,8,5.5,12
"jawe","Japanese white-eye","u",42,18.1,58,NA,NA,11.5
"rwbu","red-whiskered bulbul","u",72,20,82,10.9,12.2,30
"rble","red-billed leiothrix","u",52,22.6,66,7.6,11.3,21
"rble","red-billed leiothrix","u",52,21.7,64,7.2,8.5,18.5
"rble","red-billed leiothrix","u",57,23.4,68,8,10.3,19.5
"rble","red-billed leiothrix","u",56,23.3,66,7.2,10.3,22.5
"rble","red-billed leiothrix","u",57,24.7,68,NA,NA,21
"rble","red-billed leiothrix","u",56,NA,69,7.5,9,22
"rble","red-billed leiothrix","u",55,23.7,69,8.8,9.6,24
"rble","red-billed leiothrix","u",54,22.5,64,NA,NA,17
"rble","red-billed leiothrix","u",59,26.2,68,NA,NA,23
"rble","red-billed leiothrix","u",56,23.2,66,NA,NA,19
"rble","red-billed leiothrix","u",53,23.9,67,NA,NA,20
"rble","red-billed leiothrix","u",54,24,62,NA,NA,21
"rble","red-billed leiothrix","u",53,NA,67,NA,NA,23
"rble","red-billed leiothrix","u",55,23.2,68,NA,NA,21
"rble","red-billed leiothrix","u",NA,23.4,69,NA,NA,23
"rble","red-billed leiothrix","u",53,24.6,66,NA,NA,20
"rwbu","red-whiskered bulbul","u",76,19.7,78,9,12.1,25
"rble","red-billed leiothrix","u",58,23.9,69,7.4,9.7,23
"rble","red-billed leiothrix","u",52,24.3,66,NA,NA,20.5
"rble","red-billed leiothrix","u",53,25.2,66,NA,NA,20
"jawe","Japanese white-eye","u",41,17.3,60,7.8,7.5,11
"rble","red-billed leiothrix","u",55,23.5,70,7.5,8.7,19
"jawe","Japanese white-eye","u",39,18.5,56,NA,7.4,11
"jawe","Japanese white-eye","u",39,17.9,58,8.4,7.6,11
"wrsh","white-rumped shama","f",100,25.7,85,11.3,13.8,25
"jawe","Japanese white-eye","u",37,17.4,59,7.8,NA,10
"wrsh","white-rumped shama","f",106,25.5,83,10.4,12,27
"jawe","Japanese white-eye","u",42,18.9,57,7.7,7.7,12
"rble","red-billed leiothrix","u",56,24.3,66.5,NA,NA,20
"jawe","Japanese white-eye","u",41,16.2,68.5,NA,NA,10
"rble","red-billed leiothrix","u",52,25.4,67,8.1,9.8,20
"rble","red-billed leiothrix","u",56,22.6,74,7.7,8.9,20
"rble","red-billed leiothrix","u",61,24.1,65,7.4,10.3,21
"rble","red-billed leiothrix","u",55,23.4,66,7.6,8.5,21
"jawe","Japanese white-eye","u",41,18.2,59,7.5,7.6,11
"jawe","Japanese white-eye","u",40,16.5,57,7.2,6.9,10
"jawe","Japanese white-eye","u",41,17.6,58,7.2,6.6,11
"jawe","Japanese white-eye","u",40,16.9,57,8,8.2,10
"jawe","Japanese white-eye","u",40,15.5,55,NA,NA,10
"jawe","Japanese white-eye","u",42,17,60,NA,NA,11
"jawe","Japanese white-eye","u",39,17.7,56,8,8.6,12
"rble","red-billed leiothrix","u",55,23.3,65,8.2,9.5,21
"rble","red-billed leiothrix","u",55,22.9,67,NA,NA,19
"rble","red-billed leiothrix","u",55,24.1,68,7.4,11.6,21
"wrsh","white-rumped shama","m",137,26.5,90,11.9,12.4,22
"rble","red-billed leiothrix","u",59,23.4,69,NA,NA,22
"jawe","Japanese white-eye","u",43,17,59,8.1,7.1,13
"jawe","Japanese white-eye","u",42,17.4,57,8.3,6.8,10.5
"wrsh","white-rumped shama","f",94,23.4,87,10.6,12.7,24
"rble","red-billed leiothrix","u",59,24.5,69,NA,NA,26
"rble","red-billed leiothrix","u",56,23.4,64,NA,NA,21
"rble","red-billed leiothrix","u",53,23.2,66,NA,NA,19
"rble","red-billed leiothrix","u",55,24,68,NA,NA,22
"rble","red-billed leiothrix","u",57,23.2,69,NA,NA,21
"rwbu","red-whiskered bulbul","u",82,18.6,84,8.9,11.3,30
"rble","red-billed leiothrix","u",58,24.1,67,NA,NA,19
"rble","red-billed leiothrix","u",55,24,64,7.1,10,20
"rble","red-billed leiothrix","u",58,23.2,69,NA,NA,21
"rble","red-billed leiothrix","u",55,23.3,69,NA,NA,19
"rble","red-billed leiothrix","u",54,23.3,65,6.8,8,19
"rble","red-billed leiothrix","u",58,23.6,69,7.3,8.9,20
"rwbu","red-whiskered bulbul","u",69,19.8,81,8.9,10.7,29
"rwbu","red-whiskered bulbul","u",78,19.5,79,NA,NA,26
"rwbu","red-whiskered bulbul","u",80,20.4,81,NA,NA,28
"rwbu","red-whiskered bulbul","u",73,18,76,NA,NA,30
"rwbu","red-whiskered bulbul","u",70,20.9,76,NA,NA,28
"rwbu","red-whiskered bulbul","u",NA,20.2,81,NA,NA,30
"rble","red-billed leiothrix","u",58,NA,74,NA,NA,22
"rble","red-billed leiothrix","u",54,23.5,65,6.7,7.5,21
"rble","red-billed leiothrix","u",54,24.5,62,NA,NA,19
"rble","red-billed leiothrix","u",57,24.8,66,NA,NA,21
"rble","red-billed leiothrix","u",60,24.1,69,NA,NA,22
"rble","red-billed leiothrix","u",NA,NA,NA,NA,NA,22
"rble","red-billed leiothrix","u",55,22.1,66.5,7.8,8.8,18
"rble","red-billed leiothrix","u",58,25.1,63,8.2,9.6,22
"rble","red-billed leiothrix","u",54,22.9,65,7.5,8.9,22
"jawe","Japanese white-eye","u",39,17.1,59,7.5,6.1,8.5
"jawe","Japanese white-eye","u",41,17.2,58,NA,NA,10
"rble","red-billed leiothrix","u",53,23.1,65,7.7,7.7,20
"rwbu","red-whiskered bulbul","u",78,20,77,7.9,10.2,25.5
"jawe","Japanese white-eye","u",41,17.2,59,NA,NA,10.5
"jawe","Japanese white-eye","u",43,16.9,58,7.8,6.8,10
"jawe","Japanese white-eye","u",41,17.9,56,7.2,7.7,9.5
"rwbu","red-whiskered bulbul","u",NA,NA,NA,NA,NA,NA
"rble","red-billed leiothrix","u",NA,NA,NA,NA,NA,NA
"rwbu","red-whiskered bulbul","u",NA,NA,NA,NA,NA,NA
"wrsh","white-rumped shama","u",NA,NA,NA,NA,NA,NA
"rwbu","red-whiskered bulbul","u",80,21.9,89,NA,NA,23
"rble","red-billed leiothrix","u",59,23.5,69,NA,NA,22
"rble","red-billed leiothrix","u",58,23.7,69,NA,NA,20
"rble","red-billed leiothrix","u",NA,NA,NA,NA,NA,NA
"rble","red-billed leiothrix","u",NA,NA,NA,NA,NA,NA
"rwbu","red-whiskered bulbul","u",NA,NA,NA,NA,NA,NA
"jawe","Japanese white-eye","u",40,17.2,59,NA,NA,10
"wrsh","white-rumped shama","m",144,24.9,91,11.3,13.7,30.5
"rble","red-billed leiothrix","u",56,NA,66,7.7,10.6,20
"rwbu","red-whiskered bulbul","u",78,22.1,81,NA,NA,28
"rwbu","red-whiskered bulbul","u",80,19.2,79,NA,NA,25
"rwbu","red-whiskered bulbul","u",NA,NA,NA,NA,NA,26
"rble","red-billed leiothrix","u",56,24.6,64.5,7.3,9.9,21
"rble","red-billed leiothrix","u",55,23.4,68,NA,NA,19
"rble","red-billed leiothrix","u",55,23.9,65.5,NA,NA,22
"rble","red-billed leiothrix","u",54,23.6,69,7.5,8.7,20
"rble","red-billed leiothrix","u",61,23.5,70,NA,NA,19.5
"rwbu","red-whiskered bulbul","u",NA,18.5,75,7.9,10.9,26
"rwbu","red-whiskered bulbul","u",76,20.5,80,8.9,11.4,26
"wrsh","white-rumped shama","f",103,24.2,87,NA,NA,24
"rble","red-billed leiothrix","u",54,23.2,62,7.7,10.9,19.5
"rwbu","red-whiskered bulbul","u",62,19.5,72,8.5,10.3,24
"rwbu","red-whiskered bulbul","u",74,20.1,77,8.4,11,24
"rwbu","red-whiskered bulbul","u",72,19.4,71,NA,NA,23
"rwbu","red-whiskered bulbul","u",71,18.9,76,NA,NA,27.5
"rwbu","red-whiskered bulbul","u",79,18.9,85,NA,NA,33
"rwbu","red-whiskered bulbul","u",78,19.4,78,NA,NA,NA
"rwbu","red-whiskered bulbul","u",76,20.5,81,NA,NA,NA
"rwbu","red-whiskered bulbul","u",74,18.9,77,NA,NA,26
"rwbu","red-whiskered bulbul","u",77,19,75,7.1,11.3,25
"rble","red-billed leiothrix","u",52,23.5,69,7.8,9.8,21
"rwbu","red-whiskered bulbul","u",72,18.9,74,NA,NA,23
"rble","red-billed leiothrix","u",55,24.8,68,8.4,9.8,22
"wrsh","white-rumped shama","f",97,23.5,80,9.9,12.7,26
"rble","red-billed leiothrix","u",55,25.2,63,NA,NA,24
"rble","red-billed leiothrix","u",53,24.4,66,5.9,9.6,21
"rble","red-billed leiothrix","u",55,26.2,67,8.3,9,21.5
"jawe","Japanese white-eye","u",41,17.3,58,7.6,8.2,10
"jawe","Japanese white-eye","u",42,17.9,60,7.9,8.2,11
"rble","red-billed leiothrix","u",58,25.2,68,8.2,9.3,21
"jawe","Japanese white-eye","u",41,17.2,56,7.7,9.2,10
"jawe","Japanese white-eye","u",41,17.9,59,7.3,8.4,12
"jawe","Japanese white-eye","u",40,17.2,59,NA,NA,10
"rble","red-billed leiothrix","u",57,23.3,64,6.7,12,23
"rble","red-billed leiothrix","u",53,24.1,65,7.2,8.5,19
"rble","red-billed leiothrix","u",54,25.2,68,6.5,10,21
"wrsh","white-rumped shama","f",111,25.2,87,10.6,13,NA
"jawe","Japanese white-eye","u",42,16.8,58,7.1,7.7,9
"rwbu","red-whiskered bulbul","u",74,20.1,78,8.9,11.4,25.5
"rwbu","red-whiskered bulbul","u",75,18.7,76,NA,NA,30
"rwbu","red-whiskered bulbul","u",77,18.6,77,8.7,10.1,24
"wrsh","white-rumped shama","m",114,26.4,91,10.2,12.9,26.5
"wrsh","white-rumped shama","m",124,25.9,92,12.2,13.1,30
"rble","red-billed leiothrix","u",59,24.2,68,7.4,8.4,19
"rble","red-billed leiothrix","u",NA,19.6,NA,NA,NA,20
"rble","red-billed leiothrix","u",52,23.4,66,7.4,8.6,20.5
"rble","red-billed leiothrix","u",55,22.6,64,NA,NA,20
"rble","red-billed leiothrix","u",58.5,22.6,66.5,NA,NA,19
"rble","red-billed leiothrix","u",NA,NA,NA,NA,NA,21.5
"rble","red-billed leiothrix","u",54,23.3,64,6.9,10.8,20
"rble","red-billed leiothrix","u",55,23.7,64.5,NA,NA,21
"rwbu","red-whiskered bulbul","u",77.5,20.4,80,NA,NA,30
"rble","red-billed leiothrix","u",57,23,68,NA,NA,20.5
"rble","red-billed leiothrix","u",54,23.8,67,8.6,10.5,21
"rble","red-billed leiothrix","u",58,23.3,68,NA,NA,19
"jawe","Japanese white-eye","u",42,17.9,57.5,NA,NA,11.5
"rvbu","red-vented bulbul","u",89,24.8,100.5,10.1,14.8,35
"jawe","Japanese white-eye","m",NA,16.8,58.5,7.3,9.3,11
"jawe","Japanese white-eye","m",NA,NA,NA,NA,NA,12.5
"rvbu","red-vented bulbul","u",93,23.6,96,10.7,13.9,39
"rvbu","red-vented bulbul","u",94,23.5,95,10.8,12.8,40
"rvbu","red-vented bulbul","u",96,23.7,97,11.4,15.1,45
"rvbu","red-vented bulbul","u",89,23.5,94,10,13.1,43
"jawe","Japanese white-eye","u",42,17.5,59,7.9,9,11
"rble","red-billed leiothrix","u",53,24.4,64,7.4,9.3,20
"jawe","Japanese white-eye","u",38,16.5,55,NA,NA,13
"rble","red-billed leiothrix","u",61,22.8,68,7.7,10,18
"wrsh","white-rumped shama","f",117,24.8,83,10,13.2,26
"rwbu","red-whiskered bulbul","u",80,20.2,79,8.2,12.4,26
"rwbu","red-whiskered bulbul","u",72,20.2,77,NA,NA,28
"rwbu","red-whiskered bulbul","u",76,18.9,78,NA,NA,25
"rble","red-billed leiothrix","u",59,24.2,69,7.7,9.3,20
"rble","red-billed leiothrix","u",56,25.1,68,6.6,11,19
"wrsh","white-rumped shama","m",128,26.8,88,10.5,13.5,31
"rble","red-billed leiothrix","u",52,22.8,63,NA,NA,20
"rble","red-billed leiothrix","u",56,23.3,68,7.7,8.5,20
"rble","red-billed leiothrix","u",56,22.3,69,NA,NA,22
"rble","red-billed leiothrix","u",NA,NA,NA,NA,NA,23
"rble","red-billed leiothrix","u",54.5,24.1,69,NA,NA,21
"wrsh","white-rumped shama","m",117,24.4,89,10.1,11.5,29
"wrsh","white-rumped shama","m",130,25.3,90,11.1,11.1,31
"jawe","Japanese white-eye","u",42,17.9,58,NA,NA,10.5
"rwbu","red-whiskered bulbul","u",78,21,81,10,12,27
"rble","red-billed leiothrix","u",61,22.6,64,7.9,8.6,22
"rble","red-billed leiothrix","u",52,23.2,66,7.7,9,19
"rble","red-billed leiothrix","u",55,22.9,69,7.7,9.6,21
"rble","red-billed leiothrix","u",59,25.7,65,NA,NA,22
"rble","red-billed leiothrix","u",55,21.9,65,NA,NA,20
"rble","red-billed leiothrix","u",58,21.7,69,NA,NA,25.5
"rble","red-billed leiothrix","u",58,23.5,70,NA,NA,21
"rble","red-billed leiothrix","u",57,23.7,68,NA,NA,18
"rble","red-billed leiothrix","u",56,22.6,68.5,NA,NA,20.5
"rble","red-billed leiothrix","u",52,24,66,7.6,10.1,19.5
"rble","red-billed leiothrix","u",54,24.1,67.5,NA,NA,18
"rble","red-billed leiothrix","u",NA,NA,NA,NA,NA,21
"rble","red-billed leiothrix","u",52,23.8,66,NA,NA,19.5
"rble","red-billed leiothrix","u",55.5,24.5,61,NA,NA,21
"rble","red-billed leiothrix","u",54,23.2,66,NA,NA,19.5
"rble","red-billed leiothrix","u",54,23.9,68,NA,NA,21
"rble","red-billed leiothrix","u",NA,NA,NA,NA,NA,18
"rwbu","red-whiskered bulbul","u",79,NA,80,NA,NA,31
"rble","red-billed leiothrix","u",NA,NA,NA,NA,NA,15
"rble","red-billed leiothrix","u",57,22.5,71,NA,NA,22.5
"rwbu","red-whiskered bulbul","u",NA,20.1,NA,NA,NA,23
"jawe","Japanese white-eye","u",44,17,61,8.2,7.2,10
"rble","red-billed leiothrix","u",55,23.5,69,NA,NA,20
"wrsh","white-rumped shama","f",108,26,85,10.3,11.7,30
"wrsh","white-rumped shama","f",112,25.8,87,11,12,32
"jawe","Japanese white-eye","u",39,17.7,56,NA,NA,13
"jawe","Japanese white-eye","u",40,17.6,58,NA,NA,11
"jawe","Japanese white-eye","u",42,17.6,59,7.2,8.3,10
"jawe","Japanese white-eye","u",42,16.6,58,7.2,6.5,10
"jawe","Japanese white-eye","u",NA,NA,NA,NA,NA,14
"rble","red-billed leiothrix","u",57,24.7,66,7.8,9.9,21
"rble","red-billed leiothrix","u",59,22.9,68,9,10.4,20
"wrsh","white-rumped shama","m",139,26,89,11.8,13.2,35
"jawe","Japanese white-eye","u",42,16.9,58,7.1,7.8,13.5
"jawe","Japanese white-eye","u",42,17.3,59,7.7,NA,10.5
"jawe","Japanese white-eye","m",43,16.7,58,NA,NA,9.5
"jawe","Japanese white-eye","u",41,17.9,58,8.2,7.6,12.5
"jawe","Japanese white-eye","u",40,17.6,57,NA,NA,12.5
"rble","red-billed leiothrix","u",NA,NA,NA,NA,NA,19
"jawe","Japanese white-eye","u",43,18.4,58,NA,NA,11
"rble","red-billed leiothrix","u",57,25,71,NA,NA,21
"wrsh","white-rumped shama","m",155,25.9,95,11.2,12.3,32.5
"rble","red-billed leiothrix","u",53,24.2,64,NA,NA,22
"jawe","Japanese white-eye","u",42,NA,57,NA,NA,11
"jawe","Japanese white-eye","u",40,18.8,58,7.5,7.4,11.5
"rble","red-billed leiothrix","u",54,NA,NA,NA,NA,20
"wrsh","white-rumped shama","f",105,23.9,83,NA,NA,30
"rble","red-billed leiothrix","u",55.5,22.5,56,NA,NA,18
"rble","red-billed leiothrix","u",56,22.6,58,NA,NA,19
"rble","red-billed leiothrix","u",56,22.5,68,NA,NA,22
"rble","red-billed leiothrix","u",54,23.6,65,NA,NA,21
"rble","red-billed leiothrix","u",52,22.3,61,7.1,9.9,19
"rble","red-billed leiothrix","u",NA,NA,65,NA,NA,15
"jawe","Japanese white-eye","u",42,17.2,57,7.5,6.4,10
"jawe","Japanese white-eye","u",42,17.2,57,8.3,8.9,10
"jawe","Japanese white-eye","f",40,17.2,58,NA,NA,10
"jawe","Japanese white-eye","u",40,17.2,58,NA,NA,10
"jawe","Japanese white-eye","u",40,17.4,57,NA,NA,11
"jawe","Japanese white-eye","u",38,17.7,58,NA,NA,11
"jawe","Japanese white-eye","u",NA,NA,NA,NA,NA,9
"jawe","Japanese white-eye","u",39,16.8,57,7.4,5.8,9
"rwbu","red-whiskered bulbul","u",80,18.9,80,8.4,12.8,28
"wrsh","white-rumped shama","m",143,NA,90.5,10.5,11.3,33
"rble","red-billed leiothrix","u",55,NA,65,6.5,10,14.5
"wrsh","white-rumped shama","f",99,24.4,86,NA,NA,27
"jawe","Japanese white-eye","m",43,17.4,60,NA,NA,10.5
"rble","red-billed leiothrix","u",53,24.4,66,NA,NA,23
"rwbu","red-whiskered bulbul","u",79,NA,80,NA,NA,27
"jawe","Japanese white-eye","u",42,16.7,59,NA,NA,11
"rvbu","red-vented bulbul","f",80,24,91,9.8,NA,29
"rble","red-billed leiothrix","u",57,23.3,65,NA,NA,21.5
"rble","red-billed leiothrix","u",57,24.3,69,7.8,9.3,22
"wrsh","white-rumped shama","f",101,25.6,86,10.7,10.7,27
"jawe","Japanese white-eye","u",41,17.2,60,NA,NA,10
"jawe","Japanese white-eye","u",41,17.8,58,6.9,7.4,9
"jawe","Japanese white-eye","u",41,17.8,57,7.1,7.8,12
"jawe","Japanese white-eye","u",42.5,17,59,NA,NA,11.5
"jawe","Japanese white-eye","u",49,18.5,57,7.4,NA,12.5
"jawe","Japanese white-eye","u",42,17.9,59,7.7,7.2,11
"jawe","Japanese white-eye","u",41,17.9,59,NA,NA,10
"rble","red-billed leiothrix","f",55,23,66,NA,NA,26
"jawe","Japanese white-eye","u",43,18.6,60,NA,NA,12
"wrsh","white-rumped shama","f",106,23.6,84,10.4,10.4,31
"rble","red-billed leiothrix","f",51,24.7,65,NA,NA,21
"rble","red-billed leiothrix","u",54,22.8,70,NA,NA,21
"rble","red-billed leiothrix","u",57,23.6,70,NA,NA,22
"jawe","Japanese white-eye","u",40,17,59,NA,NA,11
"rble","red-billed leiothrix","u",50,24.2,67,8.2,9.4,24
"rble","red-billed leiothrix","u",52,23.4,68,7.8,7.5,20
"rble","red-billed leiothrix","u",51,NA,69,NA,NA,21
"jawe","Japanese white-eye","u",39,17,56,7.1,7.2,10
"jawe","Japanese white-eye","u",40,17.2,57,NA,NA,10
"jawe","Japanese white-eye","u",43,17.3,58,7,5.3,9
"rble","red-billed leiothrix","u",54,23.5,67,NA,NA,23
"rwbu","red-whiskered bulbul","f",NA,NA,NA,NA,NA,NA
"jawe","Japanese white-eye","u",41,18.3,56,NA,NA,12
"jawe","Japanese white-eye","u",40,16.2,56,NA,NA,10
"rvbu","red-vented bulbul","u",95,24.1,98,11.2,11.5,40
"rble","red-billed leiothrix","u",55,23.2,69,NA,NA,25
"rble","red-billed leiothrix","u",NA,NA,NA,NA,NA,22
"jawe","Japanese white-eye","u",38,16.1,56,NA,NA,10
"rble","red-billed leiothrix","u",56,23.5,70,NA,NA,22
"rble","red-billed leiothrix","f",52,22,64,NA,NA,20
"jawe","Japanese white-eye","u",43,18.5,56,NA,NA,12
"rble","red-billed leiothrix","u",57,22.9,NA,NA,NA,21
"rble","red-billed leiothrix","f",52,24,66,NA,NA,22
"rble","red-billed leiothrix","f",52,23.5,66,NA,NA,21
"rble","red-billed leiothrix","f",55,23.5,63,NA,NA,20
"jawe","Japanese white-eye","u",40,15.8,56,NA,NA,11
"rwbu","red-whiskered bulbul","u",80,20.2,82,8.3,12.1,28
"jawe","Japanese white-eye","m",43,NA,59,NA,NA,9
"jawe","Japanese white-eye","m",44,17.3,61,NA,NA,11
"rble","red-billed leiothrix","u",55,25,65,NA,NA,26
"rble","red-billed leiothrix","f",48,24.4,59,NA,NA,24
"rble","red-billed leiothrix","u",56,24.4,67,NA,NA,22
"jawe","Japanese white-eye","u",43,17.8,60,NA,NA,13
"jawe","Japanese white-eye","u",36,17.5,55,NA,NA,11
"rble","red-billed leiothrix","u",56,23.5,67,NA,NA,20
"rble","red-billed leiothrix","u",51,24.2,68,NA,NA,23
"rble","red-billed leiothrix","u",54,23.9,68,NA,NA,22
"jawe","Japanese white-eye","f",41,17.2,60,NA,NA,10
"rble","red-billed leiothrix","f",NA,NA,NA,NA,NA,17
"rble","red-billed leiothrix","u",57,23.4,66,NA,NA,19
"rwbu","red-whiskered bulbul","u",70,19.3,74,NA,NA,25
"rwbu","red-whiskered bulbul","u",77,19,75,NA,NA,25
"jawe","Japanese white-eye","u",41,17,57,NA,NA,12
"rwbu","red-whiskered bulbul","u",73,19.6,74,NA,NA,24
"rble","red-billed leiothrix","f",NA,NA,NA,NA,NA,21
"jawe","Japanese white-eye","u",40,16.9,58,NA,NA,11
"rble","red-billed leiothrix","u",57,22.7,62,NA,NA,24
"rble","red-billed leiothrix","f",55,24,64,NA,NA,20.5
"rble","red-billed leiothrix","f",NA,24.7,66,NA,NA,23
"rble","red-billed leiothrix","m",55,24.6,69,NA,NA,23.5
"jawe","Japanese white-eye","u",NA,17.2,59,NA,NA,11
"jawe","Japanese white-eye","u",41,17.9,57,NA,NA,10
"jawe","Japanese white-eye","u",41,17.5,58,NA,NA,11
"jawe","Japanese white-eye","u",40,16.1,53,NA,NA,9
"rwbu","red-whiskered bulbul","u",81,20.4,84,NA,NA,27
"rwbu","red-whiskered bulbul","u",83,19.9,84,NA,NA,27
"jawe","Japanese white-eye","u",31,16.6,56,NA,NA,11
"jawe","Japanese white-eye","u",45,17,61,NA,NA,11.5
"rwbu","red-whiskered bulbul","u",78,20.1,82,NA,NA,29.5
"jawe","Japanese white-eye","u",40,16.9,57,NA,NA,12
"rble","red-billed leiothrix","u",55,25.5,67,NA,NA,22
"rble","red-billed leiothrix","u",62,24.2,72,NA,NA,23
"rble","red-billed leiothrix","f",54,22.9,68,NA,NA,20
"wrsh","white-rumped shama","m",114,24,86,10.5,11.1,31
"rble","red-billed leiothrix","u",59,21.3,69,NA,NA,21
"rble","red-billed leiothrix","u",43,22.7,63,NA,NA,20
"rble","red-billed leiothrix","u",59,22.5,70,NA,NA,22.5
"rble","red-billed leiothrix","u",51,23.1,60,NA,NA,22
"jawe","Japanese white-eye","u",40,18,57,NA,NA,11
"jawe","Japanese white-eye","u",38,17.4,57,NA,NA,10
"jawe","Japanese white-eye","u",37,16.8,57,NA,NA,11
"jawe","Japanese white-eye","u",39,NA,NA,NA,NA,8.5
"jawe","Japanese white-eye","u",43,16.4,57,NA,NA,11.5
"rble","red-billed leiothrix","u",NA,NA,NA,NA,NA,20.5
"rble","red-billed leiothrix","u",53,23.1,63,NA,NA,20
"rble","red-billed leiothrix","u",53,23.9,67,NA,NA,21.5
"rwbu","red-whiskered bulbul","u",NA,18.6,NA,NA,NA,25
"rble","red-billed leiothrix","f",55,22.6,62,NA,NA,23
"rble","red-billed leiothrix","u",56,24.4,65,NA,NA,23
"jawe","Japanese white-eye","u",42,17.1,56,NA,NA,12
"rble","red-billed leiothrix","u",50,NA,62,NA,NA,24
"jawe","Japanese white-eye","u",43,17.3,61,NA,NA,12
"jawe","Japanese white-eye","u",40,16.1,58,NA,NA,10
"jawe","Japanese white-eye","u",39,17.3,57,NA,NA,NA
"jawe","Japanese white-eye","u",39,17.5,58,NA,NA,11
"rble","red-billed leiothrix","f",56,22.6,67,NA,NA,22
"rble","red-billed leiothrix","u",52,22.5,62,NA,NA,21
"rble","red-billed leiothrix","u",53,23.2,63,NA,NA,19
"rble","red-billed leiothrix","u",52,22.7,67,NA,NA,19
"rble","red-billed leiothrix","u",56,23.2,64,NA,NA,22
"rble","red-billed leiothrix","u",54,24.5,66,NA,NA,20
"rble","red-billed leiothrix","u",57,23.6,64,NA,NA,21
"jawe","Japanese white-eye","u",NA,18,58,NA,NA,12
"rble","red-billed leiothrix","u",55,23.2,NA,NA,NA,21
"rble","red-billed leiothrix","f",53,23.6,68,NA,NA,20
"rble","red-billed leiothrix","u",52,23.2,65,NA,NA,24
"rble","red-billed leiothrix","u",58,23.6,71,NA,NA,23
"rble","red-billed leiothrix","u",54,23.1,64,NA,NA,20
"rble","red-billed leiothrix","u",53,23.8,64,NA,NA,23
"rble","red-billed leiothrix","u",50,22.9,59,NA,NA,19.5
"rble","red-billed leiothrix","f",51,NA,67,NA,NA,21
"rble","red-billed leiothrix","u",NA,23.2,67,NA,NA,20
"rble","red-billed leiothrix","u",54,22.3,64,NA,NA,18
"rble","red-billed leiothrix","u",52,22.5,65,NA,NA,20
"jawe","Japanese white-eye","m",43,16.9,58,NA,NA,7
"rble","red-billed leiothrix","u",52,23.6,63,NA,NA,21
"rwbu","red-whiskered bulbul","f",80,21.3,82,NA,NA,26
"rwbu","red-whiskered bulbul","u",79,18.5,77,NA,NA,21.5
"jawe","Japanese white-eye","u",41,16.1,58,NA,NA,11
"rble","red-billed leiothrix","u",52,21.4,68,NA,NA,18
"rble","red-billed leiothrix","u",53,23.3,69,NA,NA,22.5
"rble","red-billed leiothrix","m",58,23.8,69,NA,NA,23
"rble","red-billed leiothrix","u",58,22.2,68,NA,NA,20
"rble","red-billed leiothrix","u",56,23.8,62,NA,NA,20
"rble","red-billed leiothrix","m",52,25,66,NA,NA,22
"jawe","Japanese white-eye","m",40,18.4,55,NA,NA,10
"rvbu","red-vented bulbul","u",NA,23.1,93,10.5,10.6,38.5
"wrsh","white-rumped shama","m",120,25.1,90,10.3,12.9,30.5
"wrsh","white-rumped shama","f",121,23.9,88,9.7,11,25
"jawe","Japanese white-eye","m",NA,16.9,58,NA,NA,11.5
"rvbu","red-vented bulbul","u",NA,23.4,92,10,13.8,39
"rble","red-billed leiothrix","u",NA,23.9,65,NA,NA,23
"rble","red-billed leiothrix","u",NA,23.9,66,NA,NA,23.5
"wrsh","white-rumped shama","m",126,25.4,91,14.6,9.5,30
"jawe","Japanese white-eye","u",43,17.2,59,NA,NA,11
"jawe","Japanese white-eye","u",40,16.5,57,NA,NA,15
"jawe","Japanese white-eye","u",42,17,59,NA,NA,11
"jawe","Japanese white-eye","u",41,17.2,58,NA,NA,11
"jawe","Japanese white-eye","u",NA,18,55,NA,NA,11.5
"rvbu","red-vented bulbul","u",82,22.5,94,10.2,12.8,31
"rble","red-billed leiothrix","u",58,24.7,68,NA,NA,21.5
"wrsh","white-rumped shama","m",137,27.1,93,11.5,10,30
"wrsh","white-rumped shama","f",105,23.5,81,9.8,13.4,25
"rble","red-billed leiothrix","u",55,24.7,68,NA,NA,21.5
"wrsh","white-rumped shama","m",90,23.8,NA,10.7,13.1,26
"jawe","Japanese white-eye","u",42,17.7,59,NA,NA,11.5
"rble","red-billed leiothrix","u",54,22.7,67,NA,NA,22
"rble","red-billed leiothrix","u",55,23,65,NA,NA,20.5
"jawe","Japanese white-eye","u",45,17.8,61,NA,NA,12
"rble","red-billed leiothrix","u",54,22.1,66,NA,NA,23
"jawe","Japanese white-eye","u",41,16.8,56,NA,NA,10
"jawe","Japanese white-eye","m",43,17.6,58,NA,NA,NA
"rble","red-billed leiothrix","u",58,22.9,67,NA,NA,22
"rwbu","red-whiskered bulbul","u",80,19.5,82,NA,NA,27
"jawe","Japanese white-eye","u",42,17.5,59,NA,NA,12
"rble","red-billed leiothrix","u",52,24.8,70,NA,NA,24
"wrsh","white-rumped shama","m",132,27,93,11.7,12.3,33
"rble","red-billed leiothrix","u",49,22.5,63,NA,NA,19
"rble","red-billed leiothrix","u",52,24.3,65,NA,NA,23.5
"rble","red-billed leiothrix","u",56,23.3,69,8.2,10.5,21
"rble","red-billed leiothrix","u",NA,24.5,72,NA,NA,22.5
"rble","red-billed leiothrix","u",NA,23.7,65,NA,NA,22
"rble","red-billed leiothrix","u",55,23.3,67,NA,NA,22
"wrsh","white-rumped shama","m",139,26.3,92,10.6,13,NA
"rble","red-billed leiothrix","m",NA,NA,NA,NA,NA,NA
"jawe","Japanese white-eye","u",44,16.3,60,NA,NA,10
"wrsh","white-rumped shama","m",120,27.1,97,12.7,12.6,28
"rvbu","red-vented bulbul","u",84,23.1,88,NA,NA,39
"jawe","Japanese white-eye","u",43,16.7,58,NA,NA,12
"wrsh","white-rumped shama","m",129,26.6,90,NA,NA,30
"wrsh","white-rumped shama","m",135,26.9,91,11.3,13,34
"jawe","Japanese white-eye","u",43,17.1,57,NA,NA,9
"wrsh","white-rumped shama","f",106,24.9,88.5,9.8,13.4,28
"wrsh","white-rumped shama","f",105,25.3,81,10.9,12.7,26
"wrsh","white-rumped shama","m",107,24,85,11.2,11.5,27
"rwbu","red-whiskered bulbul","u",71,17.4,76,NA,NA,25
"rble","red-billed leiothrix","u",56,24.7,66,NA,NA,27
"jawe","Japanese white-eye","u",44,17.5,59,NA,NA,11
"jawe","Japanese white-eye","u",44,17.2,60,NA,NA,6
"jawe","Japanese white-eye","u",44,16.9,60,NA,NA,12
"jawe","Japanese white-eye","u",41,17.4,57,NA,NA,11
"jawe","Japanese white-eye","u",44,17.2,60,NA,NA,13.5
"jawe","Japanese white-eye","u",NA,NA,NA,NA,NA,12
"jawe","Japanese white-eye","u",40,17.3,57,NA,NA,11
"wrsh","white-rumped shama","m",139,25.6,90,NA,NA,32
"rble","red-billed leiothrix","u",55,24.2,62,NA,NA,24
"rble","red-billed leiothrix","u",56,24.4,65,NA,NA,20
"rble","red-billed leiothrix","u",64,24.3,68,NA,NA,29
"jawe","Japanese white-eye","u",41,17.1,58,NA,NA,9
"jawe","Japanese white-eye","u",46,17.9,60,NA,NA,11
"rble","red-billed leiothrix","u",62,23.8,72,NA,NA,23
"rble","red-billed leiothrix","u",55,24.2,67,NA,NA,19
"rble","red-billed leiothrix","u",58,24.6,69,NA,NA,24
"jawe","Japanese white-eye","u",45,17,60,NA,NA,11
"rble","red-billed leiothrix","u",54,23,66,NA,NA,22
"wrsh","white-rumped shama","m",122,27.2,91,11.2,13.5,33
"rble","red-billed leiothrix","u",47,23.6,65,NA,NA,20.5
"rble","red-billed leiothrix","u",52,23.4,67,NA,NA,21.5
"rble","red-billed leiothrix","u",51,23,64,NA,NA,20
"rble","red-billed leiothrix","u",54,23.5,65,NA,NA,21
"wrsh","white-rumped shama","f",112,25.2,85,12,10.8,30
"jawe","Japanese white-eye","u",46,17.8,63,NA,NA,14
"rble","red-billed leiothrix","u",58,23.9,68,NA,NA,24
"rble","red-billed leiothrix","u",55,22.6,68,NA,NA,23
"rble","red-billed leiothrix","u",55,22.2,66,NA,NA,7
"rble","red-billed leiothrix","u",54,24.3,65,NA,NA,22
"rble","red-billed leiothrix","u",NA,NA,NA,NA,NA,21
"jawe","Japanese white-eye","u",NA,17.6,60,NA,NA,13
"jawe","Japanese white-eye","u",45,17.4,60,NA,NA,12
"rble","red-billed leiothrix","u",57,22.8,69,NA,NA,20
"rble","red-billed leiothrix","u",57,24,68,NA,NA,22
"rwbu","red-whiskered bulbul","u",76,19.6,79,NA,NA,24
"rble","red-billed leiothrix","u",51,23.3,62,NA,NA,25
"rble","red-billed leiothrix","u",50,24,62,NA,NA,22
"rble","red-billed leiothrix","u",55,22.4,67,NA,NA,18
"rble","red-billed leiothrix","u",58,24.8,71,NA,NA,24
"wrsh","white-rumped shama","m",110,23.5,85,NA,NA,28.5
"rble","red-billed leiothrix","u",56,24.1,68,NA,NA,24
"rble","red-billed leiothrix","u",58,24.3,68,NA,NA,26
"rble","red-billed leiothrix","u",55,23.6,66,NA,NA,21
"rble","red-billed leiothrix","u",50,22.8,69,NA,NA,24
"jawe","Japanese white-eye","u",42,17.5,57,NA,NA,11
"wrsh","white-rumped shama","u",92,24,84,NA,NA,29
"rble","red-billed leiothrix","u",NA,23.3,65,NA,NA,21
"wrsh","white-rumped shama","m",120,29.1,88,NA,NA,31
"rble","red-billed leiothrix","u",55,22.9,68,NA,NA,20
"rble","red-billed leiothrix","u",52,24.2,65,NA,NA,22
"rble","red-billed leiothrix","u",54,24,64,NA,NA,23
"rble","red-billed leiothrix","u",54,23,63,NA,NA,21
"rble","red-billed leiothrix","u",62,24.7,72,NA,NA,23
"rble","red-billed leiothrix","u",55,24.6,67,NA,NA,22
"rble","red-billed leiothrix","u",53,23.3,66,NA,NA,21
"rble","red-billed leiothrix","u",55,22.5,61,NA,NA,21
"jawe","Japanese white-eye","u",46,16.6,59,NA,NA,10
"jawe","Japanese white-eye","u",43,17.4,58,NA,NA,11
"rble","red-billed leiothrix","u",55,23.9,68,NA,NA,24
"rble","red-billed leiothrix","u",62,24,72,NA,NA,23
"rble","red-billed leiothrix","u",55,23.6,67,NA,NA,22
"rble","red-billed leiothrix","u",55,23,67,NA,NA,21
"rble","red-billed leiothrix","u",60,24.3,67,NA,NA,22
"rble","red-billed leiothrix","u",55,22,69,NA,NA,24
"rble","red-billed leiothrix","u",56,24.1,67,NA,NA,25
"rble","red-billed leiothrix","u",60,24.8,68,NA,NA,25
"rble","red-billed leiothrix","u",54,22.7,67,NA,NA,NA
"rble","red-billed leiothrix","u",55,24.6,67,NA,NA,22
"rble","red-billed leiothrix","u",51,23.1,63,NA,NA,23
"rble","red-billed leiothrix","u",57,22.3,69,NA,NA,21
"rble","red-billed leiothrix","u",55,22.5,63,NA,NA,24
"jawe","Japanese white-eye","u",44,17.3,60,NA,NA,10.5
"jawe","Japanese white-eye","u",42,16.9,60,NA,NA,12
"rble","red-billed leiothrix","u",NA,NA,NA,NA,NA,24
"rwbu","red-whiskered bulbul","u",79,20.8,79,NA,NA,26
"wrsh","white-rumped shama","f",105,22.4,82,10.8,13,26
"rwbu","red-whiskered bulbul","u",79.5,20,79,NA,NA,27
"jawe","Japanese white-eye","u",44,17,59,NA,NA,11.5
"jawe","Japanese white-eye","u",44,16.8,61,NA,NA,11.5
"jawe","Japanese white-eye","u",43,16.7,59,NA,NA,5.5
"jawe","Japanese white-eye","u",43,17.6,61,NA,NA,12.5
"jawe","Japanese white-eye","u",44,17.7,60,NA,NA,14
"jawe","Japanese white-eye","u",43,16.9,59,NA,NA,12.5
"rble","red-billed leiothrix","u",54,23.4,62,NA,NA,21.5
"jawe","Japanese white-eye","u",40,16.5,58,NA,NA,11
"rble","red-billed leiothrix","u",58,23.2,71.5,NA,NA,25
"rble","red-billed leiothrix","u",57,24.4,69,NA,NA,25
"rble","red-billed leiothrix","u",55,22.9,66,NA,NA,24
"rble","red-billed leiothrix","u",53,24.9,66,NA,NA,25
"rble","red-billed leiothrix","u",54,25.3,67,NA,NA,22
"rble","red-billed leiothrix","u",55,25.2,68,NA,NA,24
"rwbu","red-whiskered bulbul","u",80,20,81,NA,NA,29
"rble","red-billed leiothrix","u",57,23,69,NA,NA,29
"rble","red-billed leiothrix","u",57,24.4,68,NA,NA,21
"rble","red-billed leiothrix","u",56,23.1,65,NA,NA,21
"wrsh","white-rumped shama","m",158,26.4,94,NA,NA,35
"rble","red-billed leiothrix","u",55,24.6,61,NA,NA,23
"rble","red-billed leiothrix","u",52,22.2,63,NA,NA,21
"rble","red-billed leiothrix","u",55,23.1,69,NA,NA,28
"rble","red-billed leiothrix","u",54,24,67,NA,NA,21
"rble","red-billed leiothrix","u",58,24.6,68,NA,NA,23
"rwbu","red-whiskered bulbul","u",87,19,84,NA,NA,28.5
"rwbu","red-whiskered bulbul","u",76,19.5,78,NA,NA,28
"rwbu","red-whiskered bulbul","u",78,19,80,NA,NA,29
"rwbu","red-whiskered bulbul","u",85,18.5,83,NA,NA,30
"rvbu","red-vented bulbul","u",92.5,21.4,91,9.1,13.1,NA
"rble","red-billed leiothrix","u",57,22.7,69,NA,NA,5
"rble","red-billed leiothrix","u",52,23.3,63,NA,NA,20
"wrsh","white-rumped shama","m",129,27.9,88,NA,NA,33
"rble","red-billed leiothrix","u",54,24.3,65,7,10.2,22
"rble","red-billed leiothrix","u",54,23.9,64,NA,NA,20
"jawe","Japanese white-eye","m",43,17.4,69,NA,NA,11
"jawe","Japanese white-eye","m",45,16.6,58,NA,NA,12
"jawe","Japanese white-eye","m",44,16.45,58,NA,NA,10
"jawe","Japanese white-eye","m",43,16.8,59,NA,NA,12
"jawe","Japanese white-eye","m",42,17.2,58,NA,NA,11
"jawe","Japanese white-eye","u",43,17.3,59,NA,NA,17
"jawe","Japanese white-eye","u",NA,NA,NA,NA,NA,13
"jawe","Japanese white-eye","u",42,18,57.5,NA,NA,13
"jawe","Japanese white-eye","u",43,17.6,60,7.8,7.2,11
"rwbu","red-whiskered bulbul","u",78,19.4,76,NA,NA,25
"rvbu","red-vented bulbul","u",96,22.6,102,NA,12.3,40.5
"jawe","Japanese white-eye","u",41,17.65,60,NA,NA,11
"rwbu","red-whiskered bulbul","u",71,20,76,9,10,24
"rwbu","red-whiskered bulbul","u",77,18.4,78,NA,NA,27
"rble","red-billed leiothrix","u",53,24.2,65,NA,NA,23
"jawe","Japanese white-eye","u",41,17.8,57,NA,NA,10
"jawe","Japanese white-eye","u",41,18.3,59,NA,NA,12
"jawe","Japanese white-eye","u",41,18.1,57,NA,NA,12.5
"jawe","Japanese white-eye","u",42,16.5,57,NA,NA,11
"rwbu","red-whiskered bulbul","u",79,19.2,79,NA,NA,27
"rwbu","red-whiskered bulbul","u",78,18.7,80,NA,NA,27
"rwbu","red-whiskered bulbul","u",79,19.6,82,NA,NA,27
"rwbu","red-whiskered bulbul","u",79,19.7,77,NA,NA,30
"jawe","Japanese white-eye","u",42,NA,60,NA,NA,12
"jawe","Japanese white-eye","u",43,18.5,59,NA,NA,11
"wrsh","white-rumped shama","m",111,22.6,86,NA,NA,25
"rble","red-billed leiothrix","u",NA,NA,NA,NA,NA,22
"rble","red-billed leiothrix","u",56,22.9,68,8.2,9.1,23
"rble","red-billed leiothrix","u",57,NA,67,NA,NA,23
"rwbu","red-whiskered bulbul","u",83,21.1,84,NA,NA,26.5
"rble","red-billed leiothrix","u",55,23.5,65,NA,NA,23
"rble","red-billed leiothrix","u",54,24,67,NA,NA,23
"rwbu","red-whiskered bulbul","u",82,19.9,79,NA,NA,26
"rwbu","red-whiskered bulbul","u",84,20.4,82,NA,NA,25
"rwbu","red-whiskered bulbul","u",78,20.4,79,NA,NA,29.5
"wrsh","white-rumped shama","u",110,26.1,86,NA,NA,26
"rwbu","red-whiskered bulbul","u",74,21.1,76,8.6,11,24.5
"jawe","Japanese white-eye","u",42,17.6,60,NA,NA,13
"jawe","Japanese white-eye","u",43,16.7,57,NA,NA,11
"jawe","Japanese white-eye","u",41,17.4,58,NA,NA,12
"rble","red-billed leiothrix","u",58,24.5,70.5,NA,NA,22
"rwbu","red-whiskered bulbul","u",74,20.4,79,NA,NA,29
"jawe","Japanese white-eye","u",46,17,60,NA,NA,11.5
"jawe","Japanese white-eye","u",42,17.7,59,NA,NA,12
"jawe","Japanese white-eye","u",40,16.6,57,NA,NA,12
"jawe","Japanese white-eye","u",42,17.55,58,NA,NA,11
"rble","red-billed leiothrix","u",52,24.2,62,NA,NA,22
"rble","red-billed leiothrix","u",52,23.5,65,NA,NA,23
"rble","red-billed leiothrix","u",54,20.9,65,NA,NA,20
"rble","red-billed leiothrix","u",56,24.4,65,NA,NA,23
"rble","red-billed leiothrix","u",57,22.3,68,NA,NA,22
"rble","red-billed leiothrix","u",59,24.6,66.5,NA,NA,23.5
"rwbu","red-whiskered bulbul","u",78,20.8,83,NA,NA,23.5
"rwbu","red-whiskered bulbul","u",75,19.8,78,NA,NA,32
"rwbu","red-whiskered bulbul","u",71,19.5,77,NA,NA,26.5
"rwbu","red-whiskered bulbul","u",80,20.1,79,NA,NA,27.5
"jawe","Japanese white-eye","u",38.5,17,59,NA,NA,NA
"jawe","Japanese white-eye","u",41,17.6,61,NA,NA,12
"jawe","Japanese white-eye","u",41,15.5,58,NA,NA,7
"jawe","Japanese white-eye","u",42,17.2,61,NA,NA,15
"jawe","Japanese white-eye","u",41,16.9,58,NA,NA,10
"jawe","Japanese white-eye","u",42,17.2,57,NA,NA,10
"jawe","Japanese white-eye","u",43,17.4,59,NA,NA,12
"rwbu","red-whiskered bulbul","u",74,21.1,77,NA,NA,25
"rwbu","red-whiskered bulbul","u",81,21,82,NA,NA,27
"rwbu","red-whiskered bulbul","u",83,21.2,82,NA,NA,26
"rble","red-billed leiothrix","u",55,25.6,68.5,NA,NA,21
"rwbu","red-whiskered bulbul","u",80,19.9,80,NA,NA,27
"jawe","Japanese white-eye","u",44,17.9,60,NA,NA,12
"jawe","Japanese white-eye","u",40,17.8,59,NA,NA,10
"jawe","Japanese white-eye","u",41,18.5,58,NA,NA,12
"jawe","Japanese white-eye","u",40.5,17.5,56,NA,NA,11
"jawe","Japanese white-eye","u",46,17.5,59,NA,NA,11
"rble","red-billed leiothrix","u",53,23.6,66,NA,NA,24.5
"rble","red-billed leiothrix","u",52,23.9,62,NA,NA,21
"rble","red-billed leiothrix","u",50,24.5,66,NA,NA,22
"rwbu","red-whiskered bulbul","u",83,19.3,81.5,NA,NA,32
"rwbu","red-whiskered bulbul","u",NA,19,79.5,NA,NA,29
"jawe","Japanese white-eye","u",43,17.8,60,NA,NA,12
"jawe","Japanese white-eye","u",39,18,59,NA,NA,11.5
"rble","red-billed leiothrix","u",56,23.9,67,NA,NA,22.5
"rble","red-billed leiothrix","u",51,24.7,64,7.3,NA,20.5
"rble","red-billed leiothrix","u",55,24.8,66,NA,NA,21
"rwbu","red-whiskered bulbul","u",85,20.5,85,NA,NA,28.5
"jawe","Japanese white-eye","u",41,18.3,59,NA,NA,10.5
"jawe","Japanese white-eye","u",40,18.2,59,NA,NA,12.5
"rble","red-billed leiothrix","u",53,24,63,NA,NA,25
"rble","red-billed leiothrix","u",55,23.5,65,NA,NA,21
"rble","red-billed leiothrix","u",57,24.2,70,NA,NA,24
"rble","red-billed leiothrix","u",57,22,60,NA,NA,NA
"rble","red-billed leiothrix","u",56,23,69,NA,NA,NA
"rble","red-billed leiothrix","u",52,23.1,NA,NA,NA,16
"wrsh","white-rumped shama","u",116,25.6,89,NA,NA,30
"rble","red-billed leiothrix","u",54,24.3,72,NA,NA,22
"jawe","Japanese white-eye","m",43,18,61,NA,NA,11.5
"jawe","Japanese white-eye","m",40,17.8,57,NA,NA,11
"wrsh","white-rumped shama","m",121,27.1,89,NA,NA,39
"rwbu","red-whiskered bulbul","u",84,20.1,83,NA,NA,24
"rble","red-billed leiothrix","u",54,23.4,63,NA,NA,20
"rble","red-billed leiothrix","u",56,23.2,69,NA,NA,21.5
"rble","red-billed leiothrix","u",55,24.6,68.5,NA,NA,23.5
"rble","red-billed leiothrix","u",51,23.8,64,NA,NA,21.5
"rble","red-billed leiothrix","u",55,23.8,67,NA,NA,20
"wrsh","white-rumped shama","f",104,23,86,NA,NA,31.5
"rble","red-billed leiothrix","u",54,23.2,65,NA,NA,20.5
"rble","red-billed leiothrix","m",54,23.6,66,NA,NA,21.5
"rwbu","red-whiskered bulbul","u",73,19.8,76,NA,NA,23.5
"rwbu","red-whiskered bulbul","u",78,19.1,80.5,NA,NA,22
"rble","red-billed leiothrix","u",54,23.7,70,NA,NA,24.5
"wrsh","white-rumped shama","f",114,24,86,NA,NA,29
"rble","red-billed leiothrix","u",52,24.8,63,NA,NA,24.5
"jawe","Japanese white-eye","u",39,17.5,58,NA,NA,9.5
"jawe","Japanese white-eye","m",41,15.9,57,NA,NA,9
"jawe","Japanese white-eye","u",42,18.4,58,NA,NA,10
"jawe","Japanese white-eye","u",42,17.4,56,NA,NA,11
"rvbu","red-vented bulbul","u",88,23.5,95,9.9,NA,35
"jawe","Japanese white-eye","u",42,17.3,58,NA,NA,NA
"wrsh","white-rumped shama","m",136,26.6,88,NA,NA,36
"rble","red-billed leiothrix","u",55,23.6,65,NA,NA,23
"wrsh","white-rumped shama","m",127,26.2,91,NA,NA,30
"rble","red-billed leiothrix","u",53,22.4,65.5,NA,NA,20.5
"jawe","Japanese white-eye","u",41,17.7,NA,NA,NA,11
"wrsh","white-rumped shama","f",99,24.3,85,NA,NA,35
"rble","red-billed leiothrix","u",NA,NA,NA,NA,NA,20.5
"rble","red-billed leiothrix","u",52,23.7,66,NA,NA,21
"rble","red-billed leiothrix","u",53,22.8,65,NA,NA,21.5
"rble","red-billed leiothrix","u",58,25.4,68,NA,NA,20.5
"rble","red-billed leiothrix","u",54,24.5,66,NA,NA,20.5
"jawe","Japanese white-eye","u",42,18.2,57,NA,NA,10
"rble","red-billed leiothrix","u",55,23.1,68,NA,NA,7.5
"wrsh","white-rumped shama","f",112,24.2,90,NA,NA,29.5
"rble","red-billed leiothrix","u",55,23.6,65,NA,NA,19
"rble","red-billed leiothrix","u",57,23.4,68,NA,NA,17
"rble","red-billed leiothrix","u",55,21.6,69,NA,NA,22
"jawe","Japanese white-eye","m",40,17.5,56,NA,NA,10.5
"wrsh","white-rumped shama","f",100,23.2,85,10.6,12.5,28
"rble","red-billed leiothrix","u",52,25,63,NA,NA,23.5
"rble","red-billed leiothrix","u",58,23.7,69,NA,NA,20
"wrsh","white-rumped shama","m",125,25.1,91,NA,NA,34.5
"jawe","Japanese white-eye","u",40,18,59,NA,NA,10
"jawe","Japanese white-eye","u",41,17.5,59,NA,NA,9.5
"jawe","Japanese white-eye","u",45,17.1,57,NA,NA,9.5
"jawe","Japanese white-eye","u",45,18.7,56,NA,NA,10
"jawe","Japanese white-eye","u",40,18,56,NA,NA,12.5
"jawe","Japanese white-eye","u",42,17.9,59,NA,NA,10
"rble","red-billed leiothrix",NA,57,24.6,68,NA,NA,NA
"rble","red-billed leiothrix",NA,57,24.2,65,NA,NA,22
"jawe","Japanese white-eye",NA,40,17.5,60,NA,NA,12
"rwbu","red-whiskered bulbul","u",76,20.9,75,NA,NA,25.5
"rvbu","red-vented bulbul","u",90,25.3,95,10.9,14,44
"rvbu","red-vented bulbul","u",99,25.1,98,NA,13.6,34.5
"jawe","Japanese white-eye","u",40,17.2,57,NA,NA,9.5
"rble","red-billed leiothrix","u",54,24.1,66,NA,NA,21.5
"jawe","Japanese white-eye","u",39,17.6,59,NA,NA,10.5
"rwbu","red-whiskered bulbul","u",74,19.6,78,NA,NA,26
"rble","red-billed leiothrix","u",52,24.2,67,NA,NA,24
"rvbu","red-vented bulbul","u",88,23.5,94,NA,NA,37
"jawe","Japanese white-eye","u",41,17.5,57,NA,NA,10
"rble","red-billed leiothrix","u",55,24.8,65,NA,NA,21
"jawe","Japanese white-eye","u",41,17.9,58,NA,NA,9
"rble","red-billed leiothrix","m",55,24.7,67,NA,NA,24
"rble","red-billed leiothrix","u",55,22.3,67,NA,NA,18
"rble","red-billed leiothrix","u",53,23,65,NA,NA,21
"jawe","Japanese white-eye","u",41,18,57,NA,NA,10.5
"rble","red-billed leiothrix","u",57,23.7,69,NA,NA,15.5
"rble","red-billed leiothrix","u",55,23.2,67,NA,NA,19
"jawe","Japanese white-eye","u",42,17.7,59,NA,NA,9.5
"jawe","Japanese white-eye","u",40,17.9,54,NA,NA,11
"jawe","Japanese white-eye","u",43,18.1,60,NA,NA,NA
"jawe","Japanese white-eye","u",38,17.2,58,NA,NA,11.5
"jawe","Japanese white-eye","u",41,17.5,60,NA,NA,11.5
"jawe","Japanese white-eye","u",43,17.4,58,NA,NA,10.5
"jawe","Japanese white-eye","m",40,16.9,60,NA,NA,9
"jawe","Japanese white-eye","m",42,17.1,59,NA,NA,11.5
"wrsh","white-rumped shama","f",104,24.3,83,NA,NA,24
"rble","red-billed leiothrix","u",NA,25.2,68,NA,NA,24
"rwbu","red-whiskered bulbul","f",81,19.7,79,NA,NA,27
"rwbu","red-whiskered bulbul","u",82,19.8,63,9.7,11.4,28
"rble","red-billed leiothrix","f",57,23.5,68,NA,NA,19
"jawe","Japanese white-eye","m",41,17.5,58,NA,NA,10
"jawe","Japanese white-eye","f",41,17.6,57,NA,NA,12
"jawe","Japanese white-eye","u",37,18.1,56,NA,NA,9
"jawe","Japanese white-eye","u",39,17.1,59,NA,NA,10
"rble","red-billed leiothrix",NA,53,23.7,66,NA,NA,19
"rble","red-billed leiothrix","u",56,24.6,67,NA,NA,23
"rble","red-billed leiothrix","u",56,23.6,65,NA,NA,20
"wrsh","white-rumped shama","m",126,24,92,12,13.3,31.5
"rble","red-billed leiothrix","u",55,23.6,67,NA,NA,22
"jawe","Japanese white-eye","u",40,17.5,56,NA,NA,10
"rble","red-billed leiothrix","f",55,23.7,66,NA,NA,20
"rwbu","red-whiskered bulbul","u",77,19.6,79,9.8,12.9,27.5
"rble","red-billed leiothrix","u",56,23.3,65,NA,NA,20.5
"wrsh","white-rumped shama","f",103,24.1,86,NA,NA,26
"rwbu","red-whiskered bulbul","f",NA,NA,NA,NA,NA,NA
"rble","red-billed leiothrix","u",54,23.1,64,NA,NA,16.5
"rwbu","red-whiskered bulbul","u",78,18.6,82,NA,NA,26
"rwbu","red-whiskered bulbul","u",78,18.7,78,NA,NA,27
"rvbu","red-vented bulbul","u",87,22.6,93,NA,NA,36.5
"jawe","Japanese white-eye","m",43,17.8,58,NA,NA,11.5
"jawe","Japanese white-eye","u",42,17.6,58,NA,NA,11
"rwbu","red-whiskered bulbul","u",77,19.7,80,NA,NA,27
"rble","red-billed leiothrix","u",55,24.2,67,NA,NA,21.5
"jawe","Japanese white-eye","u",42,18.3,58,NA,NA,8
"rble","red-billed leiothrix","u",54,24.4,65,NA,NA,21.5
"rble","red-billed leiothrix","u",57,25.1,67,NA,NA,21.5
"rble","red-billed leiothrix","u",54,22.4,63,NA,NA,23
"rwbu","red-whiskered bulbul","u",81,19.9,79,NA,NA,28.5
"rble","red-billed leiothrix","u",56,23.1,65,NA,NA,17
"rwbu","red-whiskered bulbul","u",88,21.5,86,NA,NA,30
"rble","red-billed leiothrix","u",54,22.7,65,NA,NA,22
"rble","red-billed leiothrix","u",55,22.6,64,NA,NA,22
"rble","red-billed leiothrix","u",54,24.6,63,NA,NA,21.5
"rble","red-billed leiothrix","u",54,24.8,66,NA,NA,20
"rble","red-billed leiothrix","u",55,24.1,67,NA,NA,22
"rble","red-billed leiothrix","u",68,23.5,54,NA,NA,20.5
"jawe","Japanese white-eye","u",41,17.6,60,NA,NA,12
"jawe","Japanese white-eye","u",40.5,17.7,56,NA,NA,13
"jawe","Japanese white-eye","u",NA,16.7,55,NA,NA,9.5
"jawe","Japanese white-eye","u",41,18,58,NA,NA,10.5
"jawe","Japanese white-eye","u",37,17.7,54,NA,NA,10
"jawe","Japanese white-eye","u",41,18,58,NA,NA,11
"rble","red-billed leiothrix","m",59,24.4,70,NA,NA,20
"jawe","Japanese white-eye","u",41,17.7,59,NA,NA,10.5
"jawe","Japanese white-eye","m",43,17.8,59,NA,NA,11
"rble","red-billed leiothrix","u",54,23,63,NA,NA,19
"wrsh","white-rumped shama","m",157,26.4,94,NA,NA,33
"jawe","Japanese white-eye","u",42,17.9,58,NA,NA,10
"rble","red-billed leiothrix","f",NA,NA,NA,NA,NA,23
"rble","red-billed leiothrix","f",55,24.6,67,NA,NA,22
"rble","red-billed leiothrix","u",60,24.6,69,NA,NA,21
"wrsh","white-rumped shama","m",144,25.9,97,NA,NA,31
"rble","red-billed leiothrix","u",60,25,70,NA,NA,16
"rble","red-billed leiothrix","u",55,25,67,NA,NA,22
"rwbu","red-whiskered bulbul","u",NA,NA,NA,NA,NA,27
"rble","red-billed leiothrix","u",59,24,66,NA,NA,19
"rwbu","red-whiskered bulbul","u",80,NA,80,NA,NA,29
"rwbu","red-whiskered bulbul","u",70,21.3,81,NA,NA,28
"jawe","Japanese white-eye","u",42,17.3,59,NA,NA,11.2
"rble","red-billed leiothrix","u",55.5,23.7,65,NA,NA,22
"jawe","Japanese white-eye","u",41,17.5,56,NA,NA,12.5
"rble","red-billed leiothrix","u",61,24.3,70,NA,NA,21
"rvbu","red-vented bulbul","u",86,19.8,96,NA,NA,33.5
"wrsh","white-rumped shama","f",102,25.8,88,NA,NA,26
"rble","red-billed leiothrix","u",56,22.2,69,NA,NA,20
"rble","red-billed leiothrix","u",58,24,69,NA,NA,22
"rble","red-billed leiothrix","u",59,23.5,69,NA,NA,21
"rble","red-billed leiothrix","u",55,24,66,NA,NA,21
"rble","red-billed leiothrix","u",59,23.5,70,NA,NA,24
"wrsh","white-rumped shama","m",144,26.1,93,NA,NA,33.5
"rble","red-billed leiothrix","u",58,24.4,69,8.5,9.4,21
"rwbu","red-whiskered bulbul","u",82,20.3,85,NA,NA,27.5
"jawe","Japanese white-eye","u",43,18.1,58,NA,NA,10
"jawe","Japanese white-eye","u",42,17.4,61,NA,NA,10.5
"jawe","Japanese white-eye","u",41,18,60,NA,NA,10
"rwbu","red-whiskered bulbul","u",75,19.1,79,NA,NA,28
"rble","red-billed leiothrix","u",56,23.2,70,NA,NA,20
"rble","red-billed leiothrix","u",57,23,71,NA,NA,20.5
"rble","red-billed leiothrix",NA,NA,NA,NA,NA,NA,20
"jawe","Japanese white-eye","u",42,17.8,60,NA,NA,11
"jawe","Japanese white-eye","u",42,17.9,59,NA,NA,11
"jawe","Japanese white-eye","u",42,18.1,61,NA,NA,12
"jawe","Japanese white-eye","u",41,17.1,57,NA,NA,11
"jawe","Japanese white-eye","u",39,17.9,59,NA,NA,10.5
"rble","red-billed leiothrix","u",55,23.8,65,NA,NA,22
"jawe","Japanese white-eye","u",40,18.36,58,NA,NA,13.5
"rble","red-billed leiothrix","u",NA,NA,NA,NA,NA,21.5
"rwbu","red-whiskered bulbul","u",74,20.1,74,NA,NA,23
"wrsh","white-rumped shama","m",120,25,93,NA,NA,33
"rble","red-billed leiothrix",NA,60,21.5,67,NA,NA,20
"rble","red-billed leiothrix",NA,55,22.6,66,NA,NA,23
"jawe","Japanese white-eye",NA,39,NA,54,NA,NA,8
"rwbu","red-whiskered bulbul",NA,75,20.2,77,8.8,NA,26
"jawe","Japanese white-eye",NA,41,16.6,58,NA,NA,13
"jawe","Japanese white-eye",NA,45,17,59,NA,NA,12
"jawe","Japanese white-eye","u",42,17,55,NA,NA,11
"jawe","Japanese white-eye","u",41,16.9,59,NA,NA,11
"jawe","Japanese white-eye","u",41,17.9,56,NA,NA,8
"jawe","Japanese white-eye","u",43,16.8,60,NA,NA,11
"jawe","Japanese white-eye","u",40,17.8,58,NA,NA,11
"jawe","Japanese white-eye","u",41,16.9,59,NA,NA,18
"jawe","Japanese white-eye","u",43,16.6,58,NA,NA,9
"jawe","Japanese white-eye","u",43,17.5,59,NA,NA,11
"rble","red-billed leiothrix","u",55,24,63,NA,NA,20
"rble","red-billed leiothrix","u",56,23.8,68,NA,NA,22
"rble","red-billed leiothrix","u",NA,20.5,64,NA,NA,20
"jawe","Japanese white-eye","u",42,17.9,60,NA,NA,10
"jawe","Japanese white-eye","u",43,17.5,60,NA,NA,11
"jawe","Japanese white-eye","u",42,17.7,59,NA,NA,11
"rble","red-billed leiothrix","u",40,24.5,67,NA,NA,22
"rble","red-billed leiothrix","u",NA,24.9,68,NA,NA,22.5
"rble","red-billed leiothrix","u",56,24.6,68,NA,NA,26
"jawe","Japanese white-eye","u",41,18.3,58,NA,NA,11
"jawe","Japanese white-eye","u",50,17.9,58,NA,NA,11
"jawe","Japanese white-eye","u",39,17.8,56,NA,NA,9
"jawe","Japanese white-eye","u",43,16.7,61,NA,NA,10
"jawe","Japanese white-eye","u",38,17.5,55,NA,NA,NA
"rble","red-billed leiothrix","u",52,23.4,62,NA,NA,14
"jawe","Japanese white-eye","u",34,17.6,58,NA,NA,9
"jawe","Japanese white-eye","u",37,17.7,56,NA,NA,12
"jawe","Japanese white-eye","u",42,17.4,59,NA,NA,11
"jawe","Japanese white-eye","u",38,17,52,NA,NA,8
"jawe","Japanese white-eye","u",43,18,61,NA,NA,11
"rble","red-billed leiothrix","u",53,24.6,71,7.1,10.2,22
"rvbu","red-vented bulbul","u",95,25.8,104,NA,NA,39
"rvbu","red-vented bulbul","u",85,25.7,98,NA,NA,NA
"rvbu","red-vented bulbul","u",NA,23.8,95,NA,NA,35
"wrsh","white-rumped shama","f",120,26.4,89,NA,NA,32
"rble","red-billed leiothrix","u",50,23.3,67,NA,NA,16
"rble","red-billed leiothrix","u",57,24.3,70,NA,NA,24
"rwbu","red-whiskered bulbul","u",64,17.1,69,NA,NA,19
"jawe","Japanese white-eye",NA,32,19,60,NA,NA,12
"rble","red-billed leiothrix","u",58,22.4,68,NA,NA,24
"rble","red-billed leiothrix","u",54,22.2,65,NA,NA,NA
"jawe","Japanese white-eye","u",38,16.2,58,NA,NA,10
"jawe","Japanese white-eye","u",39,17.4,58,NA,NA,12
"jawe","Japanese white-eye","u",39,17.1,58,NA,NA,12
"jawe","Japanese white-eye","u",38,17.5,56,NA,NA,12
"jawe","Japanese white-eye","u",43,17.8,59,NA,NA,11
"jawe","Japanese white-eye","u",36,17.6,58,NA,NA,12
"jawe","Japanese white-eye","u",35,17.8,59,NA,NA,10
"jawe","Japanese white-eye","u",39,17.7,60,NA,NA,12
"jawe","Japanese white-eye","u",39,17.6,58,NA,NA,13
"jawe","Japanese white-eye","u",38,16.5,57,NA,NA,11
"rwbu","red-whiskered bulbul","u",86,20.4,85,8.6,10.5,31
"jawe","Japanese white-eye","u",38,17.4,57,NA,NA,11
"wrsh","white-rumped shama","m",129,NA,95,NA,NA,36.5
"jawe","Japanese white-eye","u",36,17.5,58,NA,NA,11
"rble","red-billed leiothrix","u",56,23.5,66,NA,NA,24
"jawe","Japanese white-eye","u",40,17.9,59,NA,NA,11
"jawe","Japanese white-eye","u",36,17.1,58,NA,NA,12
"rble","red-billed leiothrix","u",56,24.7,68,NA,NA,23
"rble","red-billed leiothrix","u",59,24.1,70,NA,NA,21
"rble","red-billed leiothrix","u",56,24.2,69,NA,NA,26
"rble","red-billed leiothrix","u",60,23.7,70,NA,NA,25
"rble","red-billed leiothrix","u",59,23.4,67,NA,NA,15
"rble","red-billed leiothrix","u",56,24.3,65,NA,NA,25
"rwbu","red-whiskered bulbul","u",82,19.1,79,NA,NA,35
