site,date,species,band_number,colors,sex,tail,tarsus,wing,total_culmen,nares_to_tip,width,depth,gape,mass_bird_bag,mass_bag,mass
MOA,10/31/2014,rble,271112702,ysro,u,61,24.7,70,NA,8.1,4.2,4.4,6.8,41,25,16
MOA,10/31/2014,rble,271112703,ysyg,u,56,23.5,66,NA,8.4,4,4.7,8.7,40.5,18.5,22
MOA,11/1/2014,rwbu,265130702,wsrd,u,81,20.6,80,NA,9.9,4.8,5.1,10.8,53,25,28
MOA,11/1/2014,rwbu,265130703,wsyg,u,79,20.4,80,NA,9.4,5.1,4.9,10.6,49,24,25
MOA,11/1/2014,rwbu,265130704,wsoo,u,77,17.5,76,NA,10.7,5.5,4.3,11.1,48,27.5,20.5
MOA,11/1/2014,rwbu,265130705,wsyd,m,77,18.5,80,NA,NA,5.5,5.1,11.7,55,26,29
MOA,11/1/2014,rwbu,265130706,wsgw,m,81,17.8,79,NA,10.2,4.6,5.4,10.4,50,25,25
MOA,11/1/2014,rble,271112705,yswg,u,54,21.5,61,NA,8.2,3.6,4.2,9.2,44.5,25,19.5
EKA,11/4/2014,wrsh,265130707,osgd,m,137,26.3,95,NA,13.2,5,5,12.3,55,26,29
EKA,11/4/2014,rble,271112706,ysyo,u,53,23.9,67,NA,8.4,4.6,4.9,8.9,51,28,23
EKA,11/4/2014,rble,271112707,ysyr,u,61,23.5,68,NA,9.9,4.5,5.1,11.5,49,26,23
EKA,11/4/2014,rble,271112708,ysgy,m,58.5,24.1,68.5,NA,8,5,5,12.1,46.5,25.5,21
EKA,11/4/2014,jawe,275000601,wsod,m,41,18.8,60,NA,7.4,4.4,3.7,7.6,36,26,10
EKA,11/4/2014,jawe,275000602,wsdd,m,40,17.8,50.8,NA,8.6,3.4,3.5,6.7,36,25,11
EKA,11/4/2014,jawe,275000603,wsrr,m,41,18.1,60,NA,8.2,4.7,3.9,5.6,38,27,11
EKA,11/5/2014,rble,271112709,yswd,u,54,24.1,66,NA,7,4.6,5,9,47,25.5,21.5
EKA,11/5/2014,rble,271112710,ysod,u,50,26,70,NA,8.2,4.4,5.4,8.3,46,25,21
EKA,11/5/2014,rble,271112711,ysoo,u,56,24.4,70,NA,7.9,4.5,5,8.5,53,30,23
EKA,11/5/2014,rble,271112712,ysww,u,55,24,70,NA,7.5,4.3,5.3,9.4,52,27,25
EKA,11/5/2014,rble,271112713,ysow,u,59,23.2,66,NA,9.4,4.6,5,10.4,49,26,23
EKA,11/5/2014,jawe,275000604,wsyo,u,43,17.8,59,NA,7.5,4,3.3,8.2,31,19.5,11.5
EKA,11/5/2014,jawe,275000605,wsrd,u,43,17.1,59,NA,7.9,3.4,3.6,5.3,42,31,11
EKA,11/5/2014,jawe,275000606,wswg,u,41,17.6,58,NA,8.1,3.6,3.2,5.5,40,29,11
EKA,11/5/2014,jawe,275000607,wsyd,u,41,17.8,59,NA,8.6,3.3,3.1,5.9,41,32,9
EKA,11/5/2014,jawe,275000608,wsyg,u,46,17.3,60,NA,7.6,3.9,3.2,7.3,44,34,10
EKA,11/5/2014,jawe,275000609,wswd,m,35,17,56,NA,7.9,3.5,3.3,5.2,34,25,9
EKA,11/5/2014,jawe,275000610,wsry,u,39,18.1,58,NA,9.1,3.6,3.2,6,38,25,13
EKA,11/5/2014,jawe,275000611,wsoo,m,43,18.1,59,NA,9.2,3.8,3.6,5.7,33,25,8
EKA,11/5/2014,jawe,275000613,wsdo,m,42,17.8,59,NA,9.4,3.5,3.5,5.4,35,24,11
EKA,11/5/2014,jawe,275000615,wsgy,m,42,18.1,60,NA,9,3.8,3.7,6.1,18,8,10
EKA,11/5/2014,jawe,275000616,wsro,m,44,17.5,58,NA,8.1,4.4,3.6,8,37,25,12
EKA,11/5/2014,rble,NA,NA,u,NA,NA,NA,NA,NA,NA,NA,NA,49,27,22
PAH,11/6/2014,rble,271112714,ysdy,u,51,23.3,70,NA,7.5,6,5.5,8.5,46,24.5,21.5
PAH,11/6/2014,rble,271112715,ysry,u,57,23,67,NA,8.9,4.7,4.7,7.5,45,25,20
PAH,11/7/2014,rble,271112717,ysdd,u,56,23.8,69,NA,NA,5.3,5.4,10.6,48,26.5,21.5
PAH,11/7/2014,rble,271112718,ysdo,u,55,26.6,69,NA,8.1,5.2,4.7,8.1,43,25.5,17.5
PAH,11/7/2014,jawe,275000618,wsog,u,51,17.2,61,NA,7.8,5,3.5,6.1,35,25,10
PAH,11/7/2014,rble,NA,NA,u,NA,NA,NA,NA,NA,NA,NA,NA,48.5,26,22.5
MOA,11/11/2014,rvbu,265130708,rsyd,u,83,23.9,91,NA,10.7,6.3,5.1,11.8,48,21,27
MOA,11/11/2014,rvbu,265130709,rsgy,u,81,25.8,91,NA,10.5,6.2,6,11.5,50,17,33
MOA,11/11/2014,wrsh,265130794,osgg,m,139,25.7,88,NA,10.8,5.8,5.5,10.5,48,20.5,27.5
MOA,11/11/2014,rble,271112719,ysdg,u,54,21,64,NA,8.3,5.1,NA,8.2,45,28,17
MOA,11/11/2014,rble,271112720,yswo,u,55,24.3,65,NA,9.9,4.8,4.4,10.9,50,28,22
MOA,11/11/2014,rble,271112721,ysrw,u,57,25.3,69,NA,7.3,5.4,4.8,8,28,8,20
MOA,11/11/2014,rble,271112722,ysgr,u,56,20.5,70,NA,9.8,3.5,4.5,8.4,43,23.5,19.5
MOA,11/11/2014,rble,271112723,ysdw,u,54,23.5,65,NA,7.4,4.6,4.5,7.9,42,25,17
MOA,11/11/2014,rble,271112724,ysgo,u,53,24.6,66,NA,8.1,4.9,5,NA,46,26.5,19.5
MOA,11/11/2014,rble,271112725,yswr,u,52,23.9,67,NA,8.9,5.2,5,8.5,48,25.5,22.5
MOA,11/11/2014,rble,271112726,ysrg,u,58,23.2,65,NA,9.4,3.9,4.9,11.6,46,27,19
MOA,11/11/2014,rble,271112727,ysog,u,55,20.2,68,NA,7.3,5.1,4.8,9.9,44,24,20
MOA,11/11/2014,rble,271112728,ysgd,u,55,23.8,66,NA,8.4,5.1,5,8.5,45,26,19
MOA,11/11/2014,rble,271112729,ysrd,u,54,20.6,64,NA,7.7,4.1,4.5,10.5,44,26,18
MOA,11/11/2014,rble,271112730,ysdr,u,58,24.2,71,NA,8.1,5.2,5.7,8.5,48,25,23
MOA,11/11/2014,rble,271112731,ysor,u,57,23.2,67,NA,7.1,3.5,4.5,9.1,44,24,20
MOA,11/11/2014,rble,271112732,osww,u,52,22.7,63,NA,8.4,5.1,4.4,9.6,45,25,20
MOA,11/11/2014,rble,271112733,osgg,u,55,23.7,66,NA,7.9,4.7,4.5,8.2,45,27,18
MOA,11/11/2014,rble,271112735,osrd,u,57,23.1,69,NA,7.7,3.9,4.5,9,47,26,21
MOA,11/11/2014,rble,271112736,osgw,u,56,23.1,66,NA,7.5,5.1,5,9.2,47,27,20
MOA,11/11/2014,rble,271112737,osdw,u,59,25.2,70,NA,8.3,5.1,5.2,8.2,46,25,21
MOA,11/11/2014,rble,271112738,oswr,u,59,25.1,70,NA,8.5,4.5,4.6,10.6,32,8,24
MOA,11/11/2014,rble,271112739,osrg,u,NA,NA,67,NA,NA,NA,NA,NA,51,28,23
MOA,11/11/2014,rble,271112741,osrw,u,NA,23.3,67,NA,8.2,5.1,5,8.8,46,26,20
MOA,11/11/2014,rble,271112742,osdg,u,52,24.1,58,NA,7.6,4.8,6.2,8.2,42,25,17
MOA,11/11/2014,rble,271112743,osrr,u,51,21,62,NA,7.1,5.4,5,10,47,28.5,18.5
MOA,11/11/2014,rble,271112744,oswg,u,56,23.2,67,NA,7.5,4.9,4.9,8.4,28,8,20
MOA,11/11/2014,rble,271112745,osxx,u,58,23.1,68,NA,7.8,4.9,5,9.4,29,7.5,21.5
MOA,11/11/2014,rwbu,271112746,wsrr,u,78,19.1,78,NA,9.1,5.4,4.5,10.7,43,18,25
MOA,11/11/2014,rble,271112747,wsdg,u,NA,22.5,66,NA,8.4,5.1,5.2,9.9,45,25,20
MOA,11/11/2014,rble,271112748,wsdr,u,57,25.4,64,NA,NA,NA,NA,NA,38,17,21
MOA,11/11/2014,rble,271112750,wsdo,u,56,24.6,59,NA,7.5,5.2,4.6,10.4,46,28.5,17.5
MOA,11/11/2014,rble,271112751,xxxq,u,58,NA,68,NA,NA,NA,NA,NA,45,24,21
MOA,11/11/2014,rble,271112752,wsrg,u,51,NA,65,NA,NA,NA,NA,NA,37,NA,NA
MOA,11/11/2014,rble,271112753,xxxq,u,55,NA,64,NA,NA,NA,NA,NA,49,28,21
MOA,11/11/2014,rble,271112754,xxxq,u,50,NA,63,NA,NA,NA,NA,NA,44,25,19
MOA,11/11/2014,rble,271112755,xxxq,u,56,NA,67,NA,NA,NA,NA,NA,45,25,20
MOA,11/11/2014,rble,271112756,xxxq,u,55,NA,69,NA,NA,NA,NA,NA,46,26,20
MOA,11/11/2014,rble,271112757,xxxq,u,53,NA,65,NA,NA,NA,NA,NA,44,26,18
MOA,11/11/2014,rble,271112758,xxxq,u,56,NA,67,NA,NA,NA,NA,NA,29,8,21
MOA,11/11/2014,rble,271112759,xxxq,u,54,NA,67,NA,NA,NA,NA,NA,46,25,21
MOA,11/11/2014,rble,271112760,xxxq,u,61,NA,71,NA,NA,NA,NA,NA,47,24.5,22.5
MOA,11/11/2014,rwbu,271112761,xxxq,u,75,21,79,NA,9,5.8,5,10.6,50,25,25
MOA,11/11/2014,rble,271112762,xxxq,u,52,NA,65,NA,NA,NA,NA,NA,45,26,19
MOA,11/11/2014,rble,271112763,xxxq,u,58,NA,67,NA,NA,NA,NA,NA,48,25,23
MOA,11/11/2014,rble,271112764,xxxq,u,56,NA,70,NA,NA,NA,NA,NA,44,24.5,19.5
MOA,11/11/2014,rwbu,271112765,xxxq,u,75,19.1,79,NA,10,5.6,4.7,10.8,45,24,21
MOA,11/11/2014,rble,271112767,xxxq,u,55,NA,64,NA,NA,NA,NA,NA,47,24,23
MOA,11/11/2014,rble,271112768,xxxq,u,51,NA,65,NA,NA,NA,NA,NA,46,25,21
MOA,11/11/2014,rble,271112769,xxxq,u,54,NA,68,NA,NA,NA,NA,NA,57,31,26
MOA,11/11/2014,rble,271112771,xxxq,u,54,NA,65,NA,NA,NA,NA,NA,42,26,16
MOA,11/11/2014,rwbu,271112772,xxxq,u,78,19.9,78,NA,8.9,4.9,4.9,9.5,56,32,24
MOA,11/11/2014,rwbu,271112773,xxxq,u,82,20.7,85,NA,9.3,5.5,5,10.3,45,18,27
MOA,11/11/2014,rble,271112774,xxxq,u,58,NA,70,NA,NA,NA,NA,NA,39,18,21
MOA,11/11/2014,rble,271112775,xxxq,u,57,23,70,NA,6.4,5.4,5.2,7,40,17,23
MOA,11/11/2014,rble,271112776,xxxq,u,57,25.3,70,NA,7.5,4.9,5.2,8.1,42,17,25
MOA,11/11/2014,jawe,275000620,wsrg,u,NA,18.7,60,NA,8.8,4.3,3.5,6.1,35,25,10
MOA,11/11/2014,jawe,275000621,wsyy,u,41,17.5,59,NA,8,4.3,3.5,7.6,34,24,10
MOA,11/11/2014,jawe,275000622,wsdy,u,40,16.7,58,NA,8.3,3.4,4.5,NA,29,19,10
MOA,11/11/2014,jawe,275000623,wsoy,u,41,17.5,58,NA,7.7,4,3.8,7.9,30,19.5,10.5
MOA,11/11/2014,rble,NA,NA,u,NA,NA,NA,NA,NA,NA,NA,NA,47,25,22
MOA,11/11/2014,rble,NA,NA,u,NA,NA,NA,NA,NA,NA,NA,NA,42,21.5,20.5
MOA,11/12/2014,rble,271112779,ysyd,u,52,23.5,64,NA,7.5,5.5,5.3,7.2,54,34,20
MOA,11/12/2014,rwbu,271112780,wsdo,u,82,20.3,81,NA,9.7,5.6,5.5,10,53,27,26
MOA,11/12/2014,rble,271112781,ysyw,u,54,25.7,71,NA,7.9,4.7,5.1,9.2,47.5,26,21.5
MOA,11/12/2014,rwbu,271112782,wsog,u,76,19.6,79,NA,9.6,5.2,4.8,9.8,50,26,24
MOA,11/12/2014,rwbu,271112783,wsro,u,72,18.3,76,NA,8.3,5,5,10.4,58,34,24
MOA,11/12/2014,rble,271112784,ysyy,u,57,24.5,70,NA,8.2,4.3,5.2,9.4,51,27,24
MOA,11/12/2014,rwbu,271112785,wsod,u,78,19.9,82,NA,9.1,5.1,5,10.3,53,26,27
MOA,11/12/2014,rble,271112786,osgr,u,NA,23.9,68,NA,8,6.4,6.2,8.9,48,26,22
MOA,11/12/2014,rble,271112787,osdd,u,57,24.1,71,NA,8.1,4.8,4.7,7.9,49,27,22
MOA,11/12/2014,rble,271112788,osgd,u,55,24.1,71,NA,7.6,5.7,5.4,8.2,50,27,23
MOA,11/12/2014,rble,271112789,osgo,u,52,22.2,63,NA,7.5,4.7,5,9,44,26,18
MOA,11/12/2014,rble,271112790,osgy,u,56,23.4,65,NA,7.3,5,5,9.6,51,30,21
MOA,11/12/2014,rble,271112791,osyr,u,58,24,71,NA,7.5,4.6,4.8,8.9,48,25,23
MOA,11/12/2014,rble,271112792,osod,u,54,22,66,NA,8.3,5.2,5.6,6.5,47,27,20
MOA,11/12/2014,rble,271112793,oswo,u,60,23.8,70,NA,7.7,5.4,5.8,7.4,52,31,21
MOA,11/12/2014,rble,271112794,osyg,u,52,23.7,66,NA,7.3,5.6,5,7.5,49,27,22
MOA,11/12/2014,rble,271112795,osdo,u,58,22.4,68,NA,6.9,4,4.5,8.5,48,26.5,21.5
MOA,11/12/2014,wrsh,271112796,osrw,u,106,26.4,87,NA,11.1,4.7,4.6,12.5,50,25,25
MOA,11/12/2014,rble,271112797,osog,u,57,23.6,70,NA,7.8,4.3,4.7,8.4,48,26,22
MOA,11/12/2014,rble,271112799,osry,u,53,24.4,65,NA,6.9,4.8,4.9,9.4,47,27,20
MOA,11/12/2014,rble,271112800,wsrd,u,53,24.2,65,NA,7,5.3,4.8,8.8,50,28,22
MOA,11/12/2014,jawe,275000625,wsrw,u,44,16.7,60,NA,7.8,3.1,3.2,7.8,36.5,25,11.5
MOA,11/12/2014,jawe,275000626,wsdr,u,41,17.3,60,NA,8,4.5,3.8,7.6,34,26,8
MOA,11/12/2014,jawe,275000627,wsgw,u,41,18.5,60,NA,NA,4.1,3.5,7.6,36,24,12
MOA,11/12/2014,jawe,275000628,wsor,u,41,16.2,57,NA,8,3.5,3,7.2,17.5,8,9.5
PAH,11/13/2014,wrsh,265130710,osdg,m,124,26.1,89,NA,11.2,5.2,5,13.1,64,31,33
PAH,11/13/2014,rble,271112801,wsor,u,55,23.6,66,NA,6.7,5.3,5.2,10.2,46,25,21
PAH,11/13/2014,jawe,275000629,wsgd,u,42,17.3,59,NA,7.4,3.3,2.9,8.7,37,26,11
EKA,11/15/2014,wrsh,265130711,osrr,u,108,23.1,81,NA,11.4,5.8,5.6,9.9,59,31,28
EKA,11/15/2014,wrsh,265130798,osgo,m,113,27.7,97,NA,11.4,5.6,5.5,9.9,59,28,31
EKA,11/15/2014,rble,271112802,xxxq,u,NA,NA,NA,NA,NA,NA,NA,NA,53,31,22
EKA,11/15/2014,rble,271112803,wsgg,u,53,23.4,66,NA,7.9,5.5,5.3,11,45,28,17
EKA,11/15/2014,rble,271112804,wsdd,u,56,24.6,70,NA,7.6,5.6,5,9,50,28,22
EKA,11/15/2014,rble,271112805,wsgr,u,55,23,67,NA,7.8,4.2,4.9,9.8,47,27,20
EKA,11/15/2014,rble,271112806,wswr,u,52,24,66,NA,7.8,5.4,5,9.5,49,26.5,22.5
EKA,11/15/2014,rble,271112807,wsrw,u,58,24.5,67,NA,8.1,5.5,5.4,9.5,49,28,21
EKA,11/15/2014,rble,271112808,wswd,u,50,24.9,68,NA,7.4,5.3,5.1,9.8,44,25,19
EKA,11/15/2014,jawe,275000630,wsgo,u,41,18.2,59,NA,7.6,4.4,3.6,6.5,37,26,11
EKA,11/15/2014,jawe,275000633,wswo,u,41,16.8,60,NA,8,4.1,3.6,6,37,27,10
EKA,11/15/2014,rble,NA,NA,u,NA,NA,NA,NA,NA,NA,NA,NA,53,31,22
EKA,11/16/2014,wrsh,265130712,osrg,m,145,26.5,95,NA,11.4,5.6,5.2,11.9,54,26,28
EKA,11/16/2014,rble,271112809,wsrr,u,56,24.4,66,NA,7.9,4.9,4.9,9.3,48,26,22
EKA,11/16/2014,rble,271112810,wsdw,u,60,24.1,72,NA,7.6,4.8,4.6,9.2,47,26,21
EKA,11/16/2014,rble,271112812,dsgg,u,57,25.1,69,NA,7.2,4.9,5.1,9.2,54,30,24
EKA,11/16/2014,rble,271112813,dsgr,u,56,23.9,70,NA,7.8,6,5.2,7.6,48,27,21
EKA,11/16/2014,rble,271112814,dsrr,u,55,23,68,NA,7.2,5,5.5,8,48,26,22
EKA,11/16/2014,rble,271112815,dsrg,u,50,24.1,61,NA,7.1,4.7,4.6,9.6,45,24,21
EKA,11/16/2014,rble,271112816,dsgd,u,55,24.2,68,NA,8.2,4.4,4.7,9.1,45,25.5,19.5
EKA,11/16/2014,rble,271112817,dsrd,u,51,22.3,65,NA,8.2,5.2,5,6.7,50,27,23
EKA,11/16/2014,rble,271112818,dsdg,u,51,24.1,69,NA,7.6,5.2,5.1,9.8,50,29.5,20.5
PAH,11/17/2014,rble,271112819,dsdr,u,51,23.4,68,NA,7.6,4.2,4.6,9.1,51,26.5,24.5
PAH,11/17/2014,rble,271112820,dsdd,u,51,23.2,68,NA,7.5,5,4.9,8.9,48.5,26.5,22
PAH,11/17/2014,rble,271112821,gsrr,u,51,23,66,NA,7.5,5.3,5,7,47,27,20
PAH,11/17/2014,rble,271112822,gsgr,u,51,24.2,65,NA,7.4,4.6,4.8,9.2,46.5,25,21.5
PAH,11/17/2014,rble,271112823,gsdr,u,51,23.3,68,NA,8,5,5.1,7,47,26.5,20.5
PAH,11/17/2014,rble,271112824,gsrg,u,54,25,69.5,NA,8.2,5.1,5,9.4,47,25,22
PAH,11/17/2014,rble,271112825,gsdg,u,55,24.9,67,NA,7.6,5.4,4.8,9.3,47,26,21
PAH,11/17/2014,rble,271112826,xsxx,u,55,23.4,67,NA,7.7,4.8,4.9,8.5,47,26,21
PAH,11/17/2014,rble,271112827,gsgg,u,58,24.4,70,NA,8.1,5,5.1,8.3,46,25,21
PAH,11/17/2014,wrsh,271112828,wdos,f,100,25.4,85,NA,11,5.2,5.4,11.7,52,26,26
PAH,11/17/2014,jawe,275000634,wsdw,u,42,17.9,60,NA,7.7,4.5,3.9,6,36,25,11
PAH,11/18/2014,rble,271112829,xsxx,u,52,24.4,66,NA,7.6,5.5,5,7.2,46,25,21
PAH,11/18/2014,rble,271112830,xsxx,u,NA,25.2,68,NA,8,5,4.9,9.3,52,31,21
PAH,11/18/2014,rble,271112831,xsxx,u,55,23.4,69,NA,8.7,5.6,5.1,8.5,47,27,20
PAH,11/20/2014,rble,271112843,xsxx,u,56,25,71,NA,7.6,5,5.1,NA,52,26,26
PAH,11/20/2014,rble,271112845,xsxx,u,53,24.3,69,NA,7.1,6,5.4,7.5,49,27,22
PAH,11/20/2014,rble,271112847,xsxx,u,57,23,70,NA,7.4,4.8,5,8.3,48,27,21
PAH,11/20/2014,rble,271112848,xsxx,u,57,23.6,70,NA,7.9,5.1,5,9.3,50,26,24
PAH,11/20/2014,rwbu,271112849,wsrg,u,80,19.7,80,NA,8.9,5.2,5.1,10.3,52,25,27
PAH,11/20/2014,rble,271112850,xsxx,u,52,23.3,68,NA,7.6,5.6,5,7.2,49,26.5,22.5
MOA,11/21/2014,rwbu,271112851,wsdg,u,80,19.9,82,NA,8.9,5.2,5.1,9.8,52.5,27,25.5
MOA,11/21/2014,rwbu,271112852,wsoy,u,80,19.5,81,NA,8.6,5,5.5,10.3,55,28,27
MOA,11/21/2014,rwbu,271112853,wsyo,u,70,19.1,74,NA,8.2,5,4.8,11.1,49,25,24
MOA,11/21/2014,rble,271112854,xsxx,u,55,23.9,67,NA,7.6,4.4,5,9.1,47,25,22
MOA,11/21/2014,rble,271112856,xsxx,u,52,23.7,63,NA,7.5,5,5.6,8.7,45,24,21
MOA,11/21/2014,rwbu,271112857,wsdd,u,80,19.8,82,NA,8.9,5.7,4.8,9.7,51.5,24.5,27
MOA,11/21/2014,rwbu,271112858,wsyy,u,71,20.1,77,NA,9.4,5.3,5.2,10.8,51,26,25
MOA,11/21/2014,jawe,275000636,wswy,u,42,17.6,60,NA,7.8,3.8,3.2,7.1,36,25,11
MOA,11/21/2014,jawe,275000637,ysgo,u,43,18.3,59,NA,7.4,4.2,3.4,6.7,36,26,10
EKA,11/28/2014,rble,271112867,xsxx,u,57,22.9,68,NA,7.6,5.1,5.1,9.1,46,26,20
EKA,11/28/2014,rble,271112868,xsxx,u,59,23.6,68,NA,8.1,5.1,5.2,10.5,47,27,20
EKA,11/28/2014,wrsh,271112869,osyg,m,127,27.1,92,NA,11.1,5.2,5.6,63,63,30.5,32.5
EKA,11/28/2014,wrsh,271112870,roos,f,117,24.1,83,NA,10.4,5.1,5.2,51,51,25,26
EKA,11/28/2014,rble,271112871,xsxx,u,54,23,68,NA,7.6,4.7,5,8.9,49,26,23
EKA,11/28/2014,rble,271112899,xsxx,u,58,24.2,70,NA,7.8,5.2,5.3,9.8,52,30,22
EKA,11/28/2014,jawe,275000646,ysrw,u,42,17.9,59,NA,7.6,4.1,3.2,NA,36,25,11
EKA,11/28/2014,jawe,275000647,ysrg,u,42,17.8,59,NA,7.7,4.2,3.2,NA,36,24,12
EKA,11/28/2014,jawe,275000648,ysyd,u,42,17.5,59,NA,8.2,3.9,3.6,8.7,36,25,11
EKA,11/28/2014,jawe,275000649,ysdd,u,42,17.8,58,NA,7.6,4,3.2,5.8,41,26,15
MOA,11/30/2014,rble,271112873,xsxx,u,55,24,66,NA,NA,NA,NA,NA,45,24,21
MOA,11/30/2014,rble,271112874,xsxx,u,55,23,67,NA,7.5,4.6,4.7,9.1,52,30,22
MOA,11/30/2014,rble,271112875,xsxx,u,57,24.8,71,NA,7.8,4.9,5.2,8.8,47,25,22
MOA,11/30/2014,rble,271112876,xsxx,u,58,18.9,67,NA,7.1,4.6,4.7,9.2,44,26,18
MOA,11/30/2014,rble,271112877,xsxx,u,57,23.3,68,NA,8.1,5.2,5.1,9.9,48,25,23
MOA,11/30/2014,rble,271112878,xsxx,u,60,24.6,71,NA,7.8,5.3,5.5,9.3,47,25,22
MOA,11/30/2014,rble,271112879,xsxx,u,61,23.5,70,NA,8,5.1,5.1,8.8,46,25,21
MOA,11/30/2014,rble,271112881,xsxx,u,54,22.7,69,NA,8.2,6.1,5.8,8.5,49,28.5,20.5
MOA,11/30/2014,rble,271112882,xsxx,u,55,24.4,69,NA,8.2,5.2,5,8.9,47,25,22
MOA,11/30/2014,rble,271112883,xsxx,u,59,23.5,71,NA,7.6,4.8,4.9,9.9,48,27,21
MOA,11/30/2014,rble,271112885,xsxx,u,59,23,74,NA,7.9,5.6,5.9,8.5,48,26,22
MOA,11/30/2014,rble,271112886,xsxx,u,56,23.5,66,NA,8,5.1,5,9.6,46,24,22
MOA,11/30/2014,rble,271112889,xsxx,u,55,22.8,65,NA,7.7,5.1,5.1,9.7,45,24,21
MOA,11/30/2014,rble,271112890,xsxx,u,54,22.1,70,NA,6.8,5.2,5.2,8.7,45,25,20
MOA,11/30/2014,rble,271112893,xsxx,u,57,24.1,70,NA,8.2,5.1,5,9.1,44,24,20
MOA,11/30/2014,rble,271112894,xsxx,u,53,23,67,NA,7.8,5.3,5.2,8.7,47,26,21
MOA,11/30/2014,rble,271112895,xsxx,u,60,23.3,70,NA,8.1,5.1,5.1,8.7,48,24,24
MOA,11/30/2014,rble,271112896,xsxx,u,53,22.5,68,NA,8,5.7,5.3,8.5,45,24,21
MOA,12/1/2014,rwbu,265130795,wsgy,u,81,20.8,84,NA,9.4,5.4,5.3,11.8,48,20,28
MOA,12/1/2014,rwbu,265130714,wsgo,u,76,20,77,NA,8.5,5.6,4.9,11.9,49,24,25
MOA,12/1/2014,rwbu,265130715,wsor,u,79,19.9,83,NA,9.5,6.2,5.3,10.5,54,24,30
MOA,12/1/2014,rwbu,265130716,wsrw,u,74,20,80,NA,9.5,5.9,5,9,49,23,26
MOA,12/1/2014,rwbu,265130717,wsow,u,78,20.5,81,NA,9,6,5.1,11,52,27,25
MOA,12/1/2014,rwbu,265130718,wsry,u,NA,18,85,NA,8.2,5.9,5,10.5,55,32,23
MOA,12/1/2014,rwbu,265130719,wsyw,u,79,20.6,81,NA,9.1,6,5,9.8,49,27,22
MOA,12/1/2014,rwbu,265130796,wsgr,u,79,18.6,79,NA,8.5,5.1,5,10.1,48,25,23
MOA,12/1/2014,jawe,275000654,ysry,u,41,16.9,58,NA,6.6,4.5,3.5,8.6,18,7,11
MOA,12/1/2014,rble,NA,NA,u,NA,NA,NA,NA,NA,NA,NA,NA,46,24,22
MOA,12/1/2014,rble,NA,NA,u,NA,NA,NA,NA,NA,NA,NA,NA,47,27,20
MOA,12/1/2014,rble,NA,NA,u,NA,NA,NA,NA,NA,NA,NA,NA,47,25,22
MOA,12/1/2014,rble,NA,NA,f,NA,NA,NA,NA,NA,NA,NA,NA,29,7,22
MOA,12/1/2014,rble,NA,NA,u,NA,NA,NA,NA,NA,NA,NA,NA,41,18,23
MOA,12/1/2014,rble,NA,NA,u,NA,NA,NA,NA,NA,NA,NA,NA,48,27,21
MOA,12/1/2014,rble,NA,NA,u,NA,NA,NA,NA,NA,NA,NA,NA,44,24,20
MOA,12/1/2014,rble,NA,NA,u,NA,NA,NA,NA,NA,NA,NA,NA,45,25,20
MOA,12/1/2014,rble,NA,NA,u,NA,NA,NA,NA,NA,NA,NA,NA,45,25,20
MOA,12/1/2014,rble,NA,NA,u,NA,NA,NA,NA,NA,NA,NA,NA,48,26,22
MOA,12/1/2014,rble,NA,NA,u,NA,NA,NA,NA,NA,NA,NA,NA,46,26,20
PAH,12/2/2014,jawe,275000657,ysrd,u,45,18,65,NA,8.3,4.6,3.7,8.1,37,26,11
PAH,12/3/2014,jawe,275000658,yswg,u,39,17.9,57,NA,7.4,4,3.8,7.3,42,30,12
EKA,12/4/2014,wrsh,265130720,osdw,m,NA,NA,NA,NA,NA,NA,NA,NA,65,NA,NA
EKA,12/4/2014,jawe,275000659,ysow,u,43,16.8,59,NA,8,4.2,3.8,6.2,35,25,10
EKA,12/4/2014,jawe,275000660,ysdw,u,42,17.2,58,NA,7.9,4.2,3.7,6.2,28,18,10
EKA,12/4/2014,jawe,275000661,ysgw,u,41,17.5,57,NA,7.9,4.5,3.8,6.3,34,24,10
EKA,12/4/2014,jawe,275000662,ysro,u,41,19,60,NA,8.2,4.7,3.6,6,37,26,11
EKA,12/4/2014,rble,NA,NA,u,NA,NA,NA,NA,NA,NA,NA,NA,49,29,20
EKA,12/4/2014,rble,NA,NA,u,NA,NA,NA,NA,NA,NA,NA,NA,50,28,22
EKA,12/4/2014,rble,NA,NA,u,NA,NA,NA,NA,NA,NA,NA,NA,46,25,21
EKA,12/4/2014,rble,NA,NA,u,NA,NA,NA,NA,NA,NA,NA,NA,48,27,21
EKA,12/4/2014,rble,NA,NA,u,NA,NA,NA,NA,NA,NA,NA,NA,50,28,22
EKA,12/4/2014,rble,NA,NA,u,NA,NA,NA,NA,NA,NA,NA,NA,46,25,21
EKA,12/4/2014,rble,NA,NA,u,NA,NA,NA,NA,NA,NA,NA,NA,50,30,20
EKA,12/4/2014,rble,NA,NA,u,NA,NA,NA,NA,NA,NA,NA,NA,46,27,19
EKA,12/4/2014,rble,NA,NA,u,NA,NA,NA,NA,NA,NA,NA,NA,46,28.5,17.5
EKA,12/4/2014,rble,NA,NA,u,NA,NA,NA,NA,NA,NA,NA,NA,48,25,23
EKA,12/4/2014,rble,NA,NA,u,NA,NA,NA,NA,NA,NA,NA,NA,48,25,23
EKA,12/5/2014,rvbu,135288401,rsog,u,93,23.3,98,NA,10.5,7.4,6.1,12,75,31,44
EKA,12/5/2014,rble,271152508,dsog,u,56,24.3,69,NA,7.6,4.9,5,9.2,47,26,21
EKA,12/5/2014,rble,274128308,dsyw,u,49,23.5,68,NA,7.6,4.9,4.7,9.6,46,24,22
EKA,12/5/2014,jawe,275000664,yswd,u,42,17.1,59,NA,7.8,4.1,3.4,7.5,34,23,11
EKA,12/5/2014,jawe,275000665,ysyw,u,42,17.7,60,NA,8.1,4.1,3.5,7.4,43,29,14
EKA,12/5/2014,rble,dxyg,dxyg,u,49,23.4,64,NA,7.7,5.1,5,9.3,54,33,21
EKA,12/5/2014,rble,dxor,dxor,u,52,24.2,67,NA,NA,NA,NA,NA,47,25,22
EKA,12/5/2014,rble,dxyr,dxyr,u,56,23.2,66,NA,7.9,4.9,4.8,8.2,47,25,22
EKA,12/5/2014,rble,dxyo,dxyo,u,52,23,67,NA,7.6,5.1,5,8.1,46,25,21
EKA,12/5/2014,rble,dxwo,dxwo,u,54,24.1,68,NA,7.9,5.1,4.9,10.2,44,26,18
EKA,12/5/2014,rble,dxoy,dxoy,u,55,25.6,71,NA,8.5,5.2,5.1,9.9,49,28,21
EKA,12/5/2014,rwbu,wxdy,wxdy,u,72,18.5,75,NA,8.8,5.4,5.2,10.6,47,24,23
EKA,12/5/2014,rwbu,wxdr,wxdr,u,77,20.9,82,NA,8.4,5.8,5.1,10.3,48,26,22
MOA,12/8/2014,rvbu,135288402,rsoo,u,86,21.6,92,NA,9.8,6,6,11.6,58,26,32
MOA,12/8/2014,rwbu,265130722,wsyr,u,76,20.3,84,NA,8.9,4.9,5.1,10.5,52,28,24
MOA,12/8/2014,rwbu,265130723,wsgd,u,84,20.9,82,NA,9.2,5.4,5.1,9.8,50,25,25
MOA,12/8/2014,jawe,275000668,ysyo,m,42,17.9,57,NA,7.4,4,3.9,8.6,37,27,10
MOA,12/8/2014,jawe,275000671,ysyy,u,43,17.7,58,NA,7.6,4.2,3.3,9.4,37,27,10
MOA,12/8/2014,rble,dsgo,dsgo,u,57,23.9,68,NA,7.8,5.4,5.4,9.5,53,32,21
EKA,12/9/2014,wrsh,265130724,osgy,m,151,26.3,96,NA,11.8,5.8,5.2,11,49,21,28
EKA,12/9/2014,rble,271151804,osdy,u,55,25.1,70,NA,7.2,5.5,5.4,8.5,47,25,22
EKA,12/9/2014,jawe,275000672,ysgr,u,42,18.4,62,NA,8.1,4.3,3.5,7.1,38,26,12
EKA,12/9/2014,jawe,275000680,osgr,u,40,18.8,58,NA,8.2,4.3,3.4,6.2,34,24,10
EKA,12/9/2014,jawe,275000685,osrg,u,NA,17.2,NA,NA,7.7,4.5,3.8,6.4,36,24,12
EKA,1/10/2015,jawe,262146305,osog,u,42,18.2,59,NA,7.7,4.5,3.6,7.5,34,24,10
PAH,1/14/2015,wrsh,265170732,osoy,m,131,27.4,93,NA,10.6,5.5,5.6,15.9,56,24,32
PAH,1/14/2015,rble,271151835,gsgy,u,54,23.1,66.5,NA,7.2,5.7,5.5,10.4,47.5,25,22.5
MOA,1/18/2015,jawe,262146309,osod,m,41,17.1,59,NA,7.9,4.7,3.5,6.2,38,25,13
MOA,1/18/2015,jawe,262146310,osdy,u,41,17.8,58,NA,8,4.6,3.7,7.8,38,25,13
MOA,1/18/2015,rble,271151843,wsgw,u,56,26,70,NA,7.9,5.6,5,10.3,58,34,24
MOA,1/18/2015,rble,271151844,wsyw,u,59,24.5,71,NA,8.3,5.7,5.4,10.2,52,24,28
MOA,1/18/2015,rble,271151845,wsyo,u,52,24.1,67,NA,7.4,5.7,NA,10.6,53,26.5,26.5
MOA,1/18/2015,rble,271151846,wswo,u,55,23.5,66,NA,7.3,5.7,5.1,9.9,46,2.6,NA
MOA,1/18/2015,rble,271151847,dsdo,u,52,23.2,68,NA,7.4,5.6,4.8,9.3,47,27,20
MOA,1/18/2015,jawe,275036302,osor,u,43,18.4,59,NA,7.9,4.7,3.8,7.8,36,25,11
WAI,1/19/2015,jawe,262146314,osyw,u,NA,16.7,59,NA,6.9,4.5,3.5,6.6,38,27,11
WAI,1/19/2015,jawe,262146316,oswo,u,44,17.8,57,NA,8.1,4,3.5,8.4,35.5,25.5,10
WAI,1/19/2015,jawe,262146317,oswy,m,43,17.2,60,NA,7.7,4.3,3.8,7.5,37,26,11
WAI,1/19/2015,rble,262146318,oswd,u,42,NA,59,NA,7.6,4.3,4.1,7.7,43,32,11
WAI,1/19/2015,jawe,262146319,gsgg,u,41,18.2,58,NA,7.6,4.2,3.2,8,38,27,11
WAI,1/19/2015,wrsh,271151849,odos,f,117,25.5,87,NA,11.4,4.7,5.2,12.3,61,31,30
WAI,1/19/2015,jawe,277019607,oswr,u,41,18,60,NA,7.6,4.7,3.6,8.1,40,29,11
WAI,1/20/2015,jawe,262146320,gsgr,u,41,17,58,NA,7.5,4.5,3.5,8.1,40,26,14
WAI,1/20/2015,rwbu,265130733,wsdw,u,79,21.5,83,NA,8.6,5,4.8,10.6,51,26,25
WAI,1/20/2015,rwbu,265130788,wswo,u,71,21.1,77,NA,8.2,5.5,5,11,52,25,27
WAI,1/20/2015,rwbu,265130789,wswr,m,80,19.8,87,NA,8.7,5.6,5.4,12.1,53,25,28
WAI,1/20/2015,rble,271151850,gsyg,u,52,22.3,67,NA,6.7,4.7,4.6,10.1,54,34,20
WAI,1/20/2015,rwbu,271151851,wswg,u,78,18,73,NA,8,5,5,10.2,48,24,24
WAI,1/20/2015,rwbu,271151852,wswy,u,80,20.1,83,NA,10.2,5.6,5,11,50,25,25
WAI,1/20/2015,rwbu,271151853,wswd,u,74,NA,76,NA,7.7,5,4.7,11.3,47,25,22
WAI,1/20/2015,rwbu,271151854,wsww,u,78,19.3,79,NA,9.1,5.6,5,11.3,53,26,27
WAI,1/20/2015,rble,271151855,gsyr,u,57,23.3,70,NA,6.7,5,4.7,9,51,28,23
WAI,1/20/2015,jawe,275036303,gsgo,u,41,17.3,59,NA,7.4,4.1,3.2,8.9,37,25,12
WAI,1/20/2015,jawe,275036304,gsyo,u,40,16.5,56,NA,7.6,4.1,3.6,8,44,35,9
WAI,1/20/2015,jawe,275036305,gsrr,u,41,17,57,NA,7.9,4.1,3.5,8.2,38,27,11
PAH,1/22/2015,jawe,262146321,gsoy,u,43,16.8,58,NA,7.6,4.2,3.6,7.9,38.5,27,11.5
PAH,1/22/2015,rble,271151856,gsgy,u,53,23.4,65,NA,6.9,5.3,5.2,9,58.5,33,25.5
PAH,1/22/2015,rble,271151857,gsyo,u,56,23,68,NA,7.2,4.8,5.2,9,51,25.5,25.5
PAH,1/22/2015,rble,271151858,gsyy,u,53,24,66,NA,7,5.5,5.4,8.6,47,27,20
EKA,1/24/2015,jawe,262146324,gsor,u,43,17,60,NA,7,4.3,3.5,7.7,38,26,12
EKA,1/24/2015,wrsh,265130785,osow,m,140,25.7,92,NA,10.6,5.1,5.1,12.5,55,25,30
EKA,1/24/2015,rwbu,265130786,wsgg,u,79,18.9,78,NA,8.3,5.1,5.1,10.5,54,26,28
EKA,1/24/2015,rble,271151859,gsry,u,54,25,68,NA,8.2,4.9,5.3,8.2,53,29,24
EKA,1/24/2015,rble,271151860,gsoo,u,53,24.7,68,NA,7.7,5.2,5.1,9.9,52,28,24
EKA,1/24/2015,rble,271151861,gsgw,u,51,24.2,65,NA,7.8,4.8,5.2,8.9,55,29,26
EKA,1/24/2015,jawe,275036307,gsyg,u,41,16.2,61,NA,7.3,4.3,3.8,8.1,39,27,12
EKA,1/24/2015,jawe,275036308,gsrg,u,42,17,62,NA,7,4.4,3.8,7.4,40,29,11
EKA,1/24/2015,jawe,275036309,gsgy,u,42,17.6,60,NA,8.3,4.7,3.5,7.9,37,24,13
PAH,1/25/2015,jawe,262146327,gsry,u,41,17.2,58,NA,7.3,4.7,3.6,8.5,39.5,27,12.5
WAI,1/28/2015,jawe,262146334,gsdo,u,41,17.4,60,NA,7.8,4.2,3.7,7.2,36,25,11
WAI,1/28/2015,jawe,262146336,gsyd,u,39,17.2,58,NA,7.5,4.6,3.8,7.7,36,25,11
WAI,1/28/2015,rble,271151869,gsyd,u,52,22.9,65,NA,8.3,4.7,5,8,46,26,20
WAI,1/28/2015,rble,271151870,gsod,u,56,23.7,69,NA,7.3,4.5,5,9,48,27,21
WAI,1/28/2015,rble,271151871,gsow,u,57,24.3,69,NA,8,5.2,5,9.4,46,24,22
WAI,1/28/2015,rble,271151872,gswr,u,55,23.5,68,NA,8,5,4.8,9.6,47,26,21
WAI,1/28/2015,rble,271151873,gsyw,u,58,23.7,68,NA,7.9,5,4.9,9,54,32,22
WAI,1/28/2015,rble,271151874,gsdw,u,56,22.4,68,NA,7.6,4.9,4.8,9,47,24,23
MOA,2/1/2015,jawe,262146343,dsgo,u,42,17.9,60,NA,7.7,4.3,4,7.8,37,26,11
MOA,2/1/2015,rwbu,271151892,ysgg,u,72,18.1,78,NA,8.9,5.6,5,9.1,52,32,20
MOA,2/1/2015,rble,271151894,syro,u,NA,NA,NA,NA,NA,NA,NA,NA,51,27,24
MOA,2/1/2015,rwbu,271151895,ysrg,u,84,19.7,83,NA,8.9,5.7,5.1,9.2,53,27,26
MOA,2/1/2015,rble,271151898,syyo,u,57,23.7,67,NA,7.6,5.7,5.4,10,52,26,26
MOA,2/1/2015,jawe,275036324,dsgr,u,42,16.9,60,NA,7.6,4.4,3.6,7.6,37,26,11
EKA,2/2/2015,jawe,262146344,dsgy,m,44,17.7,59,NA,7.8,4.8,3.9,7.9,36,25,11
EKA,2/2/2015,jawe,262146346,dsog,m,42,17.9,59,NA,8.2,5,3.7,8.5,36,26,10
EKA,2/2/2015,rble,271151899,syry,u,53,23.9,66,NA,7.8,5.6,5.5,9.5,49,26,23
EKA,2/2/2015,rble,271151900,syoy,u,58,24.9,70,NA,7.8,5.4,5.2,8.7,51.5,27,24.5
EKA,2/2/2015,rble,271151901,sydw,u,51,21.7,68,NA,6.7,4.8,5.2,9.1,50,27,23
EKA,2/2/2015,rble,271151902,syyy,u,58,24,65,NA,7.9,5.6,5,10,48.5,26.5,22
EKA,2/2/2015,rble,271151903,sydy,u,55,23.7,68,NA,7.9,5.2,5.2,9,53,32,21
EKA,2/2/2015,rble,271151904,syyd,m,56,24.4,68,NA,7.3,NA,NA,8.5,49,28,21
MOA,2/6/2015,jawe,262146347,dsrd,m,45,17,59,NA,8,4.2,3.7,8.2,37,25,12
MOA,2/6/2015,wrsh,265130738,osyd,m,139,25.4,89,NA,10.7,5.3,5.2,11.4,57,26,31
MOA,2/6/2015,rwbu,265130782,ysdr,u,84,19.3,87,NA,9.2,5.4,5.1,10.5,61,35,26
MOA,2/6/2015,rwbu,265130783,ysog,u,89,20.8,82,NA,9,6.6,5.1,10.5,53,28,25
MOA,2/6/2015,rble,271151914,syyw,u,56,24,68,NA,7.3,4.7,4.8,9.9,45,25,20
MOA,2/6/2015,rble,271151915,sydd,m,54,24.1,68,NA,7.6,5,5.1,10,57.5,36,21.5
MOA,2/6/2015,rble,271151916,sywo,u,52,23.8,69,NA,7.7,5.5,5,10.4,51,29,22
MOA,2/6/2015,rble,271151917,sywy,u,53,23.3,65,NA,8,5,5.2,11.3,55,33.5,21.5
MOA,2/6/2015,rble,271151918,sywf,u,53,24.1,67,NA,6.2,5.3,4.9,10.4,54,32,22
MOA,2/6/2015,rble,271151919,sogg,u,61,24.2,71,NA,8.4,5.4,5.3,11.5,49,26,23
MOA,2/6/2015,rble,271151920,syww,u,53,23.6,68,NA,7.7,5,5,10.9,50,29,21
MOA,2/6/2015,rble,271151921,sorg,u,55,23.8,68,NA,6.6,5.2,5,9.7,48,27,21
MOA,2/6/2015,rble,271151922,soog,u,58,24,67,NA,8,5.1,4.9,10.7,46,25.5,20.5
MOA,2/6/2015,rble,271151923,sood,u,54,23.3,69,NA,8.1,5.4,5.1,10.9,50,27,23
MOA,2/6/2015,rble,271151924,soyg,u,55,24.3,62,NA,7.2,5,4.9,9,47,26,21
MOA,2/6/2015,rble,271151925,sodg,u,55,23.1,60,NA,9.1,4.5,4.7,8.7,48,29,19
MOA,2/6/2015,rwbu,271151928,yswo,u,71,20,77,NA,9,5.7,5.2,11.8,51,27,24
MOA,2/6/2015,rwbu,271151929,ysyg,u,77,20.5,79,NA,9.1,6,5.3,12.3,59,32,27
MOA,2/7/2015,jawe,262146348,dsry,u,41,17.3,59,NA,7.8,4.4,4.1,9.5,36,25.5,10.5
MOA,2/7/2015,jawe,262146349,dsyo,u,44,16.7,61,NA,7.7,4.6,4.5,8.9,37,26,11
MOA,2/7/2015,rwbu,265130740,ysdg,u,80,19.9,81,NA,9,5.9,5.1,12.6,51,26,25
MOA,2/7/2015,rwbu,265130741,yswg,u,81,22.6,86,NA,9.6,6.1,5.2,12.3,61,30,31
MOA,2/7/2015,rble,271151930,soor,u,54,23.2,69,NA,7.7,5.1,5.2,10.2,47,25,22
MOA,2/7/2015,wrsh,271151931,osdo,m,150,26.2,93,NA,11.1,5.6,5.5,13,57.5,27,30.5
MOA,2/7/2015,rble,271151934,soyr,u,61,22.1,65,NA,7.6,4.9,5.1,9,45,26,19
MOA,2/7/2015,rble,271151935,sodr,u,52,23.6,65,NA,7.4,4.9,5,10.5,46,26,20
MOA,2/7/2015,rble,271151936,soro,u,61,23.1,65,NA,7.4,4.4,4.7,9.5,46,26,20
MOA,2/7/2015,rwbu,271151938,ysgr,u,78,18.8,76,NA,8.9,5.5,5.2,11.4,49,27,22
MOA,2/7/2015,rwbu,271151939,ysrr,u,80,20,80,NA,9.7,5.2,6.3,12.4,60,33,27
MOA,2/7/2015,jawe,275036330,dsrd,u,43,17.4,57,NA,8.7,4.2,3.6,6.4,37,27,10
MOA,2/7/2015,jawe,275036333,dsdg,u,44,17.4,60,NA,7.2,4.3,4.1,9.1,38.5,28,10.5
WAI,2/9/2015,wrsh,271151946,oswy,m,121,26.4,89,NA,10.4,5.1,5.1,11.1,62,24,38
WAI,2/9/2015,rble,271151947,soyd,u,54,24.5,69,NA,8,5.6,5.1,9.4,53,29,24
WAI,2/9/2015,rble,271151948,sowd,u,NA,24.3,69,NA,7.2,5.6,5.5,8.9,41,18,23
WAI,2/9/2015,rble,271151949,sodd,u,56,25.5,70,NA,7.9,5,5.1,10.8,51,25,26
WAI,2/9/2015,jawe,275036335,dswo,u,41,16.9,59,NA,7.9,4.6,4,9.6,37.5,26,11.5
WAI,2/12/2015,jawe,262146355,dsod,u,41,14.5,59,NA,7.9,4.5,3.7,8.2,37,26,11
WAI,2/12/2015,wrsh,265130742,dsgg,m,NA,26.1,95,NA,12.5,6.3,5.5,12,51,26,25
WAI,2/12/2015,wrsh,265130743,dsrg,m,134,26.5,89,NA,12.2,5.5,5.2,13,58.5,29.5,29
WAI,2/12/2015,rble,271151951,soow,u,56,22.9,68,NA,7.8,5.6,4.8,8.4,46,25,21
WAI,2/12/2015,rble,271151952,sooy,u,59,24.1,70,NA,8.1,5.2,5.3,11.4,48,27,21
WAI,2/12/2015,rble,271151953,soyy,u,55,23.6,66,NA,6.8,5.1,4.9,8.9,38,19,19
WAI,2/12/2015,rble,271151955,sowy,u,60,23.8,69,NA,7.8,5.4,5.1,10.8,51,26,25
WAI,2/12/2015,rble,271151956,sogd,u,54,23.8,69,NA,7.5,5.1,5,8.4,29,8,21
WAI,2/12/2015,rble,271151957,sord,u,54,23.8,62,NA,7.6,5.2,5.2,10,36,15,21
WAI,2/12/2015,rwbu,271151958,ysor,u,78,19.5,82,NA,9,5.7,5,11.1,52,25,27
WAI,2/12/2015,rwbu,271151959,yswr,u,85,21.5,85,NA,8.5,6.5,5.6,13,55,26,29
WAI,2/12/2015,rble,271151960,sogw,u,52,23.1,68,NA,8.8,4.6,4.8,10.6,47,26,21
WAI,2/12/2015,rble,271151962,soyw,u,56,22,65,NA,7.6,5.1,4.8,8.3,43,24,19
WAI,2/12/2015,rwbu,271151963,ysgo,u,79,19.2,79,NA,8.3,5.5,4.6,11.1,54,29,25
WAI,2/12/2015,wrsh,271151964,rgds,f,97,26.3,82,NA,10.2,5.7,5.1,13.1,45.5,17.5,28
WAI,2/12/2015,rble,271151965,sodw,u,57,23,69,NA,7.6,5.3,5.3,10.2,50,24,26
WAI,2/12/2015,rble,271151966,soww,u,56,23.9,67,NA,8.4,5.5,4.9,9.4,47,27,20
WAI,2/13/2015,rble,271151967,xsgg,u,54,22.8,68,NA,8.2,5,5.1,10.2,46,26,20
WAI,2/13/2015,rble,271151968,xsgr,u,59,24.2,69,NA,7.2,4.8,5.1,9.7,46,25,21
WAI,2/13/2015,rble,271151969,xsgo,u,52,24.8,67,NA,7.4,4.9,5.2,9,50,27,23
WAI,2/13/2015,rble,271151971,xsgd,u,52,24.2,68,NA,8.2,5.4,5.5,10.7,46,25,21
WAI,2/13/2015,rble,271151972,xsgw,u,57,24.3,66,NA,7.2,5,5.1,8.9,53,31,22
WAI,2/13/2015,rble,271151973,xsrg,u,56,23.9,70,NA,8.2,5.1,5.3,10.8,47,25,22
WAI,2/13/2015,rble,271151974,xsrr,u,60,24.1,68,NA,7.3,5.2,5,9.8,49,27,22
WAI,2/13/2015,jawe,275036340,dsdd,u,43,17.6,60,NA,8,4.4,4,8.8,36,25,11
WAI,2/13/2015,jawe,275036344,dsow,u,40,18,60,NA,7.5,4.3,3.3,8.2,39,30,9
WAI,2/13/2015,jawe,275036346,dsww,u,40,17,59,NA,7.9,3.7,3.2,7.7,28,18,10
PAH,2/15/2015,jawe,262146357,rsgr,u,NA,18.4,60,NA,7.3,4.4,3.7,7.5,36,26,10
PAH,2/15/2015,wrsh,271151975,dsog,m,143,27.6,92,NA,11.5,6.2,6.1,13.9,65,32,33
PAH,2/15/2015,rble,271151976,xsro,u,52,26.4,65,NA,7,5,4.9,10.3,50,28,22
PAH,2/15/2015,rble,271151977,xsry,u,51,25.1,65,NA,7,5.1,5.5,8.2,50,29,21
PAH,2/15/2015,rble,271151978,xsrd,u,55,23.8,68,NA,6.9,5.4,5,8.4,46,25,21
EKA,2/17/2015,rvbu,250157701,rsgd,u,84,23.7,90,NA,9.9,7,6.2,13,62,24,38
EKA,2/17/2015,jawe,262146363,rsry,u,37,17.8,59,NA,8.1,4.5,3.8,8.2,43,33,10
EKA,2/17/2015,jawe,262146365,rsyo,u,42,17.6,60,NA,7.9,4.3,3.6,7,36,26,10
EKA,2/17/2015,wrsh,265130746,dsoo,m,134,25.8,93,NA,11,5.8,5.5,12.6,51,25,26
EKA,2/17/2015,rble,271151980,xsog,u,55,24.9,68,NA,8.5,5.5,5.1,10.2,46,24,22
EKA,2/17/2015,rble,271151981,xsor,u,58,23.3,67,NA,7.4,4.5,4.9,9.4,45.5,25,20.5
EKA,2/17/2015,rble,271151982,xsoo,u,60,25,70,NA,8,5.2,4.7,10.9,48,26,22
EKA,2/17/2015,rble,271151983,xsoy,u,55,23.5,66,NA,7.9,5.4,5,10,47,26,21
EKA,2/17/2015,wrsh,271151984,ords,f,54,24.5,84,NA,10.6,5.6,5.4,12.4,52,26,26
EKA,2/17/2015,rble,271151985,xsow,u,54,22.8,66,NA,7.1,5.3,5.1,9.7,46,26,20
EKA,2/17/2015,rble,271151986,xsod,u,51,23.5,66,NA,6.8,4.8,5,9.8,44,25,19
EKA,2/17/2015,rwbu,271151987,ysro,u,75,19.2,79,NA,8.4,5.5,5.2,10.6,54,26,28
EKA,2/17/2015,rble,271151988,xsyg,u,56,24.5,71,NA,8.3,5,5.4,9.7,47,25,22
EKA,2/17/2015,rble,271151989,xsyr,u,54,22.7,66,NA,7.7,5.6,5.2,10.6,45,24,21
EKA,2/17/2015,rble,271151990,xsyo,u,54,24.5,67,NA,6.8,5.3,5,9.2,46,26,20
EKA,2/17/2015,rble,271151991,xsyy,u,56,24.8,70,NA,8.5,5.2,5.4,10,44,26,18
EKA,2/17/2015,rble,271151992,xsyd,u,56,22.4,69,NA,7.9,4.8,4.8,9,47,26,21
EKA,2/17/2015,rble,271151993,xsyw,u,58,24.2,67,NA,8.2,5.3,5.2,9.1,47,25,22
EKA,2/17/2015,rble,271151997,xsdo,u,55,23.5,66,NA,7.6,5.3,5.2,9.5,44,24,20
EKA,2/17/2015,rwbu,271151998,ysoo,u,85,19.5,83,NA,9,5.7,5.1,11.3,59,36,23
EKA,2/17/2015,rwbu,271151999,ysyo,u,68,21.1,79,NA,9.1,5.8,5.5,11.1,53,25,28
EKA,2/17/2015,rble,271152000,xsdy,u,52,24.6,66,NA,8.5,5,5,10.2,53,30,23
EKA,2/17/2015,rble,271152001,xsdd,u,54,25.4,66,NA,6.9,4.6,4.8,8.7,49,39,10
EKA,2/17/2015,rble,271152002,xsdw,u,53,25.5,66,NA,7.5,5.1,5.2,10.4,46,25,21
EKA,2/17/2015,rble,271152003,xswg,u,49,24.1,68,NA,6.8,4.5,4.8,8.4,46,24,22
EKA,2/17/2015,rble,271152004,xswr,u,58,24.1,67,NA,7.3,5.2,5.1,8.7,51,29,22
EKA,2/17/2015,rble,271152005,xswo,u,53,23,68,NA,7.3,5.3,5.5,10.5,48,26,22
EKA,2/17/2015,rble,271152006,xswy,u,48,23.6,64,NA,7,4.9,5.1,10.2,44,25,19
EKA,2/17/2015,jawe,275036349,rsgy,u,42,18.7,59,NA,8.2,4.9,4.3,9.3,46,34,12
EKA,2/17/2015,jawe,275036350,rsgd,u,45,17.8,61,NA,8.1,4.3,3.5,9.8,35,25,10
EKA,2/17/2015,jawe,275036352,rsrg,u,42,18,61,NA,8.9,3.6,4.5,7.8,43,31,12
EKA,2/17/2015,jawe,275036353,rsrr,u,42,18.2,59,NA,7.8,4.5,3.9,8.4,34,25,9
EKA,2/17/2015,jawe,275036354,rsro,u,41,17.8,57,NA,7.6,4.7,3.4,8,36,25,11
EKA,2/17/2015,jawe,275036355,rsrd,u,48,16.8,59,NA,7.9,4.2,3.6,8.1,40,31,9
EKA,2/17/2015,jawe,275036356,rsrw,u,41,17,57,NA,7.7,4.4,4,7.4,35,25,10
EKA,2/17/2015,jawe,275036357,rsoo,u,41,17.6,58,NA,8,4.1,3.1,8.1,36,26,10
EKA,2/17/2015,jawe,275036358,rsoy,u,42,18.2,59,NA,7.2,4.5,3.8,8.9,39,29,10
EKA,2/17/2015,jawe,275036359,xxxq,u,NA,NA,NA,NA,NA,NA,NA,NA,40,30,10
EKA,2/18/2015,jawe,262146366,rsod,u,41,16.6,58,NA,7.5,4,3.4,7.4,36,25,11
EKA,2/18/2015,jawe,262146369,rsyr,u,44,NA,50,NA,7.7,4.8,4.7,7.1,39,29,10
EKA,2/18/2015,wrsh,265130747,dsyg,m,130,25.9,91,NA,12.1,5.3,5.4,13,55.5,26,29.5
EKA,2/18/2015,wrsh,271152007,dsdg,m,121,25.4,92,NA,12.4,5.4,5.1,12.5,54,26,28
EKA,2/18/2015,wrsh,271152008,dswg,m,139,26.2,92,NA,11,5.8,5.4,11.7,57,28,29
EKA,2/18/2015,wrsh,271152009,dsgr,m,132,27.3,94,NA,11.4,6.1,6,12.2,61,32,29
EKA,2/18/2015,rble,271152010,xsww,u,56,22.5,66,NA,7.6,5.3,5,8.8,49,28,21
EKA,2/18/2015,wrsh,271152011,dsoy,m,131,27.3,91,NA,12.4,5.4,5.3,10.7,55,25,30
EKA,2/18/2015,rwbu,271152012,ysdo,u,71,21.8,79,NA,9.1,6.4,5.1,11.3,63,35,28
EKA,2/18/2015,rwbu,271152013,ysoy,u,81,18.7,80,NA,8.6,5.8,5.5,10.6,53,26,27
EKA,2/18/2015,jawe,275036360,rsog,u,39,17.2,61,NA,7.1,4.5,4,7.4,40,31,9
EKA,2/18/2015,jawe,275036362,rsyg,u,43,18.3,59,NA,8.2,4.3,3.6,8.5,39,28.5,10.5
EKA,2/18/2015,jawe,275036363,rsor,u,42,18,59,NA,7.6,4.2,3.7,8.8,34,24,10
EKA,2/18/2015,jawe,275036364,rsyy,u,40,18,59,NA,7.8,4.6,3.9,8.3,37.5,27,10.5
MOA,2/22/2015,rvbu,135288408,rsgg,u,89,23.4,98,NA,10.1,6.5,5.6,11.4,69,25,44
MOA,2/22/2015,rvbu,250157702,xsxx,u,90,22.5,92,NA,11.5,7.1,6.2,12.7,61,26,35
MOA,2/22/2015,rwbu,271152016,ysyy,u,NA,19.8,81,NA,9.2,6.7,5.5,10.2,54,25,29
MOA,2/22/2015,rwbu,271152017,ysgy,u,83,20.1,79,NA,8.8,5.9,5.3,11.3,59,32,27
MOA,2/22/2015,rble,271152018,ggws,u,54,24.3,66,NA,8.2,5,5.1,10.5,46,25,21
MOA,2/22/2015,rble,271152019,rgws,u,53,23.5,65,NA,7.1,4.9,5.1,10.1,46,26,20
MOA,2/22/2015,rble,271152020,ogws,u,57,24.8,69,NA,6.7,5.2,5.3,8.1,47,24,23
WAI,2/23/2015,wrsh,265130753,dsrr,m,87,26.8,91,NA,10.8,6,5.4,11.3,56,25,31
WAI,2/23/2015,rble,271152021,grws,u,NA,NA,NA,NA,NA,NA,NA,NA,48,26,22
WAI,2/23/2015,rble,271152022,gows,u,56,24,68,NA,8.7,5.4,6.7,10.2,46,25,21
WAI,2/23/2015,rble,271152023,gyws,u,52,21.6,68,NA,7.6,5.2,4.9,8.1,38,27,11
WAI,2/23/2015,rble,271152024,gdws,u,54,23.1,67,NA,7.6,4.8,5.1,9,47,26,21
WAI,2/23/2015,rble,271152025,gwws,u,55,23.6,66,NA,7.4,5.1,5,10.9,47,26,21
WAI,2/23/2015,rble,271152026,rrws,u,55,25,68,NA,8.3,5.2,5.1,11,46,25,21
WAI,2/23/2015,rble,271152027,rows,u,53,24,67,NA,7.3,4.5,4.7,8.9,46,26,20
WAI,2/23/2015,rble,271152028,ryws,u,60,22.9,69,NA,7.8,5.2,5.1,10.3,49,27,22
EKA,2/24/2015,rwbu,265130754,ysrd,u,83,19.8,84,NA,8.7,5.9,5.5,10.4,64,34,30
EKA,2/24/2015,wrsh,265130755,dsor,m,149,25.9,98,NA,11.9,5.1,5.2,12.8,53,25,28
EKA,2/24/2015,rble,271152029,rwws,u,55,24,69,NA,7.1,5.2,5.1,9.4,45,25,20
EKA,2/24/2015,rble,271152030,rdws,u,55,24.2,70,NA,8,5.2,5,10.4,46,26,20
EKA,2/24/2015,rble,271152031,orws,u,53,22.5,66,NA,7.1,5.2,5.2,9.5,44,25,19
EKA,2/24/2015,rwbu,271152032,ysgd,u,76,20,79,NA,9.2,5.8,5.2,11.8,48,25,23
EKA,2/24/2015,rble,271152033,oows,u,56,24.8,70,NA,8,4.9,5.2,10.8,48,27,21
EKA,2/24/2015,rble,271152034,oyws,u,50,NA,66,NA,7.4,5.1,5,9,46,24,22
EKA,2/24/2015,jawe,275036367,rsdr,u,42,18.5,60,NA,7.5,4.5,3.8,8.3,36,24,12
MOA,2/28/2015,jawe,262146374,rswy,u,NA,NA,57,NA,8,4.4,3.7,6.9,35,26,9
MOA,2/28/2015,wrsh,265130756,dsgo,m,148,27.8,96,NA,12.4,6.5,5.9,11.4,65,34,31
MOA,2/28/2015,wrsh,265130757,dsod,m,155,26.2,89,NA,10.5,5.4,5.6,12.7,57,24,33
MOA,2/28/2015,rble,271152103,gdds,u,55,24,67,NA,7.6,4.9,4.9,10.7,48,27,21
MOA,3/1/2015,rvbu,250157703,grrs,u,90.5,25,99,NA,11.6,6.6,6.1,13.6,65.5,27,38.5
MOA,3/1/2015,rble,271152104,gwds,u,55,23.1,69,NA,7.3,5.4,5.1,8.7,46,25,21
MOA,3/1/2015,rble,271152106,rgds,u,56,24,66,NA,7.4,5.4,5.2,10.1,47,25,22
MOA,3/1/2015,rble,271152107,rods,u,50,22.5,64,NA,7.2,5,5.3,9.5,46,26,20
MOA,3/1/2015,rble,271152108,rrds,u,56,24.5,68,NA,8.1,4.7,5.2,8.3,52,30,22
EKA,3/3/2015,jawe,262146372,rswd,u,40,18.8,61,NA,8.4,4.5,3.9,9.7,36,26,10
EKA,3/3/2015,wrsh,271152071,grds,f,121,23.2,88,NA,9.8,4.7,5,12.8,61,34,27
EKA,3/3/2015,wrsh,271152109,dsgd,m,133,26.1,93,NA,11,5.5,5.3,12.4,68,29,39
EKA,3/3/2015,jawe,275036374,rsww,u,42,17.4,59,NA,8.1,4.6,3.7,9.9,36,25,11
EKA,3/3/2015,jawe,275036376,ggws,u,43,17.9,58,NA,7.8,4.3,4.2,9,37,26.5,10.5
EKA,3/10/2015,jawe,262146376,xxxs,u,40.5,18.5,57,NA,8.2,4,3.4,7.9,26.5,17,9.5
EKA,3/10/2015,rble,271152112,rdds,u,50.5,23.5,67,NA,7.5,5.7,5.3,9.7,38.5,18,20.5
EKA,3/10/2015,wrsh,271152113,dsry,m,141,26.8,94,NA,12.1,5.6,5.3,11.7,55,23,32
PAH,3/12/2015,jawe,262146377,rgws,u,43,16,58.5,NA,7,4.2,3.5,8.6,18,8,10
PAH,3/12/2015,jawe,262146378,rows,u,42,18.5,59,NA,9,4.1,4,8.4,36,26,10
PAH,3/12/2015,rble,271152115,ygds,u,52,24.8,59,NA,7.5,5.2,5.2,8.9,43,21,22
PAH,3/12/2015,rble,271152116,ords,u,56,24,65,NA,7.4,4.9,5.2,8.5,42,20,22
PAH,3/12/2015,rble,271152117,rwds,m,57,24.4,68,NA,8.4,5,5.4,10.1,48,26,22
PAH,3/12/2015,rble,271152118,oods,u,53,22.2,67,NA,7.3,5.6,5.1,10.3,56,36,20
PAH,3/12/2015,rble,271152119,oyds,u,56,22.4,69,NA,7.1,4.8,5.2,8.3,49,28,21
PAH,3/12/2015,jawe,275036383,rrws,u,41,18.4,58,NA,8.1,4.8,3.8,9,46,35,11
PAH,3/12/2015,rble,NA,xxxx,u,NA,NA,NA,NA,NA,NA,NA,NA,54,32,22
PAH,3/13/2015,rble,271152120,wgds,u,56,23.6,66,NA,7.6,4.9,4.8,8.7,47,26,21
PAH,3/15/2015,rble,271152114,ogds,u,55,24.1,68,NA,7.6,5.5,4.8,10.3,47,25,22
EKA,3/17/2015,wrsh,271152121,dsrd,m,137,25.8,89,NA,11.4,5.4,5.5,12.9,55,25,30
EKA,3/17/2015,jawe,275036386,ogws,u,40,17.6,59,NA,7.5,4.3,3.9,7.9,36,25,11
WAI,3/19/2015,jawe,262146380,oows,u,35,18.8,60,NA,7.5,3.9,3.3,7.5,37.5,26.5,11
WAI,3/19/2015,rble,271152122,yrds,u,57,23.4,78,NA,7.3,4.5,5,8.5,46,27,19
WAI,3/19/2015,rble,271152123,owds,u,52,21.9,66,NA,7.2,5.1,5.3,9.9,48.5,26,22.5
WAI,3/19/2015,rble,271152124,owds,u,59,23.4,71,NA,7.2,5.2,5.3,10.1,47,25,22
WAI,3/19/2015,rble,271152125,yyos,u,56,23,70,NA,8.4,5,5,9.9,45,26,19
WAI,3/19/2015,rwbu,271152126,ysyd,u,86,21.1,83,NA,9.7,5.9,5.5,11.4,58,27,31
WAI,3/19/2015,rble,271152127,ydds,u,59,25.8,70,NA,7.9,5.5,5,8.5,48,25,23
WAI,3/19/2015,rble,271152128,ywds,u,61,24.1,70,NA,7.9,5.1,5.3,10.4,53,29,24
WAI,3/19/2015,rble,271152129,drds,u,54,24.4,68,NA,8.4,4.8,5.1,10.6,48,27,21
WAI,3/19/2015,jawe,275036387,orws,u,39,18,58,NA,7.4,3.9,3.4,8.1,35,25,10
WAI,3/19/2015,jawe,275036388,odws,u,36,17,57,NA,8.1,4.3,4,8,40,30,10
WAI,3/19/2015,jawe,275036389,owws,u,43,17.7,58,NA,NA,3.7,3.7,8.4,35,26,9
WAI,3/19/2015,jawe,275036399,oyws,u,44,17.4,59,NA,7.6,4.6,3.8,8.8,49,38,11
WAI,3/19/2015,rwbu,NA,xxxx,u,NA,NA,NA,NA,NA,NA,NA,NA,58,25,33
WAI,3/20/2015,rwbu,265130779,ysdw,u,80,20,84,NA,9.2,5.3,5.3,12,66,37,29
WAI,3/20/2015,rble,271152130,dods,u,57,23.9,68,NA,7.4,4.9,5,10.3,48,28,20
WAI,3/20/2015,rble,271152131,dyds,u,54,23.3,69,NA,6.6,5.1,5.2,9.5,48,26,22
WAI,3/20/2015,rwbu,271152132,ysyw,u,82,21.4,84,NA,10,5.1,5.2,11.8,66,24,NA
WAI,3/20/2015,rble,271152133,ddds,u,58,23.6,71,NA,8.1,4.6,5.2,10.6,51,29,22
WAI,3/20/2015,rble,271152134,dwds,u,53,25.6,69,NA,7.9,5.2,5.1,8.9,46,26,20
WAI,3/20/2015,rble,271152135,wrds,u,57,23.9,67,NA,7.9,5.1,5.4,11.1,53,30,23
WAI,3/20/2015,rwbu,271152136,ysdd,u,81,21.5,78,NA,8.6,5.5,5,9.4,52,23,29
WAI,3/20/2015,jawe,275036393,yyws,u,41,18.3,59,NA,8.2,4.1,4,8.2,37,27,10
WAI,3/20/2015,jawe,275036394,ydws,u,45,18.3,61,NA,7.3,4.3,3.7,7.7,37.5,26,11.5
WAI,3/20/2015,jawe,275036395,ywws,u,39,17.7,58,NA,8.1,4.5,3.6,7.7,39,28,11
EKA,3/23/2015,rble,271152137,wods,u,52,24.2,69,NA,8.1,5.3,4.9,9.6,38,18,20
MOA,3/25/2015,rwbu,265130760,yswy,u,76,19.9,88,NA,8.8,5.8,5.4,9.1,58,25,33
MOA,3/25/2015,rble,271152138,wyds,u,50,19.5,64,NA,7.8,5.3,5.1,8.3,42,26,16
MOA,3/25/2015,rble,271152139,wdds,u,50,23.3,66,NA,7.4,5.4,5.2,8.7,48,28,20
MOA,3/25/2015,rble,271152140,wwds,u,52,23.4,67,NA,7.4,5.3,5.3,9.1,55.5,33,22.5
MOA,3/25/2015,wrsh,271152141,goos,f,90,24.7,82,NA,11.9,5.3,5.7,11.6,52,26,26
MOA,3/25/2015,rble,271152142,gggs,u,52,22.2,70,NA,7.1,4.9,5.2,8.7,45,24.5,20.5
MOA,3/25/2015,rble,271152143,rggs,u,55,23.9,68,NA,8.3,5.3,5.1,8.1,51.5,27,24.5
MOA,3/25/2015,wrsh,271152144,dsow,m,126,26.7,90,NA,10.5,5.3,5.4,12,55,25,30
MOA,3/25/2015,wrsh,271152145,oswd,m,108,NA,85,NA,10.8,5.3,5.2,11,55,26,29
MOA,3/25/2015,rble,271152147,yggs,u,51,23.6,68,NA,7.8,5,4.5,8.4,48,26.5,21.5
MOA,3/25/2015,rwbu,271152148,yswd,u,72,19.4,74,NA,8.5,6.1,5.5,10,49,25,24
MOA,3/25/2015,rble,271152149,dggs,u,58,23.1,69,NA,7,4.6,5.1,8.2,45,23,22
MOA,3/25/2015,rble,271152150,wggs,u,55,22.1,69,NA,7.7,5.4,5.1,9,44,24.5,19.5
MOA,3/25/2015,rwbu,271152152,ysgw,u,72,20.2,77,NA,8.5,5.2,5.1,9.5,55.5,31,24.5
MOA,3/25/2015,rble,271152153,grgs,u,51,25.1,69,NA,7.2,4.5,5.5,8.8,44,25,19
MOA,3/25/2015,jawe,275036398,gggs,u,40,17.1,55,NA,7.6,4.1,4,6.5,34.5,25.5,9
MOA,3/26/2015,rble,271152155,orgs,u,54,23.4,76,NA,7.4,4.3,5.2,8.8,48,28,20
MOA,3/26/2015,rble,271152156,yrgs,u,59,24.5,71,NA,7.5,5.2,5.1,10.6,47,26,21
MOA,3/26/2015,rwbu,271152157,rsww,u,64,21.5,79,NA,9.3,5.1,4.9,9.6,52,30,22
MOA,3/26/2015,rwbu,271152158,rswd,u,80,19,82,NA,9.4,5.2,5.1,11.1,58,33,25
MOA,3/26/2015,wrsh,271152154,dsyo,m,149,24.2,93,NA,11.5,5.9,5.4,10.9,63.5,33,30.5
MOA,3/26/2015,rble,271152160,wrgs,u,56,23.2,66,NA,7,4.4,4.7,9.7,47,27,20
MOA,3/26/2015,rble,271152161,gogs,u,59,23.6,67,NA,7.3,4.8,4,8.8,47,25,22
MOA,3/26/2015,rble,271152162,rogs,u,55,22.7,70,NA,7.5,4.1,5.2,8.9,56,34,22
MOA,3/26/2015,rble,271152163,oogs,u,54,24.1,67,NA,7,5.3,5.3,9.2,47,25,22
MOA,3/26/2015,wrsh,271152201,dsww,m,135,25.2,91,NA,11.3,6.2,5.6,11.4,53,25,28
MOA,3/26/2015,jawe,275036400,drws,u,44,17.5,58,NA,7.4,4.3,3.6,8.3,39,29,10
MOA,3/26/2015,jawe,275036401,dyws,u,44,18.2,60,NA,8.1,4.2,3.6,7.7,37,24,13
MOA,3/26/2015,jawe,275036402,dows,u,32,18.5,59,NA,7.5,4.5,3.8,7.9,33.5,26,7.5
PAH,3/30/2015,jawe,262146381,ddws,u,40,17.4,58,NA,8.2,4.3,3.4,8.8,67,56.5,10.5
PAH,3/30/2015,rwbu,265130777,rswy,u,84,21.3,83.5,NA,8.6,6.1,4.9,11.6,55,28.5,26.5
PAH,3/30/2015,rble,271152164,gdgs,u,55,23.4,70,NA,7.5,5.3,4.7,9.3,30,11,19
PAH,3/30/2015,rble,271152165,gwgs,u,56,22.6,67,NA,7.5,5.1,5,10.5,28,8,20
PAH,3/30/2015,rble,271152166,rdgs,m,57,23.4,71,NA,7.8,5.5,5,11.6,28.5,8,20.5
PAH,3/30/2015,rble,271152168,rwgs,m,57,25.4,69,NA,7.7,5.7,5,9.5,52,30,22
PAH,3/30/2015,rble,271152169,odgs,m,55,24.7,71,NA,8.2,4.6,5,10.2,78,56,22
PAH,3/30/2015,jawe,275036403,dwws,u,40,17.1,60,NA,8.4,4.1,3.3,7.3,38,29,9
EKA,4/1/2015,rble,271152170,owgs,u,54,20.3,65,NA,7.9,5,4.9,8.7,44.5,26,18.5
EKA,4/1/2015,wrsh,271152171,yyds,f,110,24.8,89,NA,9.6,5.1,5,10.8,48,26,22
EKA,4/1/2015,wrsh,271152172,ydds,f,93,24.5,84,NA,10.2,5.6,5.5,10.5,54,26,28
EKA,4/1/2015,rble,271152174,yogs,u,52,22.9,63,NA,7,4.6,5.1,7.4,44,24,20
EKA,4/1/2015,rble,271152176,dogs,u,54,24.1,67,NA,7.1,5.1,5,9,46,25.5,20.5
EKA,4/1/2015,rwbu,271152177,rswo,u,73,18.4,74,NA,8.4,5.7,5,10.6,46,24.5,21.5
EKA,4/1/2015,rwbu,271152178,rswr,u,76,20.3,85,NA,9.6,5.3,4.9,12.2,48,28,20
EKA,4/1/2015,rwbu,271152179,rswg,u,78,20.4,81,NA,8.7,5.5,5.2,11.4,54,28,26
EKA,4/1/2015,rble,271152180,wogs,u,57,24.2,65,NA,7.5,5.4,5.1,8.7,44.5,25,19.5
EKA,4/1/2015,jawe,275036404,wgws,u,40,17.9,57,NA,7.1,4,3.2,7.7,42,32,10
EKA,4/1/2015,jawe,275036405,wrws,u,38,17.2,57,NA,6.5,4.2,3.1,7.3,36,26,10
EKA,4/2/2015,jawe,262146384,wdws,u,40,17.2,58,NA,7.5,4.2,3.5,7.1,34,24,10
EKA,4/2/2015,rble,271152181,yygs,u,54.5,23.1,66,NA,7.9,5.2,5.2,10.1,53,33,20
EKA,4/2/2015,rble,271152182,ydgs,u,54,24.2,64,NA,7.5,5.2,4.7,10.1,45.5,26,19.5
EKA,4/2/2015,rble,271152183,ywgs,u,57,23.5,69,NA,7.3,4.5,5.2,9.5,51,30,21
EKA,4/2/2015,rble,271152184,dygs,u,59,23.8,70,NA,7.9,4.8,5.1,8,50,30,20
EKA,4/2/2015,rble,271152185,wygs,u,54,22.3,63,NA,7,4.8,4.7,8.5,53,34,19
EKA,4/2/2015,wrsh,271152199,dsyw,m,148,25.6,93,NA,10.8,5.3,5.2,12,57,25.5,31.5
EKA,4/2/2015,jawe,275036408,wyws,u,45,17.9,59,NA,7.6,4,3.5,8.3,37,27,10
EKA,4/4/2015,rble,271152302,ddgs,u,57,23.2,66,NA,7.6,5,5.1,9.9,44.5,25,19.5
EKA,4/4/2015,rble,271152303,dwgs,u,57,25,69,NA,8.2,5.1,5.6,8.4,46,25,21
EKA,4/4/2015,rble,271152304,wdgs,u,55,24,68,NA,7.5,5,5.1,8.8,45.5,24,21.5
EKA,4/4/2015,jawe,275036502,wwws,u,41,17.2,58,NA,7.6,4.5,4.1,6.6,36,26,10
WAI,4/6/2015,wrsh,265130775,wsgg,m,139,25.9,92,NA,11.3,5.6,5.7,12.8,50,18,32
WAI,4/6/2015,wrsh,265130776,gros,f,111,25.5,85,NA,11.6,5.9,5.9,13.6,54,26,28
WAI,4/6/2015,rble,271152187,wwgs,u,55,20.4,68,NA,8.3,5.1,4.8,10.4,51,31,20
WAI,4/6/2015,rble,271152188,ggys,u,58,24.4,69,NA,8,5.3,5.1,10.6,49,27,22
EKA,4/8/2015,jawe,235109402,xsxx,m,42.5,17.3,59,NA,8.3,4,3.6,7.3,28.5,18.1,10.4
EKA,4/8/2015,wrsh,271152305,gyws,f,104,23.8,87,NA,11.1,5.5,5.4,13.9,55,27,28
EKA,4/8/2015,rble,271152306,goys,u,56,24.2,68,NA,8.1,5.8,5.2,8.9,49,27,22
EKA,4/8/2015,jawe,275036503,xsxx,f,NA,NA,NA,NA,NA,NA,NA,NA,35,24,11
MOA,4/13/2015,wrsh,265130774,wsoo,m,133,26.4,94,NA,12.5,5.1,5.4,15.5,56,24,32
MOA,4/13/2015,wrsh,271152192,ogws,f,106,24.8,87,NA,9.2,5.3,5.8,10,56,31,25
PAH,4/14/2015,rble,271152193,ysdw,u,52,24.1,67,NA,8.4,5.2,5.1,10.5,48,26,22
PAH,4/14/2015,rble,271152194,ysro,u,50,23.6,64,NA,7.6,5,4.7,9,45,24,21
PAH,4/14/2015,rble,271152195,gsor,u,53,23.4,64,NA,8.2,5.2,4.8,9,45,27,18
PAH,4/14/2015,rble,271152196,ysrr,u,56,24.5,68,NA,8,5.4,5,9.7,47,26,21
PAH,4/14/2015,jawe,275036420,ysgg,u,41,18.4,59,NA,7.3,4.6,3.7,9,39,26,13
PAH,4/15/2015,wrsh,265130762,wsrg,m,149,26.1,96,NA,12,5.6,5.6,13.2,62,28,34
EKA,4/15/2015,rwbu,265144503,dsgr,u,76,20.6,79,NA,9.4,5.3,5.4,10.2,52,26,26
PAH,4/15/2015,rble,271152197,ysgg,u,53,22.7,64,NA,7.5,5,4.9,8.3,45,25,20
PAH,4/15/2015,wrsh,271152198,wsgr,m,139,25.4,94,NA,10.8,5.4,5.6,11.5,58,26,32
EKA,4/15/2015,rble,271152313,osry,u,56,24.4,67,NA,7.7,5.1,5.2,9.2,47,26,21
PAH,4/15/2015,jawe,275036422,osgy,m,42,18.1,60,NA,7.1,4.4,3.6,7.9,40,30,10
PAH,4/15/2015,jawe,275036423,osrg,u,41,17.7,56,NA,7.3,4.1,3.5,7.2,36,25,11
PAH,4/15/2015,jawe,275036424,osrr,u,41,18.2,61,NA,7.2,4.3,3.6,6.7,38,24,14
EKA,4/15/2015,jawe,275036507,osro,u,40,18.1,59,NA,7.8,4.8,4.7,7.3,37,26,11
WAI,4/16/2015,rble,271152314,ysrg,u,55,23.2,66,NA,7,4.9,5,9.6,48.5,26,22.5
WAI,4/16/2015,jawe,275036508,gsrg,m,42,17.2,59,NA,7.9,4.4,3.8,6.8,38,26,12
MOA,4/17/2015,wrsh,271152315,gsgg,m,132,26.5,93,NA,12,5.2,5.6,10.1,56,24,32
MOA,4/20/2015,jawe,232143109,ysyg,m,43,16.5,60,NA,7.8,4.2,3.7,7.2,33,23.5,9.5
MOA,4/20/2015,wrsh,271152203,dsgy,m,136,25.3,96,NA,11,6.5,5.3,11.3,55,25,30
WAI,4/20/2015,rble,271152318,ysog,u,NA,NA,NA,NA,NA,NA,NA,NA,48,26.5,21.5
WAI,4/20/2015,rble,271152319,ysyg,u,56,24.9,67,NA,7.4,5.1,4.9,9,46,26,20
WAI,4/20/2015,jawe,275036512,wsgg,u,42,18,59,NA,8,4,3.6,8.6,37,26,11
PAH,4/21/2015,rble,271152320,ysgy,u,55,24.2,64,NA,7,4.6,5,8.2,48,26,22
PAH,4/21/2015,rble,271152321,ysgd,u,57,23.4,69,NA,8.6,4.8,5.2,9.8,46,25,21
PAH,4/21/2015,wrsh,271152322,gsgr,u,114,25.4,87,NA,10.7,5.3,5.3,13.2,54,25,29
PAH,4/21/2015,rble,271152323,ysrg,u,50,23.4,66,NA,7.6,5.2,5.2,9.7,48,25,23
PAH,4/21/2015,rble,271152324,ysro,u,48,23.5,68,NA,7.7,5.1,5.1,8.2,46,25,21
PAH,4/21/2015,rble,271152325,ysrw,u,54,24.5,68,NA,6.8,5.4,5.2,8.2,45,25,20
PAH,4/21/2015,jawe,275036513,gsgg,u,42,15.6,59,NA,7.3,4.3,3.8,7.6,36,25,11
EKA,4/22/2015,jawe,235109409,xsxx,m,42,17.6,60,NA,7.6,4.4,3.7,7.3,35,24.5,10.5
EKA,4/22/2015,rwbu,271152326,dsgo,u,81,20.2,85,NA,8.8,5.6,5,10.3,53,26,27
WAI,4/23/2015,rble,271152328,ysdg,u,54,24.1,66,NA,7.3,4.9,5,9.9,44,26,18
WAI,4/23/2015,rble,271152329,yswg,u,53,23.1,67,NA,7.5,5.5,5,10.6,46,27,19
WAI,4/23/2015,jawe,275036516,wsry,m,41,17.9,61,NA,7.8,4.6,3.7,7.9,38,27,11
EKA,4/26/2015,jawe,232143110,dsgw,m,42,18.1,59,NA,8.4,4.8,3.6,8,35,25,10
EKA,4/26/2015,jawe,232143111,dsgy,u,41,17.9,57,NA,8.3,4.8,3.9,8.8,35,24,11
EKA,4/26/2015,wrsh,265130772,dsyy,f,109,25.6,81,NA,11.1,5.8,5.5,13.2,51,25,26
EKA,4/26/2015,rble,271152214,ysdg,u,51,24.3,66,NA,7.1,5.4,4.8,10.3,47,25,22
EKA,4/26/2015,rble,271152215,ysdr,u,52,23.1,66,NA,7,5,5.1,9.6,45,24,21
EKA,4/26/2015,rble,271152217,ysdw,u,56,24.3,68,NA,8.8,5.6,5.5,9.9,46,24,22
EKA,4/26/2015,rble,271152218,ysdd,m,53,22.2,65.5,NA,7.8,5.1,4.8,9.7,45,25,20
EKA,4/26/2015,rble,271152219,ysdy,u,54,23.6,66,NA,7.3,5.4,4.8,10.1,45,25,20
EKA,4/26/2015,rble,271152220,xsxx,u,57.5,25.3,69.5,NA,NA,NA,NA,NA,53,31,22
EKA,4/26/2015,rble,271152221,xsxx,u,53.5,NA,66,NA,NA,NA,NA,NA,46.5,27,19.5
EKA,4/26/2015,jawe,275036427,dsgr,m,43,17.7,58,NA,7.4,4.6,3.4,7.9,34,24.5,9.5
EKA,4/26/2015,jawe,275036499,dsgd,m,46,17.8,58,NA,8.2,4.7,3.6,8.5,34,24.5,9.5
MOA,4/27/2015,wrsh,265144507,gsgy,m,138,26.1,92,NA,10.9,5.5,5.5,12.4,57,24,33
MOA,4/27/2015,rble,271152335,ysgw,u,56,20.3,67,NA,7.6,5.5,5.3,10.1,25,8,17
MOA,4/27/2015,rble,271152336,ysry,u,55,23.8,68,NA,7.7,4.8,5.1,9,26,8,18
MOA,4/27/2015,rble,271152337,ysoo,u,57,23.2,68,NA,7.7,5,5,9,31,17,14
MOA,4/27/2015,rble,271152338,ysod,u,60,21.4,71,NA,7.9,5.2,4.9,8.7,35.5,18,17.5
MOA,4/27/2015,rble,271152339,ysow,u,56,24.5,68,NA,7.4,4.7,5,9.7,37,19,18
MOA,4/27/2015,rble,271152340,ysyr,u,58,24.2,69,NA,8.2,4.8,4.8,8.9,43.5,25.5,18
MOA,4/27/2015,rble,271152341,ysyo,u,52,23.2,64,NA,7.4,5,4.9,9,43,26,17
MOA,4/27/2015,wrsh,271152342,gsgo,m,135,25.4,91,NA,10.8,5.2,5.3,11.4,58,27,31
MOA,4/27/2015,wrsh,271152343,gogs,f,102,25.4,84,NA,10.3,5.7,5.1,11.5,52,26,26
MOA,4/27/2015,jawe,275036521,ysod,u,40,17.7,59,NA,8,4.3,3.7,7.1,16,8,8
MOA,4/27/2015,jawe,275036522,ysgr,u,41,17,60,NA,7.6,4.5,3.9,7.6,36,26,10
PAH,4/28/2015,wrsh,265144509,gsgd,m,149,25.2,95,NA,10.9,5.9,5.4,11.4,57,25,32
PAH,4/28/2015,jawe,275036523,rsgo,u,40,17.7,58,NA,7.4,4.8,4,8.2,40,29,11
EKA,4/29/2015,jawe,275036524,dsrr,u,42,17.5,59,NA,7.9,4.4,4.1,7.6,38,26,12
PAH,5/1/2015,wrsh,265144510,gsgw,m,150,26.2,90,NA,11.3,5.2,5.6,11,61,26,35
MOA,5/1/2015,wrsh,271152236,dsdo,m,137,24.2,90,NA,11,6,6.5,12.5,51,26,25
PAH,5/1/2015,jawe,275036546,gsyd,u,41,18,61,NA,6.7,4.6,4.2,7.6,36,25,11
WAI,5/4/2015,rble,271152237,ysgr,m,54,24,68,NA,8.3,5.3,5,10,55,33,22
PAH,5/5/2015,jawe,235109414,rsrw,m,40.5,16.5,57.5,NA,7.9,4,3.4,8,36,25.5,10.5
PAH,5/5/2015,rble,271152353,gsgw,u,55,24.2,71,NA,8.1,5.4,5.1,9.9,39,19,20
PAH,5/5/2015,rble,271152354,gsro,u,55,23.5,68,NA,7.9,5.2,4.9,9.4,29,8,21
PAH,5/5/2015,jawe,275036537,rsgw,u,NA,NA,NA,NA,NA,NA,NA,NA,36,25,11
PAH,5/5/2015,jawe,275036538,rsry,u,39.5,17.7,57,NA,7.9,4.5,3.9,8.4,37,26.5,10.5
PAH,5/5/2015,jawe,275036539,rsrd,u,43,16.4,60,NA,7.5,4.4,3.5,8.7,36,26,10
WAI,5/6/2015,rwbu,265130771,rsgg,u,79,18.5,79,NA,9,5.4,5.1,10.8,48,25,23
WAI,5/6/2015,rble,271152238,ysrr,u,56,23.4,68,NA,8,4.8,5.1,9.2,46,24,22
WAI,5/6/2015,rble,271152239,ysor,u,56,22.5,66,NA,6.5,5,5.1,9.7,50.5,32,18.5
WAI,5/6/2015,rble,271152240,ysro,u,55,23.2,66,NA,8,4.5,4.7,8.8,48,28,20
WAI,5/6/2015,rble,271152241,ysoo,u,57,22.8,69,NA,7.5,4.9,5.3,8.1,46,27,19
WAI,5/6/2015,rble,271152242,ysry,u,56,24.4,70,NA,8,5.1,5.1,9.8,49,26,23
WAI,5/6/2015,rble,271152243,ysrd,u,56,22.5,66,NA,6.5,4.7,4.9,9.3,48,27,21
WAI,5/6/2015,rble,271152244,ysrw,u,57,23.2,67,NA,7.9,4.6,5,9.3,38,17,21
WAI,5/6/2015,rble,271152245,ysow,u,57,22.6,66,NA,7.9,5.1,5.2,9.8,44,25,19
WAI,5/6/2015,rwbu,271152246,rsgr,u,77,17.7,77,NA,8.6,5.3,5.4,11.5,51,27,24
WAI,5/6/2015,rble,271152247,ysod,u,53,23.2,66,NA,7.1,4.8,5.3,9,47,26,21
WAI,5/6/2015,rble,271152248,ysoy,u,58,24.3,73,NA,8.3,5.5,5.2,9.6,49,25,24
WAI,5/6/2015,rwbu,271152249,rsgo,u,81,19.2,83,NA,8.6,5.2,5.1,10.1,53,25,28
WAI,5/6/2015,jawe,275036436,gsgw,u,53,17.2,57,NA,8.2,4.4,4.1,6.9,38,28,10
WAI,5/6/2015,jawe,275036437,gsro,u,40,17.6,56,NA,7.2,4.3,3.5,7.5,35,25,10
WAI,5/6/2015,jawe,275036438,gsry,u,40,17.1,56,NA,7.7,4.1,3.3,8,35,24,11
WAI,5/6/2015,jawe,275036439,gsrd,u,40,17.1,57,NA,8.1,4.5,3.5,8.7,36,25,11
WAI,5/6/2015,jawe,275036440,gsrw,u,41,18,59,NA,7.8,4.2,3.4,8.5,40,30,10
WAI,5/6/2015,jawe,275036497,gsgd,u,44,17.3,60,NA,8.1,5.1,4.5,7.1,37,25,12
WAI,5/6/2015,jawe,275036498,gsgy,u,40,17.5,59,NA,8.1,4.3,4.3,6.2,38,28,10
WAI,5/7/2015,rwbu,265130767,rsgy,u,75,20.8,78,NA,10.5,5.3,5.2,10.1,49,24,25
WAI,5/7/2015,rvbu,265130770,rsgg,u,97,23.3,98,NA,9.9,6.2,6.3,13.9,67,30,37
WAI,5/7/2015,rble,271152250,ysgg,u,60,23.4,71,NA,8.1,5,5.1,9,46,25,21
WAI,5/7/2015,rble,271152251,ysyr,u,56,23.6,68,NA,7.8,5,4.9,10.3,49,29,20
WAI,5/7/2015,rble,271152252,ysgo,u,55,24.5,66,NA,8.3,5.3,4.7,8.5,49,28,21
WAI,5/7/2015,rble,271152254,ysyy,u,62,23.6,NA,NA,7.1,5.3,5.1,8.4,53,32,21
WAI,5/7/2015,rble,271152255,ysgy,u,55,23.4,69,NA,9.3,5.3,5.4,9.9,48,25,23
WAI,5/7/2015,rble,271152256,ysgd,u,53,23.3,64,NA,8.3,4.4,4.6,8.5,46,26,20
WAI,5/7/2015,rble,271152257,ysgw,u,52,23.2,66,NA,8.2,5.2,5.3,9,48,29,19
WAI,5/7/2015,rble,271152258,ysyd,u,55,23.2,66,NA,7.7,5.2,5.3,9.2,50,30,20
WAI,5/7/2015,jawe,275036441,gsog,u,39,17.9,56,NA,7.6,4.1,3.4,8.1,35,22,13
WAI,5/7/2015,jawe,275036442,gsoy,u,41,17.5,59,NA,7.7,4.3,3.8,8.6,35,25,10
WAI,5/7/2015,jawe,275036444,gsyr,u,40,16.4,56,NA,7.5,3.8,3.6,7,36,26,10
WAI,5/7/2015,jawe,275036445,gsyw,u,41,17.8,59,NA,8.7,4.3,3.6,7.1,36,25,11
WAI,5/7/2015,jawe,275036446,gsyy,u,39,18.4,58,NA,7.8,4.7,3.9,7.5,37,26,11
WAI,5/7/2015,jawe,275036447,gsdg,u,41,16.3,57,NA,7.2,4.1,3.4,7.1,34,24,10
WAI,5/7/2015,jawe,275036494,gsow,u,34,17.1,62,NA,8.2,4,3.4,7.1,36,25,11
WAI,5/7/2015,jawe,275036495,gsoo,u,41,17.5,58,NA,7.8,4.2,4.1,8.5,39,26,13
WAI,5/7/2015,jawe,275036496,gsro,u,45,17.3,60,NA,7.9,4.2,3.6,7.9,35,26,9
WAI,5/7/2015,rble,NA,xxxx,u,NA,NA,NA,NA,NA,NA,NA,NA,45,25,20
WAI,5/7/2015,rble,NA,xxxx,u,NA,NA,NA,NA,NA,NA,NA,NA,54,32,22
MOA,5/11/2015,jawe,232143115,ysro,u,41,18.4,54,NA,7.3,4.1,3.2,8.2,29,3,NA
MOA,5/11/2015,jawe,232143226,ysrd,m,43,17,60,NA,7.5,4.1,3.3,8,33,25,8
MOA,5/11/2015,rwbu,265130768,rsgd,f,NA,NA,NA,NA,NA,NA,NA,NA,51,24,27
MOA,5/11/2015,rwbu,265130800,rsrg,u,78.5,18.3,79,NA,8.3,5.3,4.6,10.5,49,26,23
MOA,5/11/2015,rble,271152259,ysdo,u,53.5,24.2,63.5,NA,7.8,4.9,4.8,10,49.5,31,18.5
MOA,5/11/2015,wrsh,271152260,gyos,f,103,25.3,84,NA,10.9,5.6,5,13.4,52,24,28
MOA,5/11/2015,rble,271152261,ysdy,u,55,24.9,67,NA,7.2,5.4,5.1,9.7,45.5,24,21.5
PAH,5/12/2015,rwbu,265144513,dsgw,u,76,21.7,82,NA,8.1,5.7,5.2,10.4,52,26.5,25.5
PAH,5/12/2015,jawe,275036542,rsyg,m,42,17.7,59,NA,7.4,4.7,4,6.3,37,26,11
PAH,5/12/2015,jawe,275036543,rsyr,u,41,17.6,60,NA,7.7,4.1,3.4,7,36,26.5,9.5
PAH,5/12/2015,jawe,275036544,rsyo,m,42,17.1,60,NA,7.8,4.2,3.9,6.8,35.5,25,10.5
EKA,5/13/2015,jawe,275036545,dsgg,m,42,17.6,61,NA,8,4.5,3.8,7.4,35,25,10
EKA,5/13/2015,jawe,275036547,dsgo,u,42,16.4,57,NA,7.8,4.6,3.9,8.1,38,25,13
WAI,5/14/2015,wrsh,265144514,gsrg,m,138,25.9,94,NA,11.1,6.5,5.6,12.2,60.5,26,34.5
WAI,5/14/2015,rble,271152356,wsgg,u,55,23.9,67,NA,7.9,4.9,5.2,9.7,47,25,22
WAI,5/14/2015,jawe,275036548,rsgg,u,41.5,17.8,60,NA,8.4,4.4,3.6,7.4,37,26,11
WAI,5/18/2015,wrsh,271152360,gsro,m,143,26.3,93,NA,11.3,5.2,5.1,12.9,58,25,33
WAI,5/18/2015,wrsh,271152361,gsry,f,119,25.9,86,NA,10.7,5.5,5,12.1,54,28,26
WAI,5/18/2015,rble,271152362,wsrd,u,52,25.4,66,NA,NA,5.3,5,10.4,49,27,22
WAI,5/18/2015,jawe,275036556,rsgr,u,39,17.1,57,NA,8,4.4,3.5,8.3,43,32,11
WAI,5/18/2015,jawe,275036557,rsgo,m,40.5,17.7,60,NA,7.8,4.3,3.7,7.8,39,27,12
WAI,5/18/2015,jawe,275036558,rsgy,u,40,17.6,58.5,NA,8.4,4.2,3.8,8.7,37,26,11
WAI,5/18/2015,jawe,275036559,rsgd,u,40,17.4,58,NA,8.2,4.4,3.6,8.3,39,27,12
PAH,5/19/2015,rwbu,271152363,dsrg,u,75,20.6,79,NA,9.6,6.2,5.7,12.3,53,25,28
PAH,5/19/2015,jawe,275036560,gygs,u,41,18.4,58,NA,7.1,3.9,3.4,7.9,37,27,10
PAH,5/19/2015,jawe,275036561,gggs,u,41,17.2,58,NA,7.7,4,3.6,7.9,36,28,8
PAH,5/19/2015,jawe,275036562,rsdd,u,41,18.1,59,NA,8.1,4.6,4.4,8.1,38,28,10
MOA,5/20/2015,jawe,232143126,ysrg,u,44,17.4,61,NA,9,4.5,3.7,6.8,35,24.5,10.5
MOA,5/20/2015,rble,271152266,yswd,u,59,23.6,74,NA,8.8,5.4,5.4,10.1,47,27,20
MOA,5/20/2015,rble,271152267,ysww,u,56,24.1,69,NA,8.1,5.5,5,10.2,47,24.5,22.5
MOA,5/20/2015,rble,271152268,wsgr,u,56.5,24.4,68,NA,7.5,4.7,4.8,9.3,51,31,20
MOA,5/20/2015,wrsh,271152269,dsyd,m,140,27.3,92,NA,12.2,5.4,5,13.6,53,24,29
MOA,5/20/2015,rble,271152270,wsgo,u,54,25.1,69,NA,8.9,5.2,5.6,8.9,45,25,20
MOA,5/20/2015,wrsh,271152271,dsgw,f,91,25,84,NA,10.6,5,4.6,14.1,52,25,27
MOA,5/20/2015,rble,271152272,wsgy,u,51.5,21.1,66,NA,8.2,5.9,5.5,9.9,43,26,17
MOA,5/20/2015,wrsh,271152273,dsor,m,141,27.4,90,NA,12.2,5.5,5.3,12.4,58.5,27,31.5
EKA,5/20/2015,wrsh,271152365,gsrd,m,141,24.6,92,NA,11.1,4.8,5.1,8.7,54,24,30
EKA,5/20/2015,wrsh,271152366,gsrw,m,149,25.9,89,NA,13.5,5.4,5.9,12.3,59,27,32
MOA,5/20/2015,jawe,275036451,ysrw,u,43,17.1,61,NA,7.4,3.5,3.5,7.6,38,29,9
MOA,5/20/2015,jawe,275036492,ysgw,m,41,18.3,57,NA,8.1,4.5,3.8,7.9,37,27,10
MOA,5/21/2015,jawe,232143127,ysog,u,41,16.6,54,NA,7.9,4.3,3.6,7.8,34,24,10
MOA,5/21/2015,jawe,232143128,ysow,u,40,17.6,59,NA,7.7,4.3,3.6,NA,34,25,9
MOA,5/21/2015,jawe,232143131,ysoo,m,40,17.7,56,NA,7.7,4.9,3.7,8.5,36,25,11
MOA,5/21/2015,rble,271152274,wsyg,u,54,23.8,68,NA,8.3,5.1,5.6,8.4,46,25,21
MOA,5/21/2015,rble,271152275,wsrr,u,54,24.2,65,NA,7.9,5.2,5.1,10.1,45,28,17
MOA,5/21/2015,rble,271152276,wswg,u,59,24.3,72,NA,8.1,4.4,5.2,9,45,25,20
MOA,5/21/2015,rble,271152277,wsyr,u,58,22.9,70,NA,7.8,5.5,5.4,10,46,25,21
MOA,5/21/2015,rble,271152278,wsoy,u,53,22.2,70,NA,6.9,4.7,5,10.1,45.5,27,18.5
MOA,5/21/2015,rble,271152279,wsog,u,NA,NA,NA,NA,NA,NA,NA,NA,48,26.5,21.5
MOA,5/21/2015,rble,271152280,wsro,u,55,23.6,68,NA,7.9,4.9,4.8,8.8,44,25,19
MOA,5/21/2015,rble,271152281,wsry,u,60,23.4,63,NA,7.3,5.2,4.9,10.1,46,26,20
MOA,5/21/2015,rble,271152282,wsyy,u,56,24.3,73,NA,8.2,4.7,4.7,9.9,44,25,19
MOA,5/21/2015,rble,271152283,wsrw,u,58,21.8,68,NA,8.3,5.4,5,10,47,25.5,21.5
MOA,5/21/2015,rble,271152284,wswr,u,58,23.9,64,NA,8.1,5.3,5,9.2,43,24.5,18.5
MOA,5/21/2015,rble,271152285,wsoo,m,66,24.2,59,NA,8.3,5.3,5.5,8.7,50,31.5,18.5
MOA,5/21/2015,rble,271152286,wsod,u,55,23.8,69,NA,7.6,4.5,4.8,10,46,26,20
MOA,5/21/2015,rble,271152287,wsow,u,58,20.5,73,NA,7.9,4.8,4.7,9.7,49,31,18
MOA,5/21/2015,rble,271152288,wsyd,u,57,22.5,62,NA,NA,NA,NA,NA,44,24.5,19.5
MOA,5/21/2015,rble,271152289,wsdy,m,58,24.7,69,NA,NA,NA,NA,NA,44.5,24,20.5
MOA,5/21/2015,rble,271152290,wsdd,u,55,22.1,66,NA,NA,NA,NA,NA,45,28,17
MOA,5/21/2015,jawe,275036452,ysdg,m,41,16.4,59,NA,7.1,3.7,3.3,7,34,25,9
MOA,5/21/2015,jawe,275036454,ysdr,u,42,16.5,57,NA,7.7,3.8,3.2,7.1,35,25,10
MOA,5/22/2015,rwbu,265144518,dsro,u,NA,20.1,NA,NA,9.5,5.9,5.9,11,52,24,28
MOA,5/22/2015,rble,271152367,wswo,u,NA,23.8,NA,NA,9.1,5.1,5.6,8.3,47,27,20
MOA,5/22/2015,rble,271152368,wswd,u,NA,23.6,NA,NA,8.2,4.7,4.9,8.4,45,29,16
MOA,5/22/2015,rble,271152369,wsww,u,NA,NA,NA,NA,NA,NA,NA,NA,46.5,25.5,21
WAI,5/25/2015,wrsh,235109421,gsog,m,144,24.6,93,NA,9.8,5.5,5.3,12,48,17,31
WAI,5/25/2015,rble,271152370,wsrg,u,53,24.1,65,NA,8,5,5.1,10.4,48,25,23
WAI,5/25/2015,rwbu,271152371,dsry,f,74,20.1,79,NA,NA,NA,NA,NA,55,30,25
WAI,5/25/2015,jawe,275036566,rsgw,m,42,17.6,59,NA,8.6,4.3,4,7.8,36,25,11
PAH,5/26/2015,rble,271152372,wsry,u,52,23.6,69,NA,8.2,5,4.6,10.4,43.5,25,18.5
PAH,5/26/2015,rble,271152373,wsrd,u,55,23.9,68,NA,8.3,4.9,5.2,10.4,48,29.5,18.5
PAH,5/26/2015,jawe,275036567,rswo,u,41,18.4,60,NA,7.8,4.2,3.8,7.7,37.5,26,11.5
PAH,5/26/2015,jawe,275036571,rsww,u,42,18.1,51,NA,8.2,4,4,7.9,37,25,12
EKA,5/27/2015,jawe,232143134,dsrg,u,43,16.8,50.5,NA,6.9,4.4,3.1,8.9,34,23,11
EKA,5/27/2015,wrsh,265144402,dsdy,m,142,26.5,93,NA,12.1,4.8,5,13.9,62.5,29.5,33
EKA,5/27/2015,rwbu,265144403,rsrr,m,81,21.3,81,NA,9.6,5.6,5,13.1,50.5,24,26.5
EKA,5/27/2015,rble,271152291,osgg,u,52,24,66,NA,8.3,4.8,5,10,42,24,18
EKA,5/27/2015,rble,271152292,osgr,u,53,23.5,66.5,NA,7.6,5.4,5.2,9.8,46,24.5,21.5
EKA,5/27/2015,rble,271152293,osgo,u,49,23.4,64,NA,7.3,5.3,5.1,8.9,45,25,20
EKA,5/27/2015,rble,271152294,osgy,u,61,24.1,67,NA,7.9,4.7,5.4,10.2,46,25,21
EKA,5/27/2015,wrsh,271152295,osor,u,110,23.7,83,NA,NA,NA,NA,NA,50,24,26
EKA,5/27/2015,rble,271152296,osgw,u,51,23.9,60,NA,7,5.2,5.2,9.6,44,24,20
EKA,5/27/2015,wrsh,271152297,ddds,f,109,25.2,84,NA,10.7,5.5,5.2,11.6,58,25.5,32.5
EKA,5/27/2015,rble,271152298,osrg,u,54,24.2,65,NA,7.6,5.1,4.7,8.3,43,24,19
EKA,5/27/2015,rble,271152299,osrr,u,62,23.1,69,NA,7.9,5,5.3,9.4,43,24,19
EKA,5/27/2015,jawe,275036456,osgd,u,41,18,49,NA,7.2,4.2,3.6,6.7,36,24,12
EKA,5/27/2015,jawe,275036457,dsrd,u,41,17.9,59,NA,7.4,4.1,3.6,7,37,25,12
EKA,5/28/2015,rvbu,265144404,rsgo,u,94,23.6,101,NA,11.5,6.4,6.1,13.4,68,29,39
EKA,5/28/2015,rble,271152300,osgd,m,58,25.2,70,NA,8.4,5,5.5,9.7,47,26,21
EKA,5/28/2015,rble,271152401,osrd,u,54,23.2,67,NA,8.1,5,5.2,9,44.5,24,20.5
EKA,5/28/2015,rble,271152402,osrw,m,55,23.4,68,NA,8.2,5,5.1,10.3,45,23,22
EKA,5/28/2015,rwbu,271152403,rsro,u,78,21,79,NA,9.9,6,5.1,10.1,49.5,24,25.5
EKA,5/28/2015,rble,271152404,osog,u,52,24.2,65,NA,8.1,5.5,5.2,10.5,45,24.5,20.5
EKA,5/28/2015,jawe,275036458,dsrw,u,41,17.9,59,NA,8.3,4.5,3.5,8.2,36,27.5,8.5
WAI,6/1/2015,jawe,235109422,rsrg,m,40,16.7,59,NA,7.9,4.1,3.5,7.8,37,26,11
WAI,6/1/2015,rwbu,265144520,rwds,f,NA,NA,NA,NA,NA,NA,NA,NA,58.5,24.5,34
WAI,6/1/2015,rble,271152374,wsrw,u,56,24.3,66,NA,7.9,5.4,5.2,9.4,48.5,28,20.5
WAI,6/1/2015,wrsh,271152375,gsor,f,101,25,85,NA,10.1,4.6,4.5,11.5,52,26,26
WAI,6/1/2015,rble,271152376,wsog,m,55,23.1,70,NA,8.5,5.1,4.8,10.2,46.5,24.5,22
WAI,6/1/2015,rble,271152377,wsor,m,56,23.5,69,NA,8.5,5.2,5.3,9.3,45,25,20
WAI,6/1/2015,rble,271152378,wsoo,u,55,23.2,64,NA,6.9,4.9,4.9,9.7,46,25,21
WAI,6/1/2015,jawe,275036575,rsrr,m,43,16.5,61,NA,7.9,4.6,3.9,7.7,36,24,12
PAH,6/3/2015,wrsh,271152405,gdds,f,119,24.2,85,NA,10.7,5.1,5.1,11.6,54,25,29
PAH,6/3/2015,rwbu,271152406,rsry,u,72,18,72,NA,8.9,5.4,5,11.6,47,25,22
PAH,6/3/2015,rble,271152407,wsrw,u,55,24.1,69,NA,6.5,4.8,4.8,8,47,24.5,22.5
PAH,6/3/2015,rble,271152408,wsog,m,49,25.2,67,NA,8.1,4.8,5.1,8.2,44,24.5,19.5
PAH,6/3/2015,rble,271152409,wsoy,u,54,23.8,67,NA,8.9,5.2,5,8.8,44,24,20
PAH,6/3/2015,rble,271152410,wsod,f,55.5,22.6,67,NA,7.5,5.1,4.8,10,54,31,23
PAH,6/3/2015,jawe,275036459,dsro,u,38,17.2,57,NA,7.5,3.7,3.7,7.8,35,24,11
PAH,6/3/2015,jawe,275036460,dsry,m,40,17.6,59,NA,7.4,4.1,3.4,7.4,36,26,10
PAH,6/3/2015,jawe,275036461,dsrd,u,41,17,57,NA,7.7,4.7,3.5,7,37,24.5,12.5
PAH,6/4/2015,jawe,232143145,dsrw,u,43,16.9,57,NA,7.4,4.2,3.7,7.2,34,24,10
PAH,6/4/2015,rble,271152411,wsow,u,53,24.7,65,NA,7.5,5.1,5,10.3,47,26,21
PAH,6/4/2015,rble,271152412,wsyg,u,54,24.5,68,NA,8.3,4.9,5.4,8.8,51,29,22
PAH,6/4/2015,jawe,275036462,dsog,u,42,15.9,57,NA,7.5,4,3.5,6.5,45,32,13
PAH,6/4/2015,jawe,275036463,dsor,m,43,17.5,68,NA,7.7,3.9,3.5,8.5,42,32,10
PAH,6/4/2015,jawe,275036464,dsoo,m,41,17,57,NA,7.8,4.2,3.7,6.9,34,25,9
PAH,6/4/2015,jawe,275036465,dsoy,u,44,18.1,61,NA,7.9,4.4,3.8,7.2,39,28,11
PAH,6/5/2015,rwbu,265144521,dsrw,u,77,21.2,76,NA,9.1,5.8,5.2,10.1,50.5,25,25.5
PAH,6/5/2015,rwbu,265144523,dsoo,u,NA,20.3,80,NA,9.5,5.2,5.2,9.7,50,25,25
PAH,6/5/2015,rble,271152379,wsyr,u,50,22.9,65,NA,7.7,5,5.3,8.9,43.5,24.5,19
PAH,6/5/2015,rble,271152381,wsyw,u,NA,24.5,65,NA,8,5.3,5.3,8.9,46,24,22
PAH,6/5/2015,rble,271152382,wsdg,u,55,24.4,65,NA,7.8,4.8,4.7,9,47,25,22
PAH,6/5/2015,rble,271152383,wsdr,m,54,NA,63,NA,NA,NA,NA,NA,42.5,24,18.5
PAH,6/5/2015,rble,271152384,wsdo,u,51,NA,64,NA,NA,NA,NA,NA,47,26,21
PAH,6/5/2015,rble,271152385,wsdy,u,56,NA,75,NA,NA,NA,NA,NA,56,35,21
PAH,6/5/2015,jawe,275036576,dsod,u,40,17.8,56,NA,7.2,4.6,3.7,7,35,27,8
PAH,6/5/2015,jawe,275036577,dsow,u,38,17.3,52,NA,7.5,4.3,3.6,6.6,34,24,10
PAH,6/5/2015,jawe,275036578,dsyg,u,38,17.8,54,NA,7,4.1,3.7,7,36,26,10
PAH,6/5/2015,jawe,275036579,dsyo,u,37,18,54,NA,7.4,4.4,3.5,6.9,44.5,34,10.5
PAH,6/5/2015,jawe,275036580,dsyy,u,37,17,54,NA,7.3,4.5,3.4,6.8,35,24,11
PAH,6/5/2015,jawe,275036581,dsyd,u,39,NA,57,NA,NA,NA,NA,NA,28,16,12
PAH,6/5/2015,jawe,275036582,dsyw,u,36,NA,54,NA,NA,NA,NA,NA,29.5,19,10.5
EKA,6/6/2015,rble,271152386,osoy,u,59,23.8,70,NA,8.1,5.4,5,8.5,44,25,19
EKA,6/6/2015,rble,271152387,osod,u,55,23.7,69,NA,9.4,5,5.4,8.1,46,25,21
PAH,6/9/2015,rble,271152391,wsdw,m,58,23.6,69,NA,7.9,5,5,9.8,48,26,22
PAH,6/9/2015,rble,271152392,wswg,u,56,23.9,70.5,NA,8.5,5.1,5,10.1,54,32.5,21.5
PAH,6/9/2015,rble,271152393,wswr,u,51,24.1,65,NA,8.4,5.6,5,10.6,46.5,26,20.5
EKA,6/13/2015,jawe,235109426,xxxq,u,NA,NA,NA,NA,NA,NA,NA,NA,44,34,10
EKA,6/13/2015,wrsh,271152394,oygs,f,109,24.9,89,NA,10.3,6.2,5.5,12.1,55,24,31
EKA,6/13/2015,jawe,275036586,dsor,u,39,17.2,56,NA,8.2,4.2,3.7,8.2,35,25,10
PAH,6/16/2015,jawe,235109429,wsgo,u,NA,NA,NA,NA,NA,NA,NA,NA,36,25,11
PAH,6/16/2015,jawe,235109430,wsoo,u,NA,16.5,59,NA,NA,NA,NA,NA,36,26,10
PAH,6/16/2015,jawe,235109431,wsod,m,43,16.8,59,NA,NA,NA,NA,NA,35,24,11
PAH,6/16/2015,rble,271152398,wswd,f,51,23.7,66,NA,7.4,5.2,4.9,10,52,36,16
PAH,6/16/2015,rble,271152503,dsgy,u,58,24.3,71,NA,8.5,5.8,5.6,10.5,49,26,23
PAH,6/16/2015,rble,271152504,dsgd,u,51.5,24,62.5,NA,7.4,4.6,4.5,9.3,51,32,19
PAH,6/16/2015,jawe,275036589,dswy,m,42,18.8,61,NA,7.7,4.8,3.8,NA,44,33,11
PAH,6/16/2015,jawe,275036590,dswd,m,40,17.3,57,NA,8.1,4.4,3.5,NA,33,24,9
PAH,6/16/2015,jawe,275036595,wsow,u,40,17.6,56,NA,NA,NA,NA,NA,28,18,10
PAH,6/16/2015,jawe,275036597,wsyd,u,40,19.2,58,NA,NA,NA,NA,NA,48,37,11
EKA,6/17/2015,wrsh,235109433,odgs,f,97.5,24.1,NA,NA,9.8,5.6,5.2,13.4,49,26,23
EKA,6/17/2015,rwbu,271152505,dsow,u,70,19.3,NA,NA,8.7,5.2,4.7,11.3,49,25,24
EKA,6/17/2015,rble,271152507,osow,u,52.5,24,NA,NA,7.9,5.3,5.1,10.2,47,25,22
EKA,6/17/2015,jawe,275036598,osor,u,35,17.2,NA,NA,7.9,4.6,3.5,8.8,36,25.5,10.5
MOA,6/22/2015,rwbu,265144524,dsyg,u,86,19.1,84,NA,9.3,5.6,5.1,12.3,54.5,29,25.5
WAI,6/22/2015,wrsh,271152456,dswy,m,106,25.8,81,NA,10.4,6.2,5.3,12.2,54,24,30
WAI,6/22/2015,rble,271152457,rsrr,u,56,23.4,63,NA,8.5,4.8,5.3,10.5,45,25,20
MOA,6/22/2015,wrsh,271152515,gsod,m,140,26.8,95.5,NA,11,5.7,5.5,12.6,59,26,33
PAH,6/23/2015,jawe,235109435,wsoy,m,NA,NA,NA,NA,NA,NA,NA,NA,27,17,10
PAH,6/23/2015,rble,271152516,osrg,f,56,22.9,64,NA,6.7,5.3,4.4,11.6,47,26,21
PAH,6/23/2015,rble,271152519,osry,u,54,22.6,60,NA,8.5,5.3,5.2,9.9,46,25,21
WAI,6/24/2015,jawe,232143148,rsry,m,43,17.2,58,NA,7.3,4.2,3.3,8.3,36,24,12
WAI,6/24/2015,rwbu,265144602,rsoo,u,84.5,18.5,84,NA,9.1,4.9,4.9,12.8,48,25,23
WAI,6/24/2015,rble,271152458,wsoy,u,53,22.5,66,NA,8.1,6,5.5,9.7,46,25,21
WAI,6/24/2015,rble,271152459,wsod,u,54,23.3,65,NA,7.3,5.3,4.9,8.7,36,16,20
WAI,6/24/2015,rble,271152460,wsow,u,57,24.4,67.5,NA,8.5,5.1,5,11.1,50,29,21
WAI,6/24/2015,rble,271152461,wsgr,u,56,23.3,65,NA,8.7,5,4.9,8.4,45,26,19
WAI,6/24/2015,rwbu,271152463,rsoy,u,80,20.7,79,NA,9.1,5.2,5,11,53,27,26
WAI,6/24/2015,jawe,275036479,rsro,u,39,18.1,68,NA,7.1,4,3.5,7.5,36,25,11
WAI,6/24/2015,jawe,275036480,rsrw,m,41,18,57,NA,7.7,4.5,3.7,7.7,43,32,11
WAI,6/24/2015,jawe,275036481,rsog,u,43,17.8,58,NA,8.3,4.3,3.6,7.4,36,25,11
WAI,6/24/2015,jawe,275036491,rsrd,u,43,17.9,61.5,NA,7.1,3.8,3.2,7.6,34,23,11
WAI,6/25/2015,rwbu,265144603,rsow,u,79,20.4,82,NA,8.7,5.9,5.3,12.1,54,24,30
WAI,6/25/2015,rwbu,271152464,rsod,u,76,20.3,78,NA,8.3,5.4,5.2,11,53,27.5,25.5
WAI,6/25/2015,jawe,275036482,rsoo,m,43,18.4,60,NA,7.6,4.5,3.6,7.3,39,28,11
PAH,6/30/2015,rble,271152523,rsgg,u,53,24.6,63,NA,7.8,5,4.8,8.9,47,26,21
MOA,7/3/2015,wrsh,265144525,gsyg,m,139,25.8,91,16.8,11.7,5.3,5.4,12.5,55,25,30
MOA,7/3/2015,jawe,277019805,ysdd,m,42,17.2,58,12.5,7.6,4.5,4.1,8.7,36,21,15
WAI,7/6/2015,wrsh,271152474,gsow,m,157,26.1,95,19.2,11,5.1,5,12.6,56,24,32
MOA,7/8/2015,rwbu,265144408,rsyg,f,73,19.8,78,19.3,9.1,5.6,5.2,7.9,57,32,25
MOA,7/8/2015,rwbu,265144410,rsyy,f,71,20.5,75,15.2,9.1,5.5,4.7,10.2,57,31,26
MOA,7/8/2015,rwbu,265144411,rsyo,u,84,19.2,83,13.7,8.1,5.3,5.2,10.7,50.5,25.5,25
MOA,7/8/2015,rble,271152475,dsry,u,58,23.8,71,15.3,8.5,5.5,5.8,9.9,47,25,22
MOA,7/8/2015,rble,271152476,dsrd,u,56,24,69,13.3,7.9,5.2,4.9,7.8,50,21,29
MOA,7/8/2015,rble,271152477,dsrw,u,57,22.8,69,13.4,7.8,5,5.2,8.1,45,26,19
MOA,7/8/2015,rble,271152478,dsgg,u,NA,22.8,70,14.1,7.6,5.3,5,8.6,45,26,19
MOA,7/8/2015,rble,271152479,osro,u,56,23.8,66,NA,NA,NA,NA,NA,47,26,21
MOA,7/8/2015,rwbu,271152480,rsyr,u,75,20.1,77,15.7,9.4,5.2,5.6,10,51,29,22
MOA,7/8/2015,rble,271152481,rsyy,f,52,NA,67,NA,NA,NA,NA,NA,48,26,22
MOA,7/8/2015,rble,271152482,oswy,m,60,23.1,70,14.5,NA,NA,NA,NA,46,25,21
MOA,7/8/2015,rble,271152483,osdy,u,57,23.2,66,NA,NA,NA,NA,NA,44,25,19
MOA,7/8/2015,rble,271152484,osyo,u,57,22.9,68,NA,NA,NA,NA,NA,47,26,21
MOA,7/8/2015,rble,271152485,osor,u,56,23.1,69,NA,NA,NA,NA,NA,48,24.5,23.5
MOA,7/8/2015,jawe,275036677,ysyd,m,39,15.9,55.5,12.9,7.1,4.2,3.4,7.4,37,28,9
MOA,7/8/2015,jawe,275036678,ysyw,u,40,17.7,58,15.2,7.5,4.4,3.3,7.4,35,25,10
MOA,7/8/2015,jawe,275036679,yswg,u,41,17.5,57,15.6,8.5,4.5,3.8,8,38,28,10
MOA,7/8/2015,jawe,275036680,yswo,u,41,17.2,56,14.5,7.5,4.5,3.6,7.7,34,24,10
MOA,7/8/2015,jawe,275036681,yswy,u,39,NA,57,NA,NA,NA,NA,NA,35,25,10
MOA,7/8/2015,rble,NA,xxxx,u,NA,NA,NA,NA,NA,NA,NA,NA,45,26,19
MOA,7/9/2015,rwbu,265144412,rsyd,m,81,23.1,83,16.6,8.9,5.5,5.2,12.4,53,24,29
MOA,7/9/2015,rwbu,265144413,rsdg,m,79,20.1,83,13.8,8.2,5.4,5.4,10.8,53.5,25.5,28
MOA,7/9/2015,rwbu,265144414,rsyw,u,81,20.5,80,16.5,9,5.6,4.9,11.1,49,26,23
MOA,7/9/2015,rble,271152486,osoo,u,58,24,68,12.1,8,5.2,5,8.9,46,24,22
MOA,7/9/2015,rble,271152487,osoy,m,57,24.2,67,13.7,7.8,5,5,9.1,53,31,22
MOA,7/9/2015,rble,271152488,osyy,u,55,23.9,68,11.5,7.1,5.1,NA,8.4,54,34,20
MOA,7/9/2015,rble,271152489,osyd,m,57,25.2,70,12.3,8.3,4.9,4.7,9.8,54,32,22
MOA,7/9/2015,rble,271152490,osyw,u,59,NA,68,NA,NA,NA,NA,NA,55.5,44,11.5
MOA,7/9/2015,rble,271152491,dsog,u,55,23.4,65,NA,NA,NA,NA,NA,44,25,19
MOA,7/9/2015,rble,271152492,dsor,u,54,22.9,67.5,NA,NA,NA,NA,NA,54,32,22
MOA,7/9/2015,rwbu,271152493,rsdr,u,73,19.5,80,18.2,8.4,5.8,4.7,9.4,52,24,28
MOA,7/9/2015,rwbu,271152494,rsdo,u,75,20.2,78,13.2,8.7,5.8,5,10.5,51,25,26
MOA,7/9/2015,jawe,275036682,ysdr,u,42,17.5,59,15,7.7,4,3.6,7.8,33,24,9
MOA,7/9/2015,jawe,275036683,ysdy,u,42,17.9,57,14.5,7.6,4.1,3.5,7.6,36,25,11
MOA,7/9/2015,jawe,275036684,ysdw,u,42,16.2,59,12.2,7.3,4.1,3.7,5.2,36,26,10
MOA,7/9/2015,jawe,275036685,xsxx,u,39,16.9,57,14,7.7,4.1,3.7,7.1,35,24,11
MOA,7/9/2015,jawe,275036686,osog,u,41,18.2,59,NA,NA,NA,NA,NA,34,24,10
MOA,7/9/2015,jawe,277019620,osoo,u,40,17.2,56,13.7,7.2,4.2,3.5,7.5,37,26,11
MOA,7/9/2015,rble,NA,xxxx,u,NA,NA,NA,NA,NA,NA,NA,NA,44,34.5,9.5
PAH,7/10/2015,jawe,275036814,ysyy,u,40,17.2,58,13,7.1,4.5,3.5,6.9,37.5,27.5,10
PAH,7/10/2015,jawe,275036815,ysyd,u,41,17.3,57,14.5,7.2,4.3,3.4,6.4,35,24,11
EKA,7/18/2015,jawe,232143165,rsyd,u,40,18.1,59,13,7.8,4.3,3.7,6.6,36,25,11
EKA,7/18/2015,rble,232152495,osyg,u,NA,NA,NA,NA,NA,NA,NA,NA,45,25.5,19.5
EKA,7/18/2015,rble,271152496,osyr,u,53.5,22.1,66,14.5,8,4.8,5,9.7,45,34.5,10.5
EKA,7/18/2015,rble,NA,xxxx,u,NA,NA,NA,NA,NA,NA,NA,NA,51,30,21
EKA,7/19/2015,wrsh,271152499,dswd,f,118,25.3,86,19.1,11.6,5.7,5,13,49,26,23
EKA,7/19/2015,rble,271152601,osdg,u,58,24.2,69,13,8,4.6,5.1,9,47,26,21
MOA,7/20/2015,rble,271152604,dsoo,f,55,22,69,NA,NA,NA,NA,NA,47,26,21
MOA,7/20/2015,rble,271152605,dsoy,u,57,24.5,67,14.6,NA,NA,NA,NA,47,26,21
MOA,7/20/2015,rwbu,271152606,dsyo,u,79,18.7,81,NA,NA,NA,NA,NA,50,38,NA
MOA,7/20/2015,rble,271152607,dsgr,u,56,22.1,68,NA,NA,NA,NA,NA,57,36,21
MOA,7/20/2015,rwbu,271152608,dsyy,u,76,21.8,77,18,NA,NA,NA,NA,46,24,22
MOA,7/20/2015,rble,271152609,dsgy,m,55,22,67,14.4,NA,NA,NA,NA,48,25,23
MOA,7/20/2015,rble,271152610,dsgd,m,56,23.1,66,14.1,NA,NA,NA,NA,47,26,21
MOA,7/20/2015,rble,271152611,dsgw,m,57,23.9,69,14,NA,NA,NA,NA,46,25,21
MOA,7/20/2015,jawe,275036689,yswd,f,41,17.7,56,14.5,NA,NA,NA,NA,38,28,10
MOA,7/20/2015,jawe,275036699,osgr,u,43,17.8,59,15,NA,NA,NA,NA,36,24,12
PAH,7/23/2015,rvbu,265144606,rsgw,u,101,22.5,102,20.6,10.5,6.4,6.8,13.4,69,26,43
WAI,7/23/2015,rble,271152534,wsdr,u,55,23.5,64,12.9,NA,NA,NA,NA,56,33,23
WAI,7/23/2015,rble,271152535,wsyr,f,56,22.6,69,13.9,NA,NA,NA,NA,48,27,21
PAH,7/23/2015,rble,271152612,osdd,u,52,23.7,67,13.8,7.7,5.2,4.8,8.4,48,25,23
PAH,7/23/2015,rble,271152613,oswg,u,54,23.7,67,NA,8.7,5.4,5.4,9,55,34,21
PAH,7/23/2015,rble,271152614,osyd,u,54,23.6,62,NA,NA,NA,NA,NA,53,32,21
PAH,7/23/2015,rble,271152615,osdw,u,55,22.9,67,15.5,8.4,4.7,5,9.1,43,23.5,19.5
WAI,7/24/2015,rble,271152536,wsyo,u,54,23.1,70,14,NA,NA,NA,NA,49,28,21
PAH,7/24/2015,rble,271152618,oswy,u,47,21.8,61,NA,NA,NA,NA,NA,41,24,17
PAH,7/24/2015,rble,271152622,rsrg,u,NA,NA,NA,NA,NA,NA,NA,NA,48,26,22
PAH,7/24/2015,rble,271152623,rsgw,u,55,22.8,67,NA,NA,NA,NA,NA,46,24,22
PAH,7/24/2015,jawe,275036690,wsdy,u,42,18,56,14.1,7.5,4.1,3.3,8.1,34,23,11
WAI,7/25/2015,wrsh,271152538,gsyr,m,142,25,92,19.2,NA,NA,NA,NA,59,25,34
WAI,7/25/2015,rwbu,271152539,dsyd,u,78,18.1,78,15.3,8.8,5,4.4,11.5,48,26,22
WAI,7/25/2015,rble,271152540,wsyd,m,56,23.8,70,14.4,NA,NA,NA,NA,54,33,21
WAI,7/27/2015,jawe,275036824,osgy,u,42,16.9,56,13.4,NA,NA,NA,NA,37.5,26.5,11
WAI,7/30/2015,rble,271152541,wsdg,u,NA,NA,NA,NA,NA,NA,NA,NA,45,26,19
WAI,7/30/2015,rble,271152542,wsgo,u,57,23.2,69,14.9,8.1,5.4,5.4,9.5,48,27,21
WAI,7/30/2015,jawe,275036825,rsow,u,40,NA,60,14.4,7.3,4.3,3.6,8.2,34,27,7
WAI,8/3/2015,rble,271152544,wsww,u,54,23.4,66,15.1,7.4,5.2,4.9,10.6,50,29,21
WAI,8/3/2015,rble,271152545,wsyw,u,54,24.5,66,15.1,7.4,5,5,10,45,22,23
PAH,8/4/2015,rble,271152550,rsrw,u,54,23.5,67,14,8.3,4.9,5.1,9,29.5,7,22.5
PAH,8/4/2015,rwbu,271152553,dgdr,u,78,19.3,78,15.1,8.5,5.2,5.3,11.2,54,25,29
WAI,8/6/2015,jawe,275036828,rsyr,u,NA,17.4,57,10.75,7.05,4.1,3.3,7,39.5,28,11.5
PAH,8/7/2015,jawe,235109436,wswo,u,41,16.6,58,13.1,7.6,4.3,3.4,7.9,34,23.5,10.5
PAH,8/7/2015,rwbu,271152558,dsdw,u,NA,20.2,77,16.7,9.2,5.2,4.6,12.1,50,27,23
PAH,8/18/2015,rble,271152562,rsyo,u,54,23.5,68,14.2,7.9,5.7,5.1,NA,49,29,20
PAH,8/18/2015,rble,271152563,rsyy,u,53,24.7,65,13.9,8.6,5.2,5.2,8.7,49,25,24
PAH,8/18/2015,rble,NA,xxxx,u,NA,NA,NA,NA,NA,NA,NA,NA,46.5,26,20.5
WAI,8/27/2015,rble,271152568,gsdd,u,57,24.3,70,14.2,7.1,5.7,5.1,10.3,56,32,24
PAH,9/1/2015,rble,271152576,drds,u,54,23,62,NA,NA,NA,NA,NA,51,30,21
PAH,9/1/2015,rble,271152577,dwds,u,55,23.2,68,NA,NA,NA,NA,NA,30,NA,NA
WAI,9/7/2015,jawe,275036842,dygs,u,46,17.9,60,14.5,7.4,4.5,3.7,7.5,37,25,12
WAI,9/7/2015,jawe,275036843,gggs,u,39.5,17.7,55,NA,NA,NA,NA,NA,40,30,10
WAI,9/7/2015,jawe,275036844,gdgs,u,41,18.3,57,NA,NA,NA,NA,NA,36,26,10
PAH,9/10/2015,rble,271152675,ggds,u,56,23.5,69,14,7.9,4.6,4.8,8.9,45,25,20
PAH,9/10/2015,rble,271152676,gods,u,52,23.7,65,14.5,8.4,5.8,5.5,9.1,49,26,23
PAH,9/18/2015,rble,271152582,grds,u,55,NA,67,NA,NA,NA,NA,NA,45,25,20
PAH,9/18/2015,rble,NA,xxxx,u,NA,NA,NA,NA,NA,NA,NA,NA,49.5,26.5,23
PAH,9/25/2015,jawe,275036861,oods,u,43,17.7,59,14.8,8,4.5,3.8,7.6,37,25,12
WAI,10/1/2015,wrsh,265144424,dors,m,NA,27,NA,21.6,11.5,5.8,5.5,13.7,59,25,34
PAH,10/2/2015,jawe,275036864,oyds,u,43,17.4,62,NA,NA,NA,NA,NA,35,26,9
EKA,10/3/2015,wrsh,271152587,ysdd,m,120,25,93,18.9,11.8,5.2,5,11.5,56,23,33
MOA,10/5/2015,wrsh,271152589,ysdg,m,NA,26.9,90,18.2,11.6,5.6,5.6,12.4,56,25,31
WAI,10/6/2015,rwbu,271152591,gsgw,u,79,19.2,76,17.2,9,5,5.1,10.5,52.5,27,25.5
WAI,10/12/2015,rwbu,274128525,gsrd,u,83,21.5,82,15.6,8.2,5.3,5.5,12,51,26,25
MOA,10/14/2015,rble,271152694,ddos,u,NA,24.3,70,13.8,6.9,5,4.8,9.8,53,33,20
MOA,10/14/2015,rble,271152695,dgds,u,NA,23,68.5,13.8,7.2,5.5,4.7,9.7,41,20.5,20.5
MOA,10/14/2015,jawe,275036740,dsdd,u,43,17.1,57,15,6.8,5.1,3.7,6.9,34,23,11
MOA,10/14/2015,rble,NA,xxxx,u,NA,NA,NA,NA,NA,NA,NA,NA,39,18,21
WAI,10/19/2015,rble,271152595,gsgw,u,52,24.1,64,14.2,7.5,5.5,4.8,9.7,46,24,22
WAI,10/19/2015,rwbu,271152596,gsoo,u,76,19.3,77,16.5,9.2,5.4,4.7,10.7,50,NA,NA
WAI,10/19/2015,jawe,275036872,rrgs,u,44,17,58.5,15,7.5,3.8,3.6,8.1,36,24,12
EKA,10/22/2015,wrsh,265144420,dwrs,f,112,24.4,90,15.8,11.3,5.7,5.2,11.7,54,28,26
EKA,10/22/2015,rble,274128309,dsod,u,56,22.3,66.5,14.6,7.6,5,4.9,8.2,46,26,20
EKA,10/22/2015,rble,274128310,dsoo,u,54,23,67,13.9,7.5,4.6,4.8,9.5,44,25,19
PAH,10/26/2015,rble,274128502,yyds,u,54,23.2,67,NA,NA,NA,NA,NA,46.5,24,22.5
PAH,10/26/2015,rble,274128503,wyos,u,54,24.9,64,NA,NA,NA,NA,NA,50,28,22
PAH,10/29/2015,rble,274128313,ywds,u,NA,23.8,NA,13.1,7.2,4.8,4.7,10.2,47,27,20
EKA,11/2/2015,rble,274128507,dsow,u,55,23.3,69,14,7.4,5,5.2,8.9,48,36,12
PAH,11/4/2015,rble,274128510,dygs,u,53,24.5,62.5,NA,NA,NA,NA,NA,47,24,23
PAH,11/6/2015,rble,274128516,gygs,u,55,24.7,67,14,7.5,5.2,4.7,9.1,48,26,22
WAI,11/9/2015,rble,268144529,gsoy,u,NA,19.4,76,NA,9.1,5.4,4.7,10.6,58.5,34,24.5
WAI,11/9/2015,rble,274128517,gsgy,u,53,24.2,66.5,NA,NA,NA,NA,NA,40,19,21
WAI,11/9/2015,rble,274128521,gsoy,u,58.5,23.4,68,NA,NA,NA,NA,NA,47,25,22
WAI,11/9/2015,rble,274128522,gsow,u,NA,20.1,NA,NA,8.6,5.7,5.5,12.4,51,24.5,26.5
WAI,11/9/2015,rble,274128523,gsrd,u,56,22,68,NA,NA,NA,NA,NA,47.5,26,21.5
WAI,11/16/2015,rble,274128528,gsro,u,55,24.1,67,12.4,6.9,4.9,4.7,10,47,26,21
PAH,11/17/2015,rble,274128531,ddos,u,55,24.5,68,NA,NA,NA,NA,NA,50,28,22
PAH,11/17/2015,rble,274128533,doos,u,55,24.5,63,NA,NA,NA,NA,NA,47,25,22
PAH,11/17/2015,rble,274128536,dyos,u,52,23.5,67,NA,NA,NA,NA,NA,55,36,19
WAI,11/18/2015,rvbu,265144431,dgds,u,85,23.3,95,20.6,11.5,6,5.8,10.6,60,24.5,35.5
WAI,11/18/2015,wrsh,274128336,dyrs,m,134,25.6,90,17.8,10.2,5.5,5,13,62,31,31
WAI,11/18/2015,rble,274128337,gsrr,u,54,24.1,65,13.5,7.6,5.2,4.4,10,38,19,19
WAI,11/18/2015,rwbu,274128338,gdos,u,84,21,81,14.9,8.7,5.5,5,11.5,45,10,35
WAI,11/18/2015,rble,274128339,gsry,u,59,22.5,69,NA,NA,NA,NA,NA,53,32,21
WAI,11/18/2015,rble,274128340,gsrw,u,58,23.7,67,NA,NA,NA,NA,NA,45,27,18
WAI,11/18/2015,rble,274128341,gswd,u,55,22.4,68,NA,NA,NA,NA,NA,48,29,19
WAI,11/18/2015,rwbu,274128343,ggos,u,75,19.8,76,16,9,5.6,4.9,11.2,50,24.5,25.5
WAI,11/18/2015,rble,274128345,gswo,u,56,24,67,NA,NA,NA,NA,NA,46,25,21
WAI,11/18/2015,rble,274128346,gsyy,u,55,24.9,67,NA,NA,NA,NA,NA,50,28,22
WAI,11/18/2015,rble,274128349,gsyo,u,57,24,68,NA,NA,NA,NA,NA,46,25,21
WAI,11/18/2015,rble,274128350,dsdd,u,55,24.9,63,NA,NA,NA,NA,NA,46,25.5,20.5
WAI,11/18/2015,jawe,275036751,rygs,u,39,17.1,58,13.1,8.2,4.3,3.7,7.7,39.5,30,9.5
WAI,11/19/2015,rble,274128351,dsdg,u,51,24.9,66,12.2,7.4,5.4,5,11.1,28,7,21
WAI,11/19/2015,rble,274128352,dsdo,u,47,24.2,69,NA,NA,NA,NA,NA,40,18,22
WAI,11/19/2015,rble,274128353,dsdr,u,53,22.2,66,NA,NA,NA,NA,NA,35.5,16,19.5
WAI,11/19/2015,rble,274128354,dsdw,u,57,24.4,67,NA,NA,NA,NA,NA,46,26,20
WAI,11/19/2015,rble,274128355,dsgg,u,54,24,64,NA,NA,NA,NA,NA,44,24,20
WAI,11/19/2015,rble,274128356,osgg,u,54,23,67,13.5,7.7,5.1,4.5,8.4,42,25,17
WAI,11/19/2015,jawe,275036697,rsyy,u,40,18.2,57,NA,NA,NA,NA,NA,42,30,12
WAI,11/19/2015,jawe,275036755,wogs,u,40,18.3,59,12.6,8.4,3.8,3.3,5.9,37,27.5,9.5
WAI,11/19/2015,jawe,275036756,wrgs,u,43,17.9,59,14.2,7.2,3.7,3.6,8.4,38,27,11
WAI,11/19/2015,jawe,275036757,wwgs,u,38,NA,55.5,NA,NA,NA,NA,NA,42,31,11
WAI,11/24/2015,rble,274128542,dsgr,u,67,24.9,67,NA,NA,NA,NA,NA,50,25,25
WAI,11/24/2015,rble,NA,xxxx,u,NA,NA,NA,NA,NA,NA,NA,NA,45,25,20
WAI,11/24/2015,rble,NA,xxxx,u,NA,NA,NA,NA,NA,NA,NA,NA,48,26,22
WAI,12/1/2015,rble,274128553,dsgy,u,53,25.1,64,14.9,7.3,5.2,4.7,9.9,47,24,23
MOA,12/2/2015,wrsh,274128357,rsdo,m,120,26.4,91,14.3,11.3,5.5,5.1,12.4,54,25,29
MOA,12/2/2015,rble,274128358,gods,u,56,24.1,68,NA,NA,NA,NA,NA,30,7,23
MOA,12/2/2015,rble,274128359,grds,u,54,21.9,68,14.8,7.8,5.7,5.1,7.9,29,NA,NA
MOA,12/2/2015,rble,274128360,gyds,u,53,21.5,66,NA,NA,NA,NA,NA,44,NA,NA
MOA,12/2/2015,rble,274128362,ogds,u,56,24.5,69,NA,NA,NA,NA,NA,49,25,24
MOA,12/2/2015,rble,274128363,odds,u,55,23.2,67,NA,NA,NA,NA,NA,50,29,21
MOA,12/2/2015,rble,274128364,oods,u,52,NA,61,NA,NA,NA,NA,NA,54,32,22
MOA,12/2/2015,rble,274128366,rsdr,m,NA,26.2,NA,NA,NA,5.7,5.2,NA,59,30,29
MOA,12/2/2015,rble,274128367,owds,u,56,21.6,68,NA,NA,NA,NA,NA,50,27,23
MOA,12/3/2015,rvbu,250157705,dods,u,86.5,22.5,91,19,9.4,5.3,5,11.8,46,17,29
WAI,12/3/2015,rwbu,265144530,gsro,u,73,20,79,17.1,9.3,5.9,5.1,11.3,54,24,30
MOA,12/3/2015,rble,274128369,oyds,u,50,22.6,63,13.5,7.8,4.8,5,10.2,46,25,21
MOA,12/3/2015,rble,274128370,rdds,u,59,24.4,64,NA,NA,NA,NA,NA,48,NA,NA
MOA,12/3/2015,rble,274128372,ryds,u,52,23.1,65,NA,NA,NA,NA,NA,40,27,13
MOA,12/3/2015,rble,274128374,wods,u,55,23.4,64.5,NA,NA,NA,NA,NA,47,26,21
MOA,12/3/2015,rble,274128385,dwgs,u,56,22.2,70,NA,NA,NA,NA,NA,49,28,21
MOA,12/3/2015,rble,274128386,dygs,u,54,22.2,65.5,NA,NA,NA,NA,NA,46,24.5,21.5
MOA,12/3/2015,rwbu,274128388,gros,u,76,21,86,18,8.4,5.5,4.9,10.6,51,26,25
MOA,12/3/2015,rble,274128389,gdgs,u,55,22.5,65,NA,NA,NA,NA,NA,44,24,20
WAI,12/3/2015,rble,274128559,dsor,u,56,24,70,13.5,7.5,5.2,4.8,7.8,56,33,23
MOA,12/3/2015,jawe,275036760,dsod,u,41,17.4,58.5,11.8,8.1,4,3.2,6.5,37,26,11
MOA,12/3/2015,jawe,275036761,dsog,u,NA,17.4,57,12.3,7.8,3.9,3.3,6.6,35,25,10
MOA,12/3/2015,jawe,275036764,dsow,u,40,17.9,57.5,NA,NA,NA,NA,NA,36,25,11
WAI,12/3/2015,jawe,275036894,yogs,u,41,18,59,14.1,7,3.9,3.5,8.3,37.5,25,12.5
EKA,12/9/2015,rble,274128390,dsry,u,58,21.4,70,14.5,7.8,4.4,5.1,9.5,48,24.5,23.5
EKA,12/9/2015,rble,274128393,dsyy,u,NA,24.9,67,NA,NA,NA,NA,NA,48,24,24
EKA,12/9/2015,rble,274128394,ddds,u,59,24.3,68,NA,NA,NA,NA,NA,45.5,24,21.5
EKA,12/9/2015,jawe,275036771,ysog,u,42,17.3,59,NA,NA,NA,NA,NA,34,23,11
PAH,12/15/2015,rble,274128396,ggrs,u,NA,22.7,68,15.1,7.1,4.9,4.6,9.1,51,26,25
MOA,12/15/2015,rble,274128566,gwgs,u,59,23.8,71,NA,NA,NA,NA,NA,50,27,23
PAH,12/16/2015,rble,274128397,rgos,u,49,22.7,65,13.2,7.2,4.7,4.6,8.4,46,25,21
PAH,12/17/2015,rble,274128398,roos,u,51,23.6,65,14.3,7.3,5.1,4.9,8.3,49,26,23
PAH,12/17/2015,rble,274128400,rros,u,57,23.8,70,14.4,7.9,5.1,5.3,9.6,52.5,29.5,23
PAH,12/17/2015,rble,NA,xxxx,u,NA,NA,NA,NA,NA,NA,NA,NA,49,25,24
WAI,1/13/2016,rble,274128415,dsrg,u,69,23.6,56,NA,NA,NA,NA,NA,50,26,24
WAI,1/13/2016,rwbu,274128416,gwos,u,75,19.2,79,16.1,9.2,5.2,4.8,9.1,43,19,24
WAI,1/13/2016,rble,274128417,dsro,u,50,25.1,66,11.9,7.6,4.9,5.5,9.2,51,26,25
WAI,1/13/2016,rble,274128418,dsrr,u,55,23,65,NA,NA,NA,NA,NA,40,19,21
WAI,1/13/2016,jawe,275036782,yrgs,u,39,16.1,57,NA,NA,NA,NA,NA,34.5,23,11.5
WAI,1/13/2016,jawe,275036786,yygs,u,42,18,58,NA,NA,NA,NA,NA,38,25,13
PAH,1/13/2016,jawe,275036896,yggs,u,40,17.6,57,NA,NA,NA,NA,NA,36.5,25,11.5
WAI,1/14/2016,rble,274128420,dsry,u,55,24.6,65,NA,NA,NA,NA,NA,49,26,23
WAI,1/14/2016,rble,274128421,dswd,u,56,21.1,67,NA,NA,NA,NA,NA,48,26,22
WAI,1/14/2016,rble,274128422,dswg,u,58,23.6,68,NA,NA,NA,NA,NA,50,26,24
WAI,1/14/2016,rble,274128423,dswo,u,56,22.4,66,NA,NA,NA,NA,NA,46,23,23
WAI,1/14/2016,rble,274128424,dswr,u,53,23.4,66,NA,NA,NA,NA,NA,47,25,22
WAI,1/14/2016,rble,274128425,dsww,u,55,23.2,68.5,NA,NA,NA,NA,NA,45,23,22
PAH,1/17/2016,jawe,275036897,yogs,u,44,17.1,60,14.5,8.6,4.6,3.9,8.6,37,25,12
MOA,1/20/2016,rble,274128427,gygs,u,56,23,65,14.3,7.8,5.4,4.9,8.5,46,26,20
MOA,1/20/2016,rble,274128428,odgs,u,55,23,70,NA,NA,NA,NA,NA,46,25,21
MOA,1/20/2016,rble,274128430,oygs,u,50,25,58,NA,NA,NA,NA,NA,45,23,22
MOA,1/20/2016,rble,274128431,rdgs,u,60,24.2,70,NA,NA,NA,NA,NA,50,26.5,23.5
MOA,1/20/2016,rble,274128432,rwgs,u,53,23.5,69,NA,NA,NA,NA,NA,50,27,23
MOA,1/20/2016,rwbu,274128433,gyos,u,81,19.9,81,16.5,9.3,5.1,5.6,11.9,46,18,28
MOA,1/20/2016,rwbu,274128434,odos,u,75,20.1,79,15.9,8.4,5.3,4.8,11.5,53,28,25
MOA,1/20/2016,jawe,277029646,dsrg,u,40,18,56,14,7.8,4,3.7,7.2,35,23,12
MOA,1/21/2016,rble,274128435,rygs,u,53,24.2,67,13.5,7.6,5,5,10.2,50,28,22
MOA,1/21/2016,rble,274128437,NA,NA,NA,NA,NA,NA,NA,NA,NA,NA,NA,NA,NA
MOA,1/21/2016,rble,274128438,NA,NA,NA,NA,NA,NA,NA,NA,NA,NA,NA,NA,NA
MOA,1/21/2016,rble,274128439,NA,NA,NA,NA,NA,NA,NA,NA,NA,NA,NA,NA,NA
MOA,1/21/2016,rble,274128440,NA,NA,NA,NA,NA,NA,NA,NA,NA,NA,NA,NA,NA
MOA,1/21/2016,rble,274128441,NA,NA,NA,NA,NA,NA,NA,NA,NA,NA,NA,NA,NA
MOA,1/21/2016,rble,274128442,wogs,NA,NA,NA,NA,NA,NA,NA,NA,NA,45,23,22
MOA,1/21/2016,jawe,275036789,NA,NA,NA,NA,NA,NA,NA,NA,NA,NA,NA,NA,NA
MOA,1/21/2016,jawe,275036790,NA,NA,NA,NA,NA,NA,NA,NA,NA,NA,NA,NA,NA
MOA,1/31/2016,rble,274128567,wwgs,u,55,23.6,65,NA,NA,NA,NA,NA,39,18,21
WAI,2/1/2016,rwbu,274128568,gsrr,u,78,18.1,78,NA,9,5.5,5.2,11.4,48,25,23
EKA,2/3/2016,wrsh,274128446,ggrs,f,105,24.1,82,17.8,10.5,4.7,4.8,12,51,26,25
EKA,2/3/2016,jawe,275036794,ysor,u,41,17.7,60,14.5,7.9,3.8,3.7,7.2,36,25,11
PAH,2/4/2016,jawe,278048253,xxxq,u,42,18,58,14.2,7.7,3.7,3.3,9,NA,23,NA
EKA,2/4/2016,rwbu,274128447,ogos,u,82,20.1,84,16.6,9.2,5.5,5.1,11.5,42,17,25
EKA,2/4/2016,rble,274128448,dxds,u,NA,NA,NA,NA,NA,NA,NA,NA,47,26,21
EKA,2/4/2016,rble,274128449,dggs,u,55,25,69,15,7.9,5.5,5.5,10,47,25,22
EKA,2/4/2016,rble,274128450,dods,u,58,24.4,69,13.5,7.8,4.8,4.5,9.5,45,25,20
EKA,2/4/2016,jawe,275036798,drds,u,40,18.6,57,14.4,7.7,4.3,3.8,8.3,36,24,12
PAH,2/11/2016,jawe,275036800,yrgs,u,40,17.8,57,13.5,7.8,4,3.6,9.4,35,24,11
PAH,2/11/2016,rble,NA,NA,u,56,24.3,69,14,7.4,4.9,5.3,9.9,46,24,22
PAH,3/1/2016,jawe,275036900,xxxs,u,43,17.1,59,13.5,7.7,4.5,3.6,6.7,35.5,25,10.5
WAI,3/2/2016,rble,274128461,dsyr,u,57,25,69,14.1,7.9,4.8,4.8,9.3,52,28,24
WAI,3/2/2016,rble,274128462,dsyy,u,55,21.7,61,11.8,7,5.2,5.2,10.1,45,25,20
WAI,3/2/2016,rble,274128463,osdd,u,57,24.6,68,14.3,7.3,5.3,5,10.1,52,29,23
WAI,3/2/2016,jawe,278048217,gsdd,u,44,18.2,57,NA,NA,NA,NA,NA,28,15,13
WAI,3/2/2016,jawe,278048219,gswd,u,42,17.9,58,NA,NA,NA,NA,NA,35,23,12
WAI,3/2/2016,jawe,278048220,dsyw,u,43,16.8,57,14.6,7.2,4.2,3.5,7.5,36,21,15
WAI,3/2/2016,jawe,278048222,dsrg,u,40,17.2,67,13.7,8.4,3.9,4.1,7,33,23,10
WAI,3/2/2016,jawe,278048224,dsro,u,40,17,57,13.9,8.2,4.2,3.6,7.4,34,23,11
WAI,3/2/2016,jawe,278048226,gswo,u,42,16.1,60,12.3,8.9,4.5,3.7,7.1,34,23,11
WAI,3/3/2016,rwbu,274128320,oros,u,84,18.6,83,16.6,9.2,5.5,4.9,10.7,51,26,25
WAI,3/3/2016,wrsh,274128464,gors,f,106,25.6,86,17.4,10.4,5.3,5.2,12.8,58,29,29
WAI,3/3/2016,rwbu,274128465,ooos,u,79,20.3,80,17.2,9.3,5.4,5,9.6,51,21,30
WAI,3/3/2016,rwbu,274128466,owos,u,75,20.5,79,16.9,8.7,5.4,4.9,13.4,53,25,28
WAI,3/3/2016,rwbu,274128467,oyos,u,81,19.2,80,NA,NA,NA,NA,NA,53,24,29
WAI,3/3/2016,rble,274128468,osdg,u,58,23.2,69,13.5,7.5,5,5,9,46,24,22
WAI,3/3/2016,rble,274128469,osdo,u,53,22.9,66,NA,NA,NA,NA,NA,46,24,22
MOA,3/3/2016,rble,274128583,xxxs,u,NA,NA,NA,NA,NA,NA,NA,NA,NA,NA,NA
WAI,3/3/2016,jawe,278048227,dsrr,u,40,17.8,59,NA,NA,NA,NA,NA,40,28,12
WAI,3/3/2016,jawe,278048228,dsry,u,42,17,60,13.4,8.4,4.1,3.5,6.7,37,25.5,11.5
WAI,3/3/2016,jawe,278048230,dsyg,u,42,17.1,56,15.4,7.9,4.4,3.4,7.4,34,23,11
MOA,3/4/2016,rble,274128584,xxxs,u,NA,NA,NA,NA,NA,NA,NA,NA,NA,NA,NA
MOA,3/4/2016,rble,274128586,xxxs,u,NA,NA,NA,NA,NA,NA,NA,NA,NA,NA,NA
MOA,3/5/2016,rble,274128585,wygs,u,56,24.1,67,14.1,7.5,4.8,4.8,9.8,54,33.5,20.5
PAH,3/5/2016,rble,274128587,xxxs,u,55,24.2,66,13.5,7.6,4.9,5.2,8.9,54,29,25
PAH,3/5/2016,rble,274128588,xxxs,u,58,24,70,14.3,7.9,5.1,5.4,9,45,14,NA
PAH,3/5/2016,jawe,278048304,xxxs,u,43,17.5,58,14.2,7.2,3.5,4.2,7.3,36,25,11
PAH,3/5/2016,jawe,278048305,xxxs,u,43,18,57,14.1,7.7,4.2,3.5,8.5,38,27,11
WAI,3/7/2016,rwbu,265144531,xxxs,u,80,19.2,82,NA,NA,NA,NA,NA,53,25,28
WAI,3/7/2016,rble,274128594,xsxx,u,52,25,66,NA,NA,NA,NA,NA,49,27,22
WAI,3/7/2016,rble,274128595,xsxx,u,53,23.1,65,13.6,7.2,4.9,5.6,10.6,30,7,23
WAI,3/7/2016,rble,274128596,xxxs,u,57,23.9,67,NA,NA,NA,NA,NA,44,24,20
WAI,3/7/2016,rble,274128597,xsxx,u,50,22.6,67,NA,NA,NA,NA,NA,47,26,21
WAI,3/7/2016,rble,274128598,xxxs,u,56,23.7,68,NA,NA,NA,NA,NA,45,26,19
WAI,3/7/2016,rwbu,274128599,xxxs,u,79,19.6,78,NA,NA,NA,NA,NA,52,25,27
WAI,3/7/2016,rwbu,274128600,xxxs,u,75,18,79,NA,NA,NA,NA,NA,49,25,24
WAI,3/7/2016,jawe,278048306,xsox,u,43,18.1,59,14.4,7.5,NA,NA,NA,36,25,11
WAI,3/7/2016,jawe,278048307,xsxx,u,40,17.2,58,13.8,8,4.6,3.4,5.5,36,24,12
WAI,3/7/2016,jawe,278048308,xsxx,u,42,18.1,58,NA,NA,NA,NA,NA,36,24.5,11.5
MOA,3/9/2016,rwbu,265144436,rbos,u,72,20,82,15.8,10.9,5.7,5.1,12.2,55,25,30
MOA,3/9/2016,rble,274128471,ydgs,u,52,22.6,66,13.6,7.6,4.8,4.8,11.3,44,23,21
MOA,3/9/2016,rble,274128472,yogs,u,52,21.7,64,13.4,7.2,5,4.8,8.5,42.5,24,18.5
MOA,3/9/2016,rble,274128473,ywgs,u,57,23.4,68,14.3,8,5.4,5,10.3,46.5,27,19.5
MOA,3/9/2016,rble,274128474,yygs,u,56,23.3,66,13.6,7.2,4.7,5,10.3,44.5,22,22.5
MOA,3/9/2016,rble,274128475,ddos,u,57,24.7,68,NA,NA,NA,NA,NA,47,26,21
MOA,3/9/2016,rble,274128476,dgos,u,56,NA,69,14.6,7.5,5.1,4.5,9,50,28,22
MOA,3/9/2016,rble,274128478,dros,u,55,23.7,69,14.4,8.8,4.7,4.5,9.6,47,23,24
MOA,3/10/2016,rble,274128479,dwos,u,54,22.5,64,NA,NA,NA,NA,NA,40,23,17
MOA,3/10/2016,rble,274128480,rsdd,u,59,26.2,68,NA,NA,NA,NA,NA,46,23,23
MOA,3/10/2016,rble,274128481,rsdg,u,56,23.2,66,NA,NA,NA,NA,NA,40.5,21.5,19
MOA,3/10/2016,rble,274128482,rsdr,u,53,23.9,67,NA,NA,NA,NA,NA,43,23,20
MOA,3/10/2016,rble,274128483,rsdw,u,54,24,62,NA,NA,NA,NA,NA,47,26,21
MOA,3/10/2016,rble,274128484,rsdy,u,53,NA,67,NA,NA,NA,NA,NA,52,29,23
MOA,3/10/2016,rble,274128485,rsgb,u,55,23.2,68,NA,NA,NA,NA,NA,43,22,21
MOA,3/10/2016,rble,274128486,rsgg,u,NA,23.4,69,NA,NA,NA,NA,NA,45,22,23
MOA,3/10/2016,rble,274128487,rsgr,u,53,24.6,66,NA,NA,NA,NA,NA,44,24,20
MOA,3/10/2016,rwbu,274128488,yrrs,u,76,19.7,78,17.2,9,5.7,4.7,12.1,48,23,25
MOA,3/10/2016,rble,274128489,rsgw,u,58,23.9,69,14.2,7.4,5.7,5.3,9.7,47,24,23
MOA,3/10/2016,rble,274128490,rsgy,u,52,24.3,66,NA,NA,NA,NA,NA,43.5,23,20.5
WAI,3/10/2016,rble,274144801,dsyw,u,53,25.2,66,NA,NA,NA,NA,NA,45,25,20
WAI,3/10/2016,jawe,278048310,dsyy,u,41,17.3,60,14.3,7.8,4.5,3.7,7.5,36,25,11
WAI,3/14/2016,rble,274144802,osoo,u,55,23.5,70,12,7.5,5.3,5.6,8.7,44,25,19
WAI,3/14/2016,jawe,278048401,ysoo,u,39,18.5,56,14.5,NA,NA,NA,7.4,36,25,11
WAI,3/14/2016,jawe,278048402,ysdo,u,39,17.9,58,12.7,8.4,4.1,3.5,7.6,40,29,11
PAH,3/15/2016,wrsh,274144803,ysoo,f,100,25.7,85,18.6,11.3,5.4,NA,13.8,50,25,25
MOA,3/16/2016,jawe,278048403,dsro,u,37,17.4,59,14.9,7.8,3.5,3.6,NA,36,26,10
WAI,3/17/2016,wrsh,274144805,ysdr,f,106,25.5,83,16.1,10.4,5.6,4.9,12,52,25,27
WAI,3/17/2016,jawe,278048404,ysrd,u,42,18.9,57,13.9,7.7,4.5,3.6,7.7,39,27,12
WAI,3/21/2016,rble,274128498,osdr,u,56,24.3,66.5,11,NA,NA,NA,NA,45,25,20
WAI,3/21/2016,jawe,278048231,ysdd,u,41,16.2,68.5,NA,NA,NA,NA,NA,35,25,10
EKA,3/23/2016,rble,247128494,dyds,u,52,25.4,67,14.7,8.1,5.4,5.4,9.8,45,25,20
EKA,3/23/2016,rble,274128493,dwds,u,56,22.6,74,14.4,7.7,5.2,6,8.9,45,25,20
EKA,3/23/2016,rble,274128496,gdds,u,61,24.1,65,14.1,7.4,5,5.2,10.3,54,33,21
MOA,3/23/2016,rble,274144806,gdos,u,55,23.4,66,11.2,7.6,5,5.1,8.5,48,27,21
EKA,3/23/2016,jawe,278048232,ysoy,u,41,18.2,59,15.3,7.5,4.4,3.9,7.6,36,25,11
EKA,3/23/2016,jawe,278048233,dwds,u,40,16.5,57,14.5,7.2,4.2,3.4,6.9,34,24,10
EKA,3/23/2016,jawe,278048234,dyds,u,41,17.6,58,14.8,7.2,3.8,3.1,6.6,35,24,11
EKA,3/23/2016,jawe,278048235,dsdd,u,40,16.9,57,15.3,8,4.7,4.6,8.2,35,25,10
EKA,3/23/2016,jawe,278048236,gdds,u,40,15.5,55,NA,NA,NA,NA,NA,34,24,10
EKA,3/23/2016,jawe,278048237,ggds,u,42,17,60,NA,NA,NA,NA,NA,37,26,11
EKA,3/23/2016,jawe,278048238,gods,u,39,17.7,56,14.7,8,4.1,2.9,8.6,36,24,12
EKA,3/24/2016,rble,247128500,ggrs,u,55,23.3,65,14.6,8.2,5.6,5,9.5,48,27,21
EKA,3/24/2016,rble,247144701,grds,u,55,22.9,67,NA,NA,NA,NA,NA,44,25,19
EKA,3/24/2016,rble,274144702,gwds,u,55,24.1,68,13.9,7.4,5,4.9,11.6,46,25,21
EKA,3/24/2016,wrsh,274144703,grrs,m,137,26.5,90,20.5,11.9,6,5.7,12.4,40,18,22
EKA,3/24/2016,rble,274144704,gyds,u,59,23.4,69,NA,NA,NA,NA,NA,47,25,22
EKA,3/24/2016,jawe,278048239,grds,u,43,17,59,14.7,8.1,4.6,3.5,7.1,37,24,13
EKA,3/24/2016,jawe,278048240,gwds,u,42,17.4,57,12.6,8.3,4.5,3.3,6.8,40.5,30,10.5
EKA,3/24/2016,wrsh,365144437,gwrs,f,94,23.4,87,17.1,10.6,5.9,4.9,12.7,49,25,24
MOA,3/28/2016,rble,274144601,rsry,u,59,24.5,69,NA,NA,NA,NA,NA,49,23,26
MOA,3/28/2016,rble,274144602,rswd,u,56,23.4,64,NA,NA,NA,NA,NA,47,26,21
MOA,3/28/2016,rble,274144603,rswg,u,53,23.2,66,NA,NA,NA,NA,NA,35,16,19
MOA,3/28/2016,rble,274144604,rswo,u,55,24,68,NA,NA,NA,NA,NA,48,26,22
MOA,3/28/2016,rble,274144605,rswr,u,57,23.2,69,NA,NA,NA,NA,NA,38,17,21
MOA,3/28/2016,rwbu,274144606,dgrs,u,82,18.6,84,16,8.9,5.2,4.9,11.3,48,18,30
MOA,3/28/2016,rble,274144607,rsww,u,58,24.1,67,NA,NA,NA,NA,NA,43,24,19
MOA,3/28/2016,rble,274144784,rros,u,55,24,64,12.8,7.1,6.5,6.7,10,46,26,20
MOA,3/28/2016,rble,274144785,rwos,u,58,23.2,69,NA,NA,NA,NA,NA,46,25,21
MOA,3/28/2016,rble,274144786,ryos,u,55,23.3,69,NA,NA,NA,NA,NA,46,27,19
MOA,3/28/2016,rble,274144788,wgos,u,54,23.3,65,12.2,6.8,5.5,5.5,8,44,25,19
MOA,3/28/2016,rble,274144789,woos,u,58,23.6,69,14,7.3,5.4,4.7,8.9,51,31,20
MOA,3/28/2016,rwbu,274144790,wgos,u,69,19.8,81,16.8,8.9,5.8,4.9,10.7,53,24,29
MOA,3/28/2016,rwbu,274144791,woos,u,78,19.5,79,NA,NA,NA,NA,NA,62,36,26
MOA,3/28/2016,rwbu,274144792,wros,u,80,20.4,81,NA,NA,NA,NA,NA,54,26,28
MOA,3/28/2016,rwbu,274144793,wwos,u,73,18,76,NA,NA,NA,NA,NA,55,25,30
MOA,3/28/2016,rwbu,274144794,wyos,u,70,20.9,76,NA,NA,NA,NA,NA,56,28,28
MOA,3/28/2016,rwbu,274144795,ddrs,u,NA,20.2,81,NA,NA,NA,NA,NA,57,27,30
MOA,3/28/2016,rble,274144796,rsrd,u,58,NA,74,NA,NA,NA,NA,NA,48,26,22
MOA,3/28/2016,rble,274144797,rsrg,u,54,23.5,65,13,6.7,4.8,4.7,7.5,47,26,21
MOA,3/28/2016,rble,274144798,rsro,u,54,24.5,62,NA,NA,NA,NA,NA,45,26,19
MOA,3/28/2016,rble,274144799,rsrr,u,57,24.8,66,NA,NA,NA,NA,NA,46,25,21
MOA,3/28/2016,rble,274144800,rsrw,u,60,24.1,69,NA,NA,NA,NA,NA,48,26,22
MOA,3/28/2016,rble,NA,xxxx,u,NA,NA,NA,NA,NA,NA,NA,NA,47,25,22
PAH,3/30/2016,rble,274144711,ddws,u,55,22.1,66.5,12.1,7.8,5.4,4.6,8.8,43,25,18
PAH,3/30/2016,rble,274144712,dgws,u,58,25.1,63,14.4,8.2,5.2,5.2,9.6,47,25,22
PAH,3/30/2016,rble,274144713,dows,u,54,22.9,65,11.9,7.5,5.2,4.7,8.9,45,23,22
PAH,3/30/2016,jawe,278048247,ddos,u,39,17.1,59,14,7.5,4.1,3.8,6.1,33.5,25,8.5
PAH,3/30/2016,jawe,278048248,ddrs,u,41,17.2,58,NA,NA,NA,NA,NA,33,23,10
PAH,3/31/2016,rble,274144714,drws,u,53,23.1,65,13.5,7.7,5.5,4.9,7.7,46,26,20
PAH,3/31/2016,rwbu,274144715,rros,u,78,20,77,15.9,7.9,5.5,4.7,10.2,51.5,26,25.5
PAH,3/31/2016,jawe,278048249,dgos,u,41,17.2,59,NA,NA,NA,NA,NA,36.5,26,10.5
PAH,3/31/2016,jawe,278048250,ddys,u,43,16.9,58,14.4,7.8,4.9,4,6.8,40,30,10
PAH,3/31/2016,jawe,278048251,dgrs,u,41,17.9,56,14.7,7.2,4.7,3.3,7.7,34,24.5,9.5
MOA,4/3/2016,rwbu,274144730,xxxq,u,NA,NA,NA,NA,NA,NA,NA,NA,NA,NA,NA
MOA,4/3/2016,rble,274144731,xxxq,u,NA,NA,NA,NA,NA,NA,NA,NA,NA,NA,NA
MOA,4/3/2016,rwbu,274144732,xxxq,u,NA,NA,NA,NA,NA,NA,NA,NA,NA,NA,NA
MOA,4/3/2016,wrsh,274144733,xxxq,u,NA,NA,NA,NA,NA,NA,NA,NA,NA,NA,NA
MOA,4/3/2016,rwbu,274144734,xxxq,u,80,21.9,89,NA,NA,NA,NA,NA,48,25,23
MOA,4/3/2016,rble,274144735,ggos,u,59,23.5,69,NA,NA,NA,NA,NA,28,6,22
MOA,4/3/2016,rble,274144736,goos,u,58,23.7,69,NA,NA,NA,NA,NA,59,39,20
MOA,4/3/2016,rble,274144718,xxxq,u,NA,NA,NA,NA,NA,NA,NA,NA,NA,NA,NA
MOA,4/3/2016,rble,274144721,xxxq,u,NA,NA,NA,NA,NA,NA,NA,NA,NA,NA,NA
MOA,4/3/2016,rwbu,274144720,xxxq,u,NA,NA,NA,NA,NA,NA,NA,NA,NA,NA,NA
MOA,4/3/2016,jawe,278048254,dsrr,u,40,17.2,59,NA,NA,NA,NA,NA,49,39,10
PAH,4/4/2016,wrsh,274144737,ysdw,m,144,24.9,91,18.8,11.3,5.3,5.3,13.7,52,21.5,30.5
WAI,4/8/2016,rble,274144807,osdw,u,56,NA,66,NA,7.7,4.1,4.9,10.6,45,25,20
WAI,4/8/2016,rwbu,274144808,gsww,u,78,22.1,81,NA,NA,NA,NA,NA,55,27,28
WAI,4/8/2016,rwbu,274144809,gswy,u,80,19.2,79,NA,NA,NA,NA,NA,51,26,25
WAI,4/8/2016,rwbu,274144810,xxxq,u,NA,NA,NA,NA,NA,NA,NA,NA,52,26,26
EKA,4/13/2016,rble,274144811,xxxq,u,56,24.6,64.5,14.1,7.3,5.5,5.8,9.9,46,25,21
PAH,4/15/2016,rble,274144812,wgws,u,55,23.4,68,13.9,NA,NA,NA,NA,45,26,19
MOA,4/16/2016,rble,274144752,gros,u,55,23.9,65.5,NA,NA,NA,NA,NA,43,21,22
MOA,4/16/2016,rble,274144753,gyos,u,54,23.6,69,14.3,7.5,5.7,4.8,8.7,44,24,20
MOA,4/16/2016,rble,274144755,ogos,u,61,23.5,70,NA,NA,NA,NA,NA,45.5,26,19.5
MOA,4/16/2016,rwbu,274144758,xxxq,u,NA,18.5,75,15.1,7.9,4.8,4.4,10.9,52,26,26
MOA,4/16/2016,rwbu,274144759,xxxq,u,76,20.5,80,17.2,8.9,5.5,5,11.4,55,29,26
MOA,4/16/2016,wrsh,274144760,xxxq,f,103,24.2,87,NA,NA,NA,NA,NA,54,30,24
MOA,4/16/2016,rble,274144761,oros,u,54,23.2,62,13.7,7.7,5.2,4.9,10.9,47.5,28,19.5
MOA,4/16/2016,rwbu,274144762,xxxq,u,62,19.5,72,15.4,8.5,5.5,4.8,10.3,51,27,24
MOA,4/16/2016,rwbu,274144763,xxxq,u,74,20.1,77,15.6,8.4,6.1,4.9,11,47,23,24
MOA,4/16/2016,rwbu,274144766,xxxq,u,72,19.4,71,NA,NA,NA,NA,NA,47,24,23
MOA,4/16/2016,rwbu,274144767,xxxq,u,71,18.9,76,NA,NA,NA,NA,NA,61,33.5,27.5
MOA,4/16/2016,rwbu,274144768,xxxq,u,79,18.9,85,NA,NA,NA,NA,NA,57,24,33
MOA,4/16/2016,rwbu,274144769,xxxq,u,78,19.4,78,NA,NA,NA,NA,NA,64.5,26,NA
MOA,4/16/2016,rwbu,274144770,xxxq,u,76,20.5,81,NA,NA,NA,NA,NA,50,NA,NA
MOA,4/16/2016,rwbu,274144771,xxxq,u,74,18.9,77,NA,NA,NA,NA,NA,57,31,26
MOA,4/16/2016,rwbu,274144772,xxxq,u,77,19,75,12.1,7.1,5.3,4.6,11.3,42,17,25
MOA,4/16/2016,rble,NA,xxxx,u,52,23.5,69,14.1,7.8,4.9,5.1,9.8,28,7,21
MOA,4/16/2016,rwbu,NA,xxxx,u,72,18.9,74,NA,NA,NA,NA,NA,54,31,23
WAI,4/20/2016,rble,274144813,osdy,u,55,24.8,68,14.8,8.4,5.5,5.1,9.8,54,32,22
WAI,4/20/2016,wrsh,274144814,gyrs,f,97,23.5,80,17.4,9.9,5.2,4.7,12.7,52,26,26
WAI,4/20/2016,rble,274144815,osgd,u,55,25.2,63,NA,NA,NA,NA,NA,52,28,24
WAI,4/20/2016,rble,274144816,osgo,u,53,24.4,66,14,5.9,5.9,5.2,9.6,47,26,21
WAI,4/20/2016,rble,274144817,osgr,u,55,26.2,67,15.2,8.3,6.2,5.5,9,48,26.5,21.5
WAI,4/20/2016,jawe,278048405,ysdg,u,41,17.3,58,15,7.6,4.5,3.6,8.2,35,25,10
WAI,4/20/2016,jawe,278048406,ysdr,u,42,17.9,60,15.8,7.9,4.5,3.6,8.2,37,26,11
WAI,4/21/2016,rble,274144818,osgw,u,58,25.2,68,NA,8.2,5.6,5,9.3,48,27,21
WAI,4/21/2016,jawe,278048407,ddds,u,41,17.2,56,13.9,7.7,3.9,3.1,9.2,36,26,10
WAI,4/21/2016,jawe,278048408,ysog,u,41,17.9,59,15.1,7.3,4.2,3.8,8.4,37,25,12
WAI,4/21/2016,jawe,278048409,ysdw,u,40,17.2,59,NA,NA,NA,NA,NA,45,35,10
PAH,4/22/2016,rble,274144773,rsdw,u,57,23.3,64,13.4,6.7,4.6,3.9,12,46,23,23
PAH,4/25/2016,rble,274144775,dwws,u,53,24.1,65,14.3,7.2,5.1,4.4,8.5,43.5,24.5,19
PAH,4/25/2016,rble,274144776,gdws,u,54,25.2,68,12.8,6.5,5.2,5,10,45,24,21
EKA,4/25/2016,wrsh,274144819,odrs,f,111,25.2,87,18.1,10.6,4.8,5.3,13,NA,17.5,NA
MOA,4/27/2016,jawe,263131148,dsrw,u,42,16.8,58,14.2,7.1,3.3,3,7.7,37,28,9
MOA,4/27/2016,rwbu,265144440,rwos,u,74,20.1,78,16.6,8.9,5.6,4.8,11.4,70.5,45,25.5
MOA,4/27/2016,rwbu,265144441,ryos,u,75,18.7,76,NA,NA,NA,NA,NA,56,26,30
MOA,4/27/2016,rwbu,265144442,wdos,u,77,18.6,77,NA,8.7,5.5,4.5,10.1,51,27,24
MOA,4/27/2016,wrsh,274144777,ogrs,m,114,26.4,91,18.2,10.2,6.4,5.4,12.9,60,33.5,26.5
MOA,4/27/2016,wrsh,274144778,oors,m,124,25.9,92,20,12.2,5.4,5.9,13.1,62,32,30
MOA,4/27/2016,rble,274144779,owos,u,59,24.2,68,13.5,7.4,4.9,4.7,8.4,49,30,19
MOA,4/27/2016,rble,274144780,oyos,u,NA,19.6,NA,NA,NA,NA,NA,NA,45,25,20
MOA,4/27/2016,rble,274144781,rdos,u,52,23.4,66,13.5,7.4,5.2,5,8.6,45,24.5,20.5
MOA,4/27/2016,rble,274144782,rgos,u,55,22.6,64,NA,NA,NA,NA,NA,45,25,20
MOA,4/27/2016,rble,274144783,roos,u,58.5,22.6,66.5,NA,NA,NA,NA,NA,45,26,19
MOA,4/27/2016,rble,NA,xxxx,u,NA,NA,NA,NA,NA,NA,NA,NA,45.5,24,21.5
PAH,4/28/2016,rble,274144823,ggws,u,54,23.3,64,12.9,6.9,4.6,4.9,10.8,44,24,20
PAH,4/28/2016,rble,274144824,gows,u,55,23.7,64.5,NA,NA,NA,NA,NA,47,26,21
PAH,4/28/2016,rwbu,274144825,yyys,u,77.5,20.4,80,NA,NA,NA,NA,NA,57,27,30
PAH,4/28/2016,rble,274144826,grws,u,57,23,68,NA,NA,NA,NA,NA,44.5,24,20.5
PAH,4/28/2016,rble,274144827,gwws,u,54,23.8,67,14.2,8.6,5.2,5,10.5,47,26,21
PAH,4/28/2016,rble,274144828,gyws,u,58,23.3,68,NA,NA,NA,NA,NA,44,25,19
PAH,4/28/2016,jawe,278048412,wwws,u,42,17.9,57.5,NA,NA,NA,NA,NA,36.5,25,11.5
WAI,5/2/2016,rvbu,250157706,rsdd,u,89,24.8,100.5,21,10.1,6.9,6.5,14.8,50,15,35
WAI,5/2/2016,jawe,263131149,ysgd,m,NA,16.8,58.5,14,7.3,3.7,3.1,9.3,26,15,11
WAI,5/2/2016,jawe,263131150,ysyy,m,NA,NA,NA,NA,NA,NA,NA,NA,28,15.5,12.5
WAI,5/2/2016,rvbu,265144443,rsdg,u,93,23.6,96,20.2,10.7,7,6.2,13.9,54,15,39
WAI,5/2/2016,rvbu,265144444,rsdr,u,94,23.5,95,19.4,10.8,6.2,5.5,12.8,59,19,40
WAI,5/2/2016,rvbu,265144445,rsdw,u,96,23.7,97,21,11.4,5.9,6.3,15.1,61,16,45
WAI,5/2/2016,rvbu,274144608,rsdo,u,89,23.5,94,18.9,10,6.6,6.2,13.1,55,12,43
WAI,5/2/2016,jawe,278048259,ysgo,u,42,17.5,59,14.8,7.9,4.3,3.3,9,33,22,11
PAH,5/3/2016,rble,274144829,odws,u,53,24.4,64,14.2,7.4,5.7,5.5,9.3,47,27,20
PAH,5/3/2016,jawe,278048311,dods,u,38,16.5,55,NA,NA,NA,NA,NA,38,25,13
WAI,5/5/2016,rble,274144831,osgy,u,61,22.8,68,13.3,7.7,4.6,4.4,10,52,34,18
WAI,5/5/2016,wrsh,274144832,ysdy,f,117,24.8,83,16.3,10,5.1,5,13.2,55,29,26
WAI,5/9/2016,rwbu,274144833,gsyr,u,80,20.2,79,15.8,8.2,5.3,5,12.4,52,26,26
WAI,5/9/2016,rwbu,274144834,gsyw,u,72,20.2,77,16.6,NA,NA,NA,NA,52,24,28
WAI,5/9/2016,rwbu,274144835,gsyx,u,76,18.9,78,NA,NA,NA,NA,NA,50,25,25
WAI,5/9/2016,rble,274144836,osod,u,59,24.2,69,15.7,7.7,4.7,4.8,9.3,49,29,20
MOA,5/9/2016,rble,274144840,xxxq,u,56,25.1,68,14,6.6,5.2,4.5,11,38,19,19
EKA,5/11/2016,wrsh,265144447,orrs,m,128,26.8,88,20.5,10.5,5.2,5.7,13.5,57,26,31
EKA,5/11/2016,rble,274144613,odds,u,52,22.8,63,NA,NA,NA,NA,NA,45,25,20
EKA,5/11/2016,rble,274144614,ogds,u,56,23.3,68,13.8,7.7,5,5.5,8.5,48,28,20
EKA,5/11/2016,rble,274144615,oods,u,56,22.3,69,NA,NA,NA,NA,NA,45,23,22
EKA,5/11/2016,rble,274144616,ords,u,NA,NA,NA,NA,NA,NA,NA,NA,47,24,23
EKA,5/11/2016,rble,274144619,ords,u,54.5,24.1,69,NA,NA,NA,NA,NA,46,25,21
EKA,5/11/2016,wrsh,274144620,rdrs,m,117,24.4,89,17.3,10.1,5.8,5.5,11.5,53,24,29
EKA,5/11/2016,wrsh,274144621,rgrs,m,130,25.3,90,18,11.1,5.6,5.6,11.1,55,24,31
EKA,5/11/2016,jawe,278048265,gyds,u,42,17.9,58,NA,NA,NA,NA,NA,40.5,30,10.5
EKA,5/12/2016,rwbu,265144449,ydos,u,78,21,81,17.7,10,5.9,4.8,12,52,25,27
EKA,5/12/2016,rble,274144623,rgds,u,61,22.6,64,14.8,7.9,5.2,5.2,8.6,46,24,22
EKA,5/12/2016,rble,274144626,rods,u,52,23.2,66,13.5,7.7,5.2,5.1,9,44,25,19
MOA,5/14/2016,rble,274144627,wros,u,55,22.9,69,13.4,7.7,5.3,4.7,9.6,45,24,21
MOA,5/14/2016,rble,274144628,wwos,u,59,25.7,65,NA,NA,NA,NA,NA,47,25,22
MOA,5/14/2016,rble,274144629,wyos,u,55,21.9,65,NA,NA,NA,NA,NA,46,26,20
MOA,5/14/2016,rble,274144630,ydos,u,58,21.7,69,NA,NA,NA,NA,NA,50.5,25,25.5
MOA,5/14/2016,rble,274144631,ygos,u,58,23.5,70,NA,NA,NA,NA,NA,46,25,21
MOA,5/14/2016,rble,274144632,ydos,u,57,23.7,68,NA,NA,NA,NA,NA,43,25,18
MOA,5/14/2016,rble,274144633,yoos,u,56,22.6,68.5,NA,NA,NA,NA,NA,48.5,28,20.5
MOA,5/14/2016,rble,274144634,yros,u,52,24,66,13.5,7.6,4.6,5,10.1,44.5,25,19.5
MOA,5/14/2016,rble,274144635,ywos,u,54,24.1,67.5,NA,NA,NA,NA,NA,42,24,18
MOA,5/14/2016,rble,274144636,xxxq,u,NA,NA,NA,NA,NA,NA,NA,NA,55,34,21
MOA,5/14/2016,rble,274144637,yyos,u,52,23.8,66,NA,NA,NA,NA,NA,44.5,25,19.5
MOA,5/14/2016,rble,274144638,rsdo,u,55.5,24.5,61,NA,NA,NA,NA,NA,46,25,21
MOA,5/14/2016,rble,274144639,rsod,u,54,23.2,66,NA,NA,NA,NA,NA,45.5,26,19.5
MOA,5/14/2016,rble,274144640,rsog,u,54,23.9,68,NA,NA,NA,NA,NA,45,24,21
MOA,5/14/2016,rble,274144641,rsoo,u,NA,NA,NA,NA,NA,NA,NA,NA,43,25,18
MOA,5/14/2016,rwbu,274144642,ddgs,u,79,NA,80,NA,NA,NA,NA,NA,56,25,31
MOA,5/14/2016,rble,274144643,rsor,u,NA,NA,NA,NA,NA,NA,NA,NA,45,30,15
WAI,5/16/2016,rble,274144644,osog,u,57,22.5,71,NA,NA,NA,NA,NA,46.5,24,22.5
WAI,5/16/2016,rwbu,274144645,dggs,u,NA,20.1,NA,NA,NA,NA,NA,NA,47,24,23
WAI,5/16/2016,jawe,278048270,ysgr,u,44,17,61,15.2,8.2,4.3,3.7,7.2,35,25,10
PAH,5/18/2016,rble,274144646,ogws,u,55,23.5,69,14.5,NA,NA,NA,NA,28,8,20
PAH,5/18/2016,wrsh,274144647,rors,f,108,26,85,17.6,10.3,5.2,4.8,11.7,55,25,30
PAH,5/18/2016,wrsh,274144648,rrrs,f,112,25.8,87,18.8,11,5.7,5,12,58,26,32
PAH,5/18/2016,jawe,278048271,dgys,u,39,17.7,56,NA,NA,NA,NA,NA,37,24,13
PAH,5/18/2016,jawe,278048272,dors,u,40,17.6,58,NA,NA,NA,NA,NA,36,25,11
PAH,5/18/2016,jawe,278048273,dows,u,42,17.6,59,14.9,7.2,4.1,3.4,8.3,35,25,10
PAH,5/18/2016,jawe,278048274,doys,u,42,16.6,58,14.9,7.2,4,NA,6.5,38,28,10
PAH,5/19/2016,jawe,263131156,xxxq,u,NA,NA,NA,NA,NA,NA,NA,NA,38,24,14
PAH,5/19/2016,rble,274144649,oows,u,57,24.7,66,14.5,7.8,5.4,5.3,9.9,47,26,21
EKA,5/19/2016,rble,274144838,rrds,u,59,22.9,68,15.4,9,5.2,5.9,10.4,45,25,20
EKA,5/19/2016,wrsh,274144839,ysgd,m,139,26,89,18.9,11.8,5.3,5.7,13.2,61,26,35
PAH,5/19/2016,jawe,278048275,oows,u,42,16.9,58,14.9,7.1,4.5,3.3,7.8,38.5,25,13.5
PAH,5/19/2016,jawe,278048276,dros,u,42,17.3,59,15.2,7.7,4.1,3.6,NA,34,23.5,10.5
EKA,5/19/2016,jawe,278048312,odds,m,43,16.7,58,NA,NA,NA,NA,NA,34,24.5,9.5
EKA,5/19/2016,jawe,278048313,ogds,u,41,17.9,58,15.3,8.2,3.5,4.6,7.6,35,22.5,12.5
EKA,5/19/2016,jawe,278048314,oods,u,40,17.6,57,NA,NA,NA,NA,NA,35,22.5,12.5
PAH,5/19/2016,rble,NA,xxxx,u,NA,NA,NA,NA,NA,NA,NA,NA,45,26,19
WAI,5/23/2016,jawe,263131157,ysrr,u,43,18.4,58,NA,NA,NA,NA,NA,38,27,11
PAH,5/24/2016,rble,274144841,yyos,u,57,25,71,NA,NA,NA,NA,NA,46,25,21
PAH,5/24/2016,wrsh,274144842,ysgg,m,155,25.9,95,NA,11.2,5.4,5.3,12.3,57.5,25,32.5
PAH,5/27/2016,rble,274144660,owws,u,53,24.2,64,14.4,NA,NA,NA,NA,48,26,22
PAH,5/27/2016,jawe,278048277,ooos,u,42,NA,57,15.4,NA,NA,NA,NA,36,25,11
EKA,5/29/2016,jawe,278048878,ords,u,40,18.8,58,13.9,7.5,4.5,3.7,7.4,36.5,25,11.5
WAI,5/30/2016,rble,274144663,osrg,u,54,NA,NA,NA,NA,NA,NA,NA,49,29,20
MOA,6/5/2016,wrsh,274144684,ysgo,f,105,23.9,83,NA,NA,NA,NA,NA,56,26,30
WAI,6/8/2016,rble,271152646,wswr,u,55.5,22.5,56,NA,NA,NA,NA,NA,44,26,18
WAI,6/8/2016,rble,274144685,osor,u,56,22.6,58,NA,NA,NA,NA,NA,45,26,19
WAI,6/8/2016,rble,274144686,osow,u,56,22.5,68,NA,NA,NA,NA,NA,47,25,22
WAI,6/8/2016,rble,274144687,dsyw,u,54,23.6,65,NA,NA,NA,NA,NA,45,24,21
WAI,6/8/2016,rble,274144688,osro,u,52,22.3,61,13.2,7.1,4.7,4.5,9.9,43,24,19
MOA,6/8/2016,rble,274144854,rswy,u,NA,NA,65,NA,NA,NA,NA,NA,41,26,15
WAI,6/8/2016,jawe,277019653,dods,u,42,17.2,57,14.2,7.5,3.9,3.4,6.4,40,30,10
WAI,6/8/2016,jawe,277019656,dwds,u,42,17.2,57,14.5,8.3,4.2,3.3,8.9,35,25,10
WAI,6/8/2016,jawe,277019657,gdds,f,40,17.2,58,NA,NA,NA,NA,NA,36,26,10
WAI,6/8/2016,jawe,278048281,drds,u,40,17.2,58,NA,NA,NA,NA,NA,34,24,10
WAI,6/8/2016,jawe,278048282,dyds,u,40,17.4,57,NA,NA,NA,NA,NA,36,25,11
WAI,6/8/2016,jawe,278048283,ggds,u,38,17.7,58,NA,NA,NA,NA,NA,34,23,11
WAI,6/8/2016,jawe,278048298,xxxs,u,NA,NA,NA,NA,NA,NA,NA,NA,34,25,9
WAI,6/9/2016,jawe,277019659,gods,u,39,16.8,57,13.9,7.4,3.9,3.4,5.8,38,29,9
MOA,6/12/2016,rwbu,265144451,dswo,u,80,18.9,80,17.1,8.4,5.4,4.9,12.8,53.5,25.5,28
MOA,6/12/2016,wrsh,274144689,ysgr,m,143,NA,90.5,17.4,10.5,4.7,5.2,11.3,57,24,33
MOA,6/12/2016,rble,274144690,rsyd,u,55,NA,65,13.8,6.5,4.4,4.6,10,26.5,12,14.5
MOA,6/12/2016,wrsh,274144691,ysgw,f,99,24.4,86,NA,NA,NA,NA,NA,52,25,27
MOA,6/12/2016,jawe,278048284,dswg,m,43,17.4,60,NA,NA,NA,NA,NA,34.5,24,10.5
PAH,6/14/2016,rble,274144694,rsdy,u,53,24.4,66,NA,NA,NA,NA,NA,48,25,23
PAH,6/14/2016,rwbu,274144696,gods,u,79,NA,80,16.5,NA,NA,NA,NA,52,25,27
PAH,6/14/2016,jawe,277019662,drrs,u,42,16.7,59,NA,NA,NA,NA,NA,36,25,11
MOA,6/15/2016,rvbu,265144454,dyds,f,80,24,91,18.2,9.8,6.2,5.9,NA,56,27,29
MOA,6/15/2016,rble,274144695,rsyg,u,57,23.3,65,NA,NA,NA,NA,NA,47.5,26,21.5
MOA,6/15/2016,rble,274144697,rsgo,u,57,24.3,69,14.1,7.8,5.1,4.7,9.3,51,29,22
MOA,6/15/2016,wrsh,274144698,rwrs,f,101,25.6,86,18.8,10.7,5.4,4.9,10.7,53,26,27
MOA,6/15/2016,jawe,278048286,dswo,u,41,17.2,60,NA,NA,NA,NA,NA,35,25,10
MOA,6/15/2016,jawe,278048287,dswr,u,41,17.8,58,13,6.9,3.4,3.1,7.4,34,25,9
MOA,6/15/2016,jawe,278048288,dsww,u,41,17.8,57,14,7.1,3.9,3.4,7.8,35,23,12
MOA,6/15/2016,jawe,278048289,dsyd,u,42.5,17,59,NA,NA,NA,NA,NA,37.5,26,11.5
MOA,6/15/2016,jawe,278048290,dswy,u,49,18.5,57,13.6,7.4,4.8,3.2,NA,38,25.5,12.5
MOA,6/15/2016,jawe,278048291,dsyg,u,42,17.9,59,14,7.7,4.3,3.7,7.2,36,25,11
MOA,6/15/2016,jawe,278048292,dsyw,u,41,17.9,59,NA,NA,NA,NA,NA,35,25,10
WAI,6/16/2016,rble,274144856,xxxs,f,55,23,66,NA,NA,NA,NA,NA,53,27,26
WAI,6/16/2016,jawe,278048420,xxxs,u,43,18.6,60,14,NA,NA,NA,NA,38,26,12
MOA,6/19/2016,wrsh,277102709,ysgy,f,106,23.6,84,17.9,10.4,5.9,5.5,10.4,61,30,31
WAI,6/20/2016,rble,277102801,osrr,f,51,24.7,65,NA,NA,NA,NA,NA,47,26,21
WAI,6/20/2016,rble,277102802,osrw,u,54,22.8,70,NA,NA,NA,NA,NA,49,28,21
WAI,6/20/2016,rble,277102803,xxxq,u,57,23.6,70,NA,NA,NA,NA,NA,55,33,22
MOA,6/22/2016,jawe,278048421,dgds,u,40,17,59,NA,NA,NA,NA,NA,38,27,11
EKA,6/29/2016,rble,277102716,ryds,u,50,24.2,67,14.6,8.2,5.7,5.3,9.4,47,23,24
EKA,6/29/2016,rble,277102717,wdds,u,52,23.4,68,14,7.8,5.6,5.1,7.5,43,23,20
EKA,6/29/2016,rble,277102718,wgds,u,51,NA,69,NA,NA,NA,NA,NA,46,25,21
EKA,6/29/2016,jawe,281093906,oyds,u,39,17,56,14.7,7.1,4.4,3.5,7.2,33,23,10
EKA,6/29/2016,jawe,281093908,rdds,u,40,17.2,57,NA,NA,NA,NA,NA,35,25,10
EKA,6/29/2016,jawe,281093912,rgds,u,43,17.3,58,13.5,7,4.2,4,5.3,34,25,9
WAI,6/30/2016,rble,274144860,osry,u,54,23.5,67,NA,NA,NA,NA,NA,48,25,23
EKA,6/30/2016,rwbu,277102720,ygos,f,NA,NA,NA,NA,NA,NA,NA,NA,NA,NA,NA
WAI,6/30/2016,jawe,278048425,ysgw,u,41,18.3,56,NA,NA,NA,NA,NA,39,27,12
WAI,6/30/2016,jawe,278048426,ysgy,u,40,16.2,56,NA,NA,NA,NA,NA,38,28,10
PAH,7/1/2016,rvbu,250157707,rswd,u,95,24.1,98,21.8,11.2,7.5,5.9,11.5,65,25,40
PAH,7/1/2016,rble,277102721,rgws,u,55,23.2,69,NA,NA,NA,NA,NA,47,22,25
PAH,7/1/2016,rble,277102722,xxxs,u,NA,NA,NA,NA,NA,NA,NA,NA,46,24,22
PAH,7/1/2016,jawe,281093916,drws,u,38,16.1,56,NA,NA,NA,NA,NA,35,25,10
PAH,7/6/2016,rble,277102727,rows,u,56,23.5,70,NA,NA,NA,NA,NA,47,25,22
PAH,7/6/2016,rble,277102728,rrws,f,52,22,64,NA,NA,NA,NA,NA,45,25,20
PAH,7/6/2016,jawe,281093921,drys,u,43,18.5,56,NA,NA,NA,NA,NA,36,24,12
PAH,7/7/2016,rble,277102729,rwws,u,57,22.9,NA,NA,NA,NA,NA,NA,48,27,21
PAH,7/7/2016,rble,277102730,ryws,f,52,24,66,NA,NA,NA,NA,NA,47,25,22
PAH,7/7/2016,rble,277102731,wdws,f,52,23.5,66,NA,NA,NA,NA,NA,47,26,21
PAH,7/7/2016,rble,277102732,wows,f,55,23.5,63,NA,NA,NA,NA,NA,44,24,20
EKA,7/9/2016,jawe,236131166,rods,u,40,15.8,56,NA,NA,NA,NA,NA,38,27,11
EKA,7/9/2016,rwbu,277102734,dogs,u,80,20.2,82,16.6,8.3,5.7,4.9,12.1,54,26,28
EKA,7/9/2016,jawe,281093922,rrds,m,43,NA,59,NA,NA,NA,NA,NA,35,26,9
EKA,7/9/2016,jawe,281093924,ryds,m,44,17.3,61,NA,NA,NA,NA,NA,34,23,11
PAH,7/12/2016,rble,274144861,wrws,u,55,25,65,NA,NA,NA,NA,NA,52,26,26
PAH,7/12/2016,rble,274144862,yrws,f,48,24.4,59,NA,NA,NA,NA,NA,51,27,24
PAH,7/12/2016,rble,274144863,yows,u,56,24.4,67,NA,NA,NA,NA,NA,46,24,22
PAH,7/12/2016,jawe,278048427,dwos,u,43,17.8,60,NA,NA,NA,NA,NA,44,31,13
PAH,7/12/2016,jawe,278048428,dwrs,u,36,17.5,55,NA,NA,NA,NA,NA,42,31,11
PAH,7/13/2016,rble,274144864,ywos,u,56,23.5,67,NA,NA,NA,NA,NA,49,29,20
PAH,7/13/2016,rble,274144871,yros,u,51,24.2,68,NA,NA,NA,NA,NA,50,27,23
PAH,7/13/2016,rble,274144899,yors,u,54,23.9,68,NA,NA,NA,NA,NA,50,28,22
MOA,7/16/2016,jawe,263131171,xxxs,f,41,17.2,60,NA,NA,NA,NA,NA,37,27,10
MOA,7/16/2016,rble,277102440,xxxs,f,NA,NA,NA,NA,NA,NA,NA,NA,52,35,17
PAH,7/19/2016,rble,274144866,ygws,u,57,23.4,66,NA,NA,NA,NA,NA,49,30,19
PAH,7/19/2016,rwbu,274144867,gggs,u,70,19.3,74,NA,NA,NA,NA,NA,55,30,25
PAH,7/19/2016,rwbu,274144868,gogs,u,77,19,75,NA,NA,NA,NA,NA,52,27,25
PAH,7/19/2016,jawe,278048317,dyos,u,41,17,57,NA,NA,NA,NA,NA,44,32,12
EKA,7/23/2016,rwbu,277102757,drgs,u,73,19.6,74,NA,NA,NA,NA,NA,50,26,24
MOA,7/25/2016,rble,274144869,xxxq,f,NA,NA,NA,NA,NA,NA,NA,NA,49,28,21
MOA,7/25/2016,jawe,278048430,xxxq,u,40,16.9,58,NA,NA,NA,NA,NA,39,28,11
WAI,7/27/2016,rble,263131174,dwos,u,57,22.7,62,NA,NA,NA,NA,NA,48,24,24
WAI,7/27/2016,rble,277102759,oswg,f,55,24,64,NA,NA,NA,NA,NA,45.5,25,20.5
WAI,7/27/2016,rble,277102760,gswo,f,NA,24.7,66,NA,NA,NA,NA,NA,47,24,23
WAI,7/27/2016,rble,277102761,osoy,m,55,24.6,69,NA,NA,NA,NA,NA,46.5,23,23.5
WAI,7/27/2016,jawe,281093936,gswr,u,NA,17.2,59,NA,NA,NA,NA,NA,37,26,11
WAI,7/27/2016,jawe,281093937,gsww,u,41,17.9,57,NA,NA,NA,NA,NA,34,24,10
WAI,7/27/2016,jawe,281093938,gswy,u,41,17.5,58,NA,NA,NA,NA,NA,35,24,11
WAI,7/27/2016,jawe,281093944,goos,u,40,16.1,53,NA,NA,NA,NA,NA,32,23,9
WAI,7/28/2016,rwbu,277102762,yoos,u,81,20.4,84,NA,NA,NA,NA,NA,51,24,27
WAI,7/28/2016,rwbu,277102763,yros,u,83,19.9,84,NA,NA,NA,NA,NA,50,23,27
WAI,7/28/2016,jawe,281093945,gros,u,31,16.6,56,NA,NA,NA,NA,NA,36,25,11
MOA,8/3/2016,jawe,263131175,gods,u,45,17,61,NA,NA,NA,NA,NA,42,30.5,11.5
MOA,8/3/2016,rwbu,265144457,ywos,u,78,20.1,82,NA,NA,NA,NA,NA,53.5,24,29.5
MOA,8/3/2016,jawe,277019670,grds,u,40,16.9,57,NA,NA,NA,NA,NA,36,24,12
MOA,8/3/2016,rble,277102773,dgrs,u,55,25.5,67,NA,NA,NA,NA,NA,48,26,22
MOA,8/3/2016,rble,277102774,dors,u,62,24.2,72,NA,NA,NA,NA,NA,49,26,23
MOA,8/3/2016,rble,277102775,drrs,f,54,22.9,68,NA,NA,NA,NA,NA,44,24,20
MOA,8/3/2016,wrsh,277102776,wwrs,m,114,24,86,16.3,10.5,4.6,4.6,11.1,57,26,31
MOA,8/3/2016,rble,277102777,rsyw,u,59,21.3,69,NA,NA,NA,NA,NA,44,23,21
MOA,8/3/2016,rble,277102778,gdrs,u,43,22.7,63,NA,NA,NA,NA,NA,45,25,20
MOA,8/3/2016,rble,277102782,grrs,u,59,22.5,70,NA,NA,NA,NA,NA,47,24.5,22.5
MOA,8/3/2016,rble,277103781,gors,u,51,23.1,60,NA,NA,NA,NA,NA,46,24,22
MOA,8/3/2016,jawe,281093950,dwds,u,40,18,57,NA,NA,NA,NA,NA,38,27,11
MOA,8/3/2016,jawe,281093951,dwds,u,38,17.4,57,NA,NA,NA,NA,NA,34,24,10
MOA,8/3/2016,jawe,281093952,gdgs,u,37,16.8,57,NA,NA,NA,NA,NA,36,25,11
MOA,8/3/2016,jawe,281093953,ggds,u,39,NA,NA,NA,NA,NA,NA,NA,33,24.5,8.5
MOA,8/3/2016,jawe,281093954,gwds,u,43,16.4,57,NA,NA,NA,NA,NA,35.5,24,11.5
MOA,8/3/2016,rble,NA,xxxx,u,NA,NA,NA,NA,NA,NA,NA,NA,46,25.5,20.5
WAI,8/11/2016,rble,274144876,ysoy,u,53,23.1,63,NA,NA,NA,NA,NA,46,26,20
WAI,8/11/2016,rble,274144877,oswr,u,53,23.9,67,NA,NA,NA,NA,NA,48.5,27,21.5
MOA,8/13/2016,rwbu,274144878,gwgs,u,NA,18.6,NA,NA,NA,NA,NA,NA,52,27,25
WAI,8/15/2016,rble,274144879,xxxq,f,55,22.6,62,NA,NA,NA,NA,NA,47,24,23
WAI,8/15/2016,rble,274144880,xxxq,u,56,24.4,65,NA,NA,NA,NA,NA,49,26,23
WAI,8/15/2016,jawe,278048435,xxxq,u,42,17.1,56,NA,NA,NA,NA,NA,39,27,12
WAI,8/16/2016,rble,274144881,wwws,u,50,NA,62,NA,NA,NA,NA,NA,43,19,24
MOA,8/16/2016,jawe,281093958,rods,u,43,17.3,61,NA,NA,NA,NA,NA,39,27,12
MOA,8/16/2016,jawe,281093959,rrds,u,40,16.1,58,NA,NA,NA,NA,NA,35,25,10
MOA,8/16/2016,jawe,281093960,rwds,u,39,17.3,57,NA,NA,NA,NA,NA,34,NA,NA
EKA,8/17/2016,jawe,281093962,ysrd,u,39,17.5,58,NA,NA,NA,NA,NA,39,28,11
PAH,8/24/2016,rble,277102923,goys,f,56,22.6,67,NA,NA,NA,NA,NA,50,28,22
PAH,8/24/2016,rble,277102924,drys,u,52,22.5,62,NA,NA,NA,NA,NA,45,24,21
PAH,8/24/2016,rble,277102925,doys,u,53,23.2,63,NA,NA,NA,NA,NA,45,26,19
PAH,8/24/2016,rble,277102926,dgys,u,52,22.7,67,NA,NA,NA,NA,NA,48,29,19
PAH,8/24/2016,rble,277102928,wyws,u,56,23.2,64,NA,NA,NA,NA,NA,46,24,22
PAH,8/24/2016,rble,NA,xxxx,u,54,24.5,66,NA,NA,NA,NA,NA,38,18,20
MOA,8/25/2016,rble,274144884,rsoy,u,57,23.6,64,NA,NA,NA,NA,NA,53,32,21
MOA,8/25/2016,jawe,277019842,gyds,u,NA,18,58,NA,NA,NA,NA,NA,38,26,12
PAH,8/25/2016,rble,277102902,dyys,u,55,23.2,NA,NA,NA,NA,NA,NA,47,26,21
PAH,8/25/2016,rble,277102913,owys,f,53,23.6,68,NA,NA,NA,NA,NA,46,26,20
PAH,8/25/2016,rble,277102914,orys,u,52,23.2,65,NA,NA,NA,NA,NA,50,26,24
PAH,8/25/2016,rble,277102915,ooys,u,58,23.6,71,NA,NA,NA,NA,NA,47,24,23
PAH,8/25/2016,rble,277102916,osys,u,54,23.1,64,NA,NA,NA,NA,NA,44,24,20
PAH,8/25/2016,rble,277102918,odys,u,53,23.8,64,NA,NA,NA,NA,NA,47,24,23
PAH,8/25/2016,rble,277102919,ggys,u,50,22.9,59,NA,NA,NA,NA,NA,45,25.5,19.5
PAH,8/25/2016,rble,277102921,dwys,f,51,NA,67,NA,NA,NA,NA,NA,46,25,21
MOA,9/4/2016,rble,277102910,odrs,u,NA,23.2,67,NA,NA,NA,NA,NA,47,27,20
WAI,9/6/2016,rble,277102909,ddws,u,54,22.3,64,NA,NA,NA,NA,NA,42,24,18
MOA,9/12/2016,rble,277102903,orrs,u,52,22.5,65,NA,NA,NA,NA,NA,43,23,20
WAI,9/14/2016,jawe,281093972,ysor,m,43,16.9,58,NA,NA,NA,NA,NA,43,36,7
WAI,9/15/2016,rble,277102932,ggws,u,52,23.6,63,NA,NA,NA,NA,NA,46,25,21
WAI,9/15/2016,rwbu,277102933,osdg,f,80,21.3,82,NA,NA,NA,NA,NA,50,24,26
WAI,9/15/2016,rwbu,277102934,osdo,u,79,18.5,77,NA,NA,NA,NA,NA,47.5,26,21.5
WAI,9/15/2016,jawe,281093975,rswo,u,41,16.1,58,NA,NA,NA,NA,NA,18,7,11
MOA,9/20/2016,rble,277102939,oyrs,u,52,21.4,68,NA,NA,NA,NA,NA,46,28,18
MOA,9/21/2016,rble,277102941,rdrs,u,53,23.3,69,NA,NA,NA,NA,NA,49,26.5,22.5
MOA,9/21/2016,rble,277102942,rors,m,58,23.8,69,NA,NA,NA,NA,NA,49,26,23
MOA,9/21/2016,rble,277102944,rwrs,u,58,22.2,68,NA,NA,NA,NA,NA,49,29,20
MOA,9/21/2016,rble,277102946,wdrs,u,56,23.8,62,NA,NA,NA,NA,NA,46,26,20
MOA,9/21/2016,rble,277102949,wrrs,m,52,25,66,NA,NA,NA,NA,NA,47,25,22
MOA,9/21/2016,jawe,281093979,gogs,m,40,18.4,55,NA,NA,NA,NA,NA,35,25,10
MOA,9/22/2016,rvbu,135288464,osdd,u,NA,23.1,93,21.7,10.5,6.3,5.9,10.6,67,28.5,38.5
MOA,9/22/2016,wrsh,265144460,ygrs,m,120,25.1,90,17.1,10.3,4.9,4.9,12.9,59,28.5,30.5
MOA,9/22/2016,wrsh,277102951,yors,f,121,23.9,88,16.4,9.7,5.1,4.7,11,52,27,25
MOA,9/22/2016,jawe,281093980,ooos,m,NA,16.9,58,NA,NA,NA,NA,NA,54.5,43,11.5
PAH,9/23/2016,rvbu,265144461,gdds,u,NA,23.4,92,19.4,10,6.2,5.9,13.8,64,25,39
PAH,9/23/2016,rble,277102953,oyys,u,NA,23.9,65,NA,NA,NA,NA,NA,49,26,23
PAH,9/23/2016,rble,277102954,wdys,u,NA,23.9,66,NA,NA,NA,NA,NA,48.5,25,23.5
EKA,9/25/2016,wrsh,265144462,wswo,m,126,25.4,91,19.9,14.6,5.3,5.2,9.5,55,25,30
EKA,9/25/2016,jawe,277019685,ddgs,u,43,17.2,59,NA,NA,NA,NA,NA,37,26,11
EKA,9/25/2016,jawe,277019686,dogs,u,40,16.5,57,NA,NA,NA,NA,NA,41,26,15
EKA,9/25/2016,jawe,281093981,dggs,u,42,17,59,NA,NA,NA,NA,NA,37,26,11
EKA,9/25/2016,jawe,281093982,dwgs,u,41,17.2,58,NA,NA,NA,NA,NA,36,25,11
WAI,9/29/2016,jawe,281003086,xxxq,u,NA,18,55,NA,NA,NA,NA,NA,37.5,26,11.5
MOA,10/1/2016,rvbu,265144463,osdg,u,82,22.5,94,19.7,10.2,6.1,5.5,12.8,59,28,31
MOA,10/1/2016,rble,277102958,wyrs,u,58,24.7,68,NA,NA,NA,NA,NA,45,23.5,21.5
EKA,10/5/2016,wrsh,265144465,wsyd,m,137,27.1,93,19.4,11.5,5.2,5.5,10,54,24,30
EKA,10/5/2016,wrsh,277102959,wswr,f,105,23.5,81,15.5,9.8,4.8,4.8,13.4,52,27,25
EKA,10/5/2016,rble,277102961,ygds,u,55,24.7,68,NA,NA,NA,NA,NA,46,24.5,21.5
EKA,10/5/2016,wrsh,277102963,wsww,m,90,23.8,NA,17.8,10.7,4.7,4.8,13.1,50,24,26
EKA,10/5/2016,jawe,281093991,drgs,u,42,17.7,59,NA,NA,NA,NA,NA,36,24.5,11.5
EKA,10/6/2016,rble,277102965,wwys,u,54,22.7,67,NA,NA,NA,NA,NA,46.5,24.5,22
EKA,10/6/2016,rble,277102966,ywds,u,55,23,65,NA,NA,NA,NA,NA,44.5,24,20.5
WAI,10/6/2016,jawe,278048325,dyrs,u,45,17.8,61,NA,NA,NA,NA,NA,38,26,12
WAI,10/6/2016,rble,278128541,dsgo,u,54,22.1,66,NA,NA,NA,NA,NA,49,26,23
EKA,10/6/2016,jawe,281092993,gdgs,u,41,16.8,56,NA,NA,NA,NA,NA,35,25,10
EKA,10/6/2016,jawe,281093994,gggs,m,43,17.6,58,NA,NA,NA,NA,NA,35,NA,NA
EKA,10/12/2016,rble,274144896,yyds,u,58,22.9,67,NA,NA,NA,NA,NA,48,26,22
EKA,10/12/2016,rwbu,274144900,odgs,u,80,19.5,82,NA,NA,NA,NA,NA,53,26,27
EKA,10/12/2016,jawe,277019855,gogs,u,42,17.5,59,NA,NA,NA,NA,NA,38,26,12
EKA,10/12/2016,rble,277103001,ddys,u,52,24.8,70,NA,NA,NA,NA,NA,51,27,24
PAH,10/17/2016,wrsh,274144897,dows,m,132,27,93,18.1,11.7,5.4,5.3,12.3,58,25,33
MOA,10/18/2016,rble,277103003,yors,u,49,22.5,63,NA,NA,NA,NA,NA,46,27,19
PAH,10/19/2016,rble,277103004,xxxq,u,52,24.3,65,NA,NA,NA,NA,NA,50.5,27,23.5
WAI,10/20/2016,rble,277103005,oows,u,56,23.3,69,13.1,8.2,5.3,4.8,10.5,47,26,21
EKA,10/26/2016,rble,277102971,wwds,u,NA,24.5,72,NA,NA,NA,NA,NA,55.5,33,22.5
EKA,10/26/2016,rble,277102972,dogs,u,NA,23.7,65,NA,NA,NA,NA,NA,52,30,22
EKA,10/26/2016,rble,277102973,ooos,u,55,23.3,67,NA,NA,NA,NA,NA,48.5,26.5,22
MOA,10/28/2016,wrsh,277102975,yrys,m,139,26.3,92,18.3,10.6,4.8,5.5,13,66,23.5,NA
MOA,10/28/2016,rble,277102976,xxxq,m,NA,NA,NA,NA,NA,NA,NA,NA,NA,NA,NA
MOA,10/28/2016,jawe,281094003,dsyr,u,44,16.3,60,NA,NA,NA,NA,NA,44,34,10
MOA,10/31/2016,wrsh,265130701,osyw,m,120,27.1,97,17.8,12.7,4.8,5.2,12.6,53,25,28
WAI,11/2/2016,rvbu,135288482,ddgs,u,84,23.1,88,NA,NA,NA,NA,NA,64,25,39
WAI,11/2/2016,jawe,235109489,gyos,u,43,16.7,58,NA,NA,NA,NA,NA,37,25,12
WAI,11/2/2016,wrsh,270129705,ydrs,m,129,26.6,90,NA,NA,NA,NA,NA,58,28,30
WAI,11/2/2016,wrsh,271029706,yors,m,135,26.9,91,19.4,11.3,5.6,5.2,13,60,26,34
WAI,11/2/2016,jawe,277019857,ggrs,u,43,17.1,57,NA,NA,NA,NA,NA,36,27,9
PAH,11/2/2016,wrsh,277102979,dwws,f,106,24.9,88.5,17.2,9.8,4.8,4.9,13.4,54,26,28
WAI,11/2/2016,wrsh,277103013,ygrs,f,105,25.3,81,17.1,10.9,4.7,4.9,12.7,53,27,26
WAI,11/2/2016,wrsh,277103014,wsdo,m,107,24,85,17.3,11.2,4.4,5.1,11.5,53,26,27
WAI,11/2/2016,rwbu,277103015,osdy,u,71,17.4,76,NA,NA,NA,NA,NA,52,27,25
WAI,11/2/2016,rble,277103018,oyws,u,56,24.7,66,NA,NA,NA,NA,NA,54,27,27
WAI,11/2/2016,jawe,278048330,odos,u,44,17.5,59,NA,NA,NA,NA,NA,38,27,11
WAI,11/2/2016,jawe,278048331,ooos,u,44,17.2,60,NA,NA,NA,NA,NA,33,27,6
WAI,11/2/2016,jawe,278048333,grrs,u,44,16.9,60,NA,NA,NA,NA,NA,37,25,12
WAI,11/2/2016,jawe,278048334,gwrs,u,41,17.4,57,NA,NA,NA,NA,NA,40,29,11
WAI,11/2/2016,jawe,278048335,gyrs,u,44,17.2,60,NA,NA,NA,NA,NA,40,26.5,13.5
WAI,11/2/2016,jawe,278048336,osdg,u,NA,NA,NA,NA,NA,NA,NA,NA,41,29,12
PAH,11/2/2016,jawe,281094012,ggws,u,40,17.3,57,NA,NA,NA,NA,NA,45,34,11
WAI,11/3/2016,wrsh,277103020,ywrs,m,139,25.6,90,NA,NA,NA,NA,NA,57,25,32
WAI,11/3/2016,rble,277103021,rwws,u,55,24.2,62,NA,NA,NA,NA,NA,49,25,24
WAI,11/3/2016,rble,277103022,wdws,u,56,24.4,65,NA,NA,NA,NA,NA,45,25,20
WAI,11/3/2016,rble,277103024,wows,u,64,24.3,68,NA,NA,NA,NA,NA,54,25,29
WAI,11/3/2016,jawe,278048341,rgrs,u,41,17.1,58,NA,NA,NA,NA,NA,38,29,9
WAI,11/3/2016,jawe,278048342,rors,u,46,17.9,60,NA,NA,NA,NA,NA,37,26,11
MOA,11/4/2016,rble,277102982,xxxs,u,62,23.8,72,NA,NA,NA,NA,NA,47,24,23
MOA,11/4/2016,rble,277102983,xxxs,u,55,24.2,67,NA,NA,NA,NA,NA,43,24,19
MOA,11/4/2016,rble,277102984,xxxs,u,58,24.6,69,NA,NA,NA,NA,NA,50,26,24
MOA,11/4/2016,jawe,281094815,xxxs,u,45,17,60,NA,NA,NA,NA,NA,39,28,11
WAI,11/7/2016,rble,277103037,wrws,u,54,23,66,NA,NA,NA,NA,NA,51,29,22
PAH,11/8/2016,wrsh,265144468,drws,m,122,27.2,91,20.3,11.2,5.6,5.2,13.5,58,25,33
PAH,11/8/2016,rble,277102987,gors,u,47,23.6,65,NA,NA,NA,NA,NA,46,25.5,20.5
PAH,11/8/2016,rble,277102989,ddrs,u,52,23.4,67,NA,NA,NA,NA,NA,47,25.5,21.5
PAH,11/8/2016,rble,277102990,dgrs,u,51,23,64,NA,NA,NA,NA,NA,44,24,20
MOA,11/10/2016,rble,277103038,yrrs,u,54,23.5,65,NA,NA,NA,NA,NA,48,27,21
PAH,11/15/2016,wrsh,277102991,owxs,f,112,25.2,85,18.6,12,5.1,5.4,10.8,54,24,30
WAI,11/17/2016,jawe,263155801,wdrs,u,46,17.8,63,NA,NA,NA,NA,NA,41,27,14
WAI,11/17/2016,rble,277103043,wwws,u,58,23.9,68,NA,NA,NA,NA,NA,41,17,24
WAI,11/17/2016,rble,277103045,ydws,u,55,22.6,68,NA,NA,NA,NA,NA,48,25,23
WAI,11/17/2016,rble,277103046,ddys,u,55,22.2,66,NA,NA,NA,NA,NA,34,27,7
PAH,11/18/2016,rble,277102047,oors,u,54,24.3,65,NA,NA,NA,NA,NA,47,25,22
MOA,11/19/2016,rble,NA,xxxx,u,NA,NA,NA,NA,NA,NA,NA,NA,50,29,21
PAH,11/22/2016,jawe,278048355,gdrs,u,NA,17.6,60,NA,NA,NA,NA,NA,38,25,13
PAH,11/22/2016,jawe,278048356,goos,u,45,17.4,60,NA,NA,NA,NA,NA,37,25,12
WAI,11/23/2016,rble,277102994,yrws,u,57,22.8,69,NA,NA,NA,NA,NA,52,32,20
WAI,11/23/2016,rble,277102996,yyws,u,57,24,68,NA,NA,NA,NA,NA,47,25,22
WAI,11/23/2016,rwbu,277102997,osgd,u,76,19.6,79,NA,NA,NA,NA,NA,51,27,24
PAH,11/25/2016,rble,277103049,gwrs,u,51,23.3,62,NA,NA,NA,NA,NA,58,33,25
PAH,11/25/2016,rble,277103050,rsgy,u,50,24,62,NA,NA,NA,NA,NA,48,26,22
PAH,11/25/2016,rble,277103051,rswd,u,55,22.4,67,NA,NA,NA,NA,NA,45,27,18
PAH,11/25/2016,rble,277103052,orrs,u,58,24.8,71,NA,NA,NA,NA,NA,52,28,24
EKA,11/27/2016,wrsh,270129707,wsyg,m,110,23.5,85,NA,NA,NA,NA,NA,54.5,26,28.5
MOA,11/29/2016,rble,277103054,yyrs,u,56,24.1,68,NA,NA,NA,NA,NA,49,25,24
MOA,11/29/2016,rble,277103058,dwws,u,58,24.3,68,NA,NA,NA,NA,NA,54,28,26
MOA,11/29/2016,rble,277103059,dyws,u,55,23.6,66,NA,NA,NA,NA,NA,48,27,21
PAH,11/30/2016,rble,277102998,xxxq,u,50,22.8,69,NA,NA,NA,NA,NA,48,24,24
WAI,12/1/2016,jawe,235109494,xxxs,u,42,17.5,57,NA,NA,NA,NA,NA,40,29,11
PAH,12/1/2016,wrsh,277102999,xxxq,u,92,24,84,NA,NA,NA,NA,NA,54,25,29
PAH,12/1/2016,rble,277103000,owrs,u,NA,23.3,65,NA,NA,NA,NA,NA,49,28,21
WAI,12/1/2016,wrsh,277103060,xxxs,m,120,29.1,88,NA,NA,NA,NA,NA,57,26,31
WAI,12/5/2016,rble,277103063,doys,u,55,22.9,68,NA,NA,NA,NA,NA,47,27,20
PAH,12/6/2016,rble,277103065,oyrs,u,52,24.2,65,NA,NA,NA,NA,NA,49,27,22
PAH,12/6/2016,rble,277103066,rdrs,u,54,24,64,NA,NA,NA,NA,NA,48,25,23
PAH,12/6/2016,rble,277103067,rgrs,u,54,23,63,NA,NA,NA,NA,NA,49,28,21
WAI,12/8/2016,rble,277103068,goys,u,62,24.7,72,NA,NA,NA,NA,NA,52,29,23
WAI,12/8/2016,rble,277103069,grys,u,55,24.6,67,NA,NA,NA,NA,NA,48,26,22
WAI,12/8/2016,rble,277103070,gwys,u,53,23.3,66,NA,NA,NA,NA,NA,67,46,21
WAI,12/8/2016,rble,277103073,ooos,u,55,22.5,61,NA,NA,NA,NA,NA,50,29,21
WAI,12/8/2016,jawe,278048370,osod,u,46,16.6,59,NA,NA,NA,NA,NA,45,35,10
MOA,12/15/2016,jawe,263135803,ogds,u,43,17.4,58,NA,NA,NA,NA,NA,38,27,11
MOA,12/15/2016,rble,277103078,gdws,u,55,23.9,68,NA,NA,NA,NA,NA,50,26,24
MOA,12/15/2016,rble,277103079,gows,u,62,24,72,NA,NA,NA,NA,NA,51,28,23
MOA,12/15/2016,rble,277103081,gwws,u,55,23.6,67,NA,NA,NA,NA,NA,48,26,22
MOA,12/15/2016,rble,277103082,gyws,u,55,23,67,NA,NA,NA,NA,NA,49,28,21
MOA,12/15/2016,rble,277103083,xxxq,u,60,24.3,67,NA,NA,NA,NA,NA,50,28,22
MOA,12/15/2016,rble,277103084,ogws,u,55,22,69,NA,NA,NA,NA,NA,49,25,24
MOA,12/15/2016,rble,277103086,oows,u,56,24.1,67,NA,NA,NA,NA,NA,52,27,25
MOA,12/15/2016,rble,277103087,orws,u,60,24.8,68,NA,NA,NA,NA,NA,52,27,25
MOA,12/15/2016,rble,277103088,owws,u,54,22.7,67,NA,NA,NA,NA,NA,48.5,NA,NA
MOA,12/15/2016,rble,277103089,rdws,u,55,24.6,67,NA,NA,NA,NA,NA,56,34,22
MOA,12/15/2016,rble,277103090,rgws,u,51,23.1,63,NA,NA,NA,NA,NA,50,27,23
MOA,12/15/2016,rble,277103091,rrws,u,57,22.3,69,NA,NA,NA,NA,NA,49,28,21
MOA,12/15/2016,rble,277103092,rwws,u,55,22.5,63,NA,NA,NA,NA,NA,60,36,24
MOA,12/15/2016,jawe,278048372,oods,u,44,17.3,60,NA,NA,NA,NA,NA,38,27.5,10.5
MOA,12/15/2016,jawe,278048373,ords,u,42,16.9,60,NA,NA,NA,NA,NA,38,26,12
MOA,12/15/2016,rble,NA,xxxx,u,NA,NA,NA,NA,NA,NA,NA,NA,50,26,24
WAI,12/21/2016,rwbu,270129709,osgg,u,79,20.8,79,NA,NA,NA,NA,NA,53,27,26
WAI,12/21/2016,wrsh,277103093,yyrs,f,105,22.4,82,17.2,10.8,5.3,5.1,13,52,26,26
WAI,12/21/2016,rwbu,277103095,osgo,u,79.5,20,79,NA,NA,NA,NA,NA,53,26,27
WAI,12/21/2016,jawe,278048376,oyos,u,44,17,59,NA,NA,NA,NA,NA,42.5,31,11.5
WAI,12/21/2016,jawe,278048377,rdos,u,44,16.8,61,NA,NA,NA,NA,NA,37.5,26,11.5
WAI,12/21/2016,jawe,278048378,rgos,u,43,16.7,59,NA,NA,NA,NA,NA,31.5,26,5.5
WAI,12/21/2016,jawe,278048379,roos,u,43,17.6,61,NA,NA,NA,NA,NA,39.5,27,12.5
WAI,12/21/2016,jawe,278048380,rros,u,44,17.7,60,NA,NA,NA,NA,NA,40,26,14
WAI,12/22/2016,jawe,278048382,ygrs,u,43,16.9,59,NA,NA,NA,NA,NA,39.5,27,12.5
MOA,12/27/2016,rble,277103098,ysdg,u,54,23.4,62,NA,NA,NA,NA,NA,47,25.5,21.5
EKA,12/29/2016,jawe,281094022,odgs,u,40,16.5,58,NA,NA,NA,NA,NA,38,27,11
PAH,1/3/2017,rble,277102806,rors,u,58,23.2,71.5,NA,NA,NA,NA,NA,52,27,25
EKA,1/7/2017,rble,277103009,ysgd,u,57,24.4,69,NA,NA,NA,NA,NA,51,26,25
EKA,1/7/2017,rble,277103100,ysgg,u,55,22.9,66,NA,NA,NA,NA,NA,55,31,24
EKA,1/7/2017,rble,277103101,ysgo,u,53,24.9,66,NA,NA,NA,NA,NA,52,27,25
PAH,1/10/2017,rble,277103102,rrrs,u,54,25.3,67,NA,NA,NA,NA,NA,49,27,22
EKA,1/11/2017,rble,277103103,ysor,u,55,25.2,68,NA,NA,NA,NA,NA,50,26,24
WAI,1/12/2017,rwbu,265144470,osgr,u,80,20,81,NA,NA,NA,NA,NA,56,27,29
WAI,1/12/2017,rble,277102809,oyos,u,57,23,69,NA,NA,NA,NA,NA,53,24,29
WAI,1/12/2017,rble,277102810,rgos,u,57,24.4,68,NA,NA,NA,NA,NA,47,26,21
WAI,1/12/2017,rble,277102811,gyos,u,56,23.1,65,NA,NA,NA,NA,NA,48,27,21
WAI,1/12/2017,wrsh,277102812,wsdw,m,158,26.4,94,NA,NA,NA,NA,NA,61,26,35
WAI,1/12/2017,rble,277102813,osyd,u,55,24.6,61,NA,NA,NA,NA,NA,50,27,23
WAI,1/12/2017,rble,277102814,ddgs,u,52,22.2,63,NA,NA,NA,NA,NA,48,27,21
WAI,1/12/2017,rble,277102815,dggs,u,55,23.1,69,NA,NA,NA,NA,NA,55,27,28
MOA,1/14/2017,rble,277103104,oyws,u,54,24,67,NA,NA,NA,NA,NA,47,26,21
MOA,1/14/2017,rble,277103105,rows,u,58,24.6,68,NA,NA,NA,NA,NA,53,30,23
WAI,1/16/2017,rwbu,277102816,osgw,u,87,19,84,NA,NA,NA,NA,NA,56,27.5,28.5
PAH,1/17/2017,rwbu,265144472,drrs,u,76,19.5,78,NA,NA,NA,NA,NA,54,26,28
PAH,1/17/2017,rwbu,265144473,dwrs,u,78,19,80,NA,NA,NA,NA,NA,61,32,29
PAH,1/17/2017,rwbu,277102817,dors,u,85,18.5,83,NA,NA,NA,NA,NA,56,26,30
MOA,1/24/2017,rvbu,137220721,osdo,u,92.5,21.4,91,NA,9.1,6.3,5.2,13.1,64,NA,NA
MOA,1/24/2017,rble,277103109,ysdo,u,57,22.7,69,NA,NA,NA,NA,NA,30,25,5
MOA,1/24/2017,rble,277103111,ysdw,u,52,23.3,63,NA,NA,NA,NA,NA,46,26,20
MOA,1/28/2017,wrsh,277103114,rsdw,m,129,27.9,88,NA,NA,NA,NA,NA,60,27,33
MOA,1/28/2017,rble,277103115,ysdy,u,54,24.3,65,13.5,7,4.5,4.9,10.2,44,22,22
MOA,1/28/2017,rble,277103116,ysgd,u,54,23.9,64,NA,NA,NA,NA,NA,44,24,20
MOA,1/28/2017,jawe,281094032,rdds,m,43,17.4,69,NA,NA,NA,NA,NA,50,39,11
MOA,1/28/2017,jawe,281094033,oyds,m,45,16.6,58,NA,NA,NA,NA,NA,42,30,12
MOA,1/28/2017,jawe,281094034,rgds,m,44,16.45,58,NA,NA,NA,NA,NA,33,23,10
MOA,1/28/2017,jawe,281094035,wods,m,43,16.8,59,NA,NA,NA,NA,NA,35,23,12
MOA,1/28/2017,jawe,281094036,wrds,m,42,17.2,58,NA,NA,NA,NA,NA,34,23,11
MOA,1/28/2017,jawe,281094037,wwds,u,43,17.3,59,NA,NA,NA,NA,NA,39,22,17
PAH,1/31/2017,jawe,NA,xxxx,u,NA,NA,NA,NA,NA,NA,NA,NA,39,26,13
WAI,2/2/2017,jawe,278048389,ywrs,u,42,18,57.5,NA,NA,NA,NA,NA,38,25,13
EKA,2/7/2017,jawe,277096507,oogs,u,43,17.6,60,12.2,7.8,4.5,3.4,7.2,37,26,11
EKA,2/7/2017,rwbu,277102821,oggs,u,78,19.4,76,NA,NA,NA,NA,NA,52,27,25
WAI,2/9/2017,rvbu,270129711,dggs,u,96,22.6,102,20.9,NA,5.9,5.9,12.3,64.5,24,40.5
WAI,2/9/2017,jawe,277019879,osdw,u,41,17.65,60,NA,NA,NA,NA,NA,38,27,11
WAI,2/9/2017,rwbu,277103126,ddds,u,71,20,76,16.4,9,5.1,4.6,10,51,27,24
WAI,2/9/2017,rwbu,277103127,osod,u,77,18.4,78,NA,NA,NA,NA,NA,58,31,27
WAI,2/9/2017,rble,277103128,osyg,u,53,24.2,65,NA,NA,NA,NA,NA,49,26,23
MOA,2/9/2017,jawe,278048598,wyds,u,41,17.8,57,NA,NA,NA,NA,NA,36,26,10
WAI,2/9/2017,jawe,281094039,osdy,u,41,18.3,59,NA,NA,NA,NA,NA,37,25,12
WAI,2/9/2017,jawe,281094038,dros,u,41,18.1,57,NA,NA,NA,NA,NA,44,31.5,12.5
WAI,2/9/2017,jawe,281094040,osgd,u,42,16.5,57,NA,NA,NA,NA,NA,43,32,11
PAH,2/10/2017,rwbu,277103129,gdrs,u,79,19.2,79,NA,NA,NA,NA,NA,60,33,27
PAH,2/10/2017,rwbu,277103130,ggrs,u,78,18.7,80,NA,NA,NA,NA,NA,54,27,27
PAH,2/10/2017,rwbu,277103131,gors,u,79,19.6,82,NA,NA,NA,NA,NA,54,27,27
PAH,2/10/2017,rwbu,277103132,grrs,u,79,19.7,77,NA,NA,NA,NA,NA,60,30,30
PAH,2/10/2017,jawe,281094041,grrs,u,42,NA,60,NA,NA,NA,NA,NA,39,27,12
EKA,2/12/2017,jawe,277096509,orgs,u,43,18.5,59,NA,NA,NA,NA,NA,37,26,11
EKA,2/12/2017,wrsh,277102823,wgws,m,111,22.6,86,NA,NA,NA,NA,NA,52,27,25
EKA,2/12/2017,rble,277102824,xxxs,u,NA,NA,NA,NA,NA,NA,NA,NA,48,26,22
EKA,2/12/2017,rble,277102825,wsdg,u,56,22.9,68,12,8.2,5.1,5.2,9.1,48.5,25.5,23
WAI,2/13/2017,rble,277102826,ddos,u,57,NA,67,NA,NA,NA,NA,NA,54,31,23
WAI,2/13/2017,rwbu,277102827,osgy,u,83,21.1,84,NA,NA,NA,NA,NA,53,26.5,26.5
PAH,2/14/2017,rble,277102828,ryrs,u,55,23.5,65,NA,NA,NA,NA,NA,48,25,23
PAH,2/14/2017,rble,277102829,wwrs,u,54,24,67,NA,NA,NA,NA,NA,58,35,23
MOA,2/15/2017,rwbu,265144475,dswy,u,82,19.9,79,NA,NA,NA,NA,NA,54,28,26
MOA,2/15/2017,rwbu,265144476,ddds,u,84,20.4,82,NA,NA,NA,NA,NA,55,30,25
MOA,2/15/2017,rwbu,265144477,ggds,u,78,20.4,79,NA,NA,NA,NA,NA,56.5,27,29.5
MOA,2/15/2017,wrsh,277102830,rsdy,u,110,26.1,86,NA,NA,NA,NA,NA,52,26,26
MOA,2/15/2017,rwbu,277102831,dsww,u,74,21.1,76,15.5,8.6,5.4,4.5,11,52,27.5,24.5
WAI,2/16/2017,jawe,278048393,osog,u,42,17.6,60,NA,NA,NA,NA,NA,39,26,13
WAI,2/16/2017,jawe,278048394,osoo,u,43,16.7,57,NA,NA,NA,NA,NA,42.5,31.5,11
PAH,2/17/2017,jawe,278048395,grys,u,41,17.4,58,NA,NA,NA,NA,NA,37,25,12
WAI,2/20/2017,rble,277102834,dgos,u,58,24.5,70.5,NA,NA,NA,NA,NA,45,23,22
WAI,2/20/2017,rwbu,277102835,osog,u,74,20.4,79,NA,NA,NA,NA,NA,53,24,29
WAI,2/20/2017,jawe,278048397,osor,u,46,17,60,NA,NA,NA,NA,NA,35.5,24,11.5
MOA,2/23/2017,jawe,277096511,ygds,u,42,17.7,59,NA,NA,NA,NA,NA,37,25,12
MOA,2/23/2017,jawe,277096512,yods,u,40,16.6,57,NA,NA,NA,NA,NA,36,24,12
MOA,2/23/2017,jawe,277096513,yrds,u,42,17.55,58,NA,NA,NA,NA,NA,40,29,11
MOA,2/23/2017,rble,277102843,ysgo,u,52,24.2,62,NA,NA,NA,NA,NA,47,25,22
MOA,2/23/2017,rble,277102844,wows,u,52,23.5,65,NA,NA,NA,NA,NA,47,24,23
MOA,2/23/2017,rble,277102845,ysgr,u,54,20.9,65,NA,NA,NA,NA,NA,44,24,20
MOA,2/23/2017,rble,277102846,wrws,u,56,24.4,65,NA,NA,NA,NA,NA,47,24,23
MOA,2/23/2017,rble,277102842,wgws,u,57,22.3,68,NA,NA,NA,NA,NA,51,29,22
WAI,2/23/2017,rble,277103137,ysdd,u,59,24.6,66.5,NA,NA,NA,NA,NA,49.5,26,23.5
WAI,2/23/2017,rwbu,277103138,osrd,u,78,20.8,83,NA,NA,NA,NA,NA,49.5,26,23.5
WAI,2/23/2017,rwbu,277103139,osrg,u,75,19.8,78,NA,NA,NA,NA,NA,57,25,32
WAI,2/23/2017,rwbu,277103140,gyys,u,71,19.5,77,NA,NA,NA,NA,NA,58.5,32,26.5
WAI,2/23/2017,rwbu,277103141,wyys,u,80,20.1,79,NA,NA,NA,NA,NA,59.5,32,27.5
WAI,2/23/2017,jawe,281094045,gwds,u,38.5,17,59,NA,NA,NA,NA,NA,NA,NA,NA
WAI,2/23/2017,jawe,281094046,gyds,u,41,17.6,61,NA,NA,NA,NA,NA,37,25,12
WAI,2/23/2017,jawe,281094047,ysng,u,41,15.5,58,NA,NA,NA,NA,NA,33,26,7
WAI,2/23/2017,jawe,281094048,ysno,u,42,17.2,61,NA,NA,NA,NA,NA,44,29,15
MOA,2/23/2017,jawe,281094101,ydds,u,41,16.9,58,NA,NA,NA,NA,NA,36,26,10
WAI,2/27/2017,jawe,263131200,woys,u,42,17.2,57,NA,NA,NA,NA,NA,35,25,10
WAI,2/27/2017,jawe,263131204,wsoo,u,43,17.4,59,NA,NA,NA,NA,NA,37,25,12
WAI,2/27/2017,rwbu,265144480,osoo,u,74,21.1,77,NA,NA,NA,NA,NA,51,26,25
WAI,2/27/2017,rwbu,265144481,osor,u,81,21,82,NA,NA,NA,NA,NA,51,24,27
WAI,2/27/2017,rwbu,265144499,osrw,u,83,21.2,82,NA,NA,NA,NA,NA,52,26,26
WAI,2/27/2017,rble,277102847,ogys,u,55,25.6,68.5,NA,NA,NA,NA,NA,42,21,21
WAI,2/27/2017,rwbu,277102848,osry,u,80,19.9,80,NA,NA,NA,NA,NA,57,30,27
WAI,2/27/2017,jawe,281094102,osro,u,44,17.9,60,NA,NA,NA,NA,NA,43,31,12
WAI,2/27/2017,jawe,281094104,osrg,u,40,17.8,59,NA,NA,NA,NA,NA,37,27,10
WAI,2/27/2017,jawe,281094106,wsrg,u,41,18.5,58,NA,NA,NA,NA,NA,37.5,25.5,12
WAI,2/27/2017,jawe,281094107,wsog,u,40.5,17.5,56,NA,NA,NA,NA,NA,35,24,11
WAI,2/27/2017,jawe,281094109,wsrw,u,46,17.5,59,NA,NA,NA,NA,NA,36,25,11
PAH,2/28/2017,rble,277102849,ygrs,u,53,23.6,66,NA,NA,NA,NA,NA,50.5,26,24.5
EKA,3/20/2017,rble,277102862,oygs,u,52,23.9,62,NA,NA,NA,NA,NA,45,24,21
WAI,3/20/2017,rble,277103155,roos,u,50,24.5,66,NA,NA,NA,NA,NA,49,27,22
WAI,3/20/2017,rwbu,277103156,osoy,u,83,19.3,81.5,NA,NA,NA,NA,NA,58,26,32
WAI,3/20/2017,rwbu,277103157,oswg,u,NA,19,79.5,NA,NA,NA,NA,NA,56,27,29
WAI,3/20/2017,jawe,281094053,osry,u,43,17.8,60,NA,NA,NA,NA,NA,41,29,12
WAI,3/20/2017,jawe,281094054,roys,u,39,18,59,NA,NA,NA,NA,NA,38,26.5,11.5
PAH,3/21/2017,rble,277102863,rsww,u,56,23.9,67,NA,NA,NA,NA,NA,51.5,29,22.5
WAI,3/23/2017,rble,277103158,yyys,u,51,24.7,64,13.2,7.3,5,5,NA,46.5,26,20.5
WAI,3/23/2017,rble,277103159,rwos,u,55,24.8,66,NA,NA,NA,NA,NA,46,25,21
WAI,3/23/2017,rwbu,277103160,osro,u,85,20.5,85,NA,NA,NA,NA,NA,55.5,27,28.5
WAI,3/23/2017,jawe,281094055,ryos,u,41,18.3,59,12.2,NA,NA,NA,NA,38.5,28,10.5
WAI,3/23/2017,jawe,281094056,wgos,u,40,18.2,59,NA,NA,NA,NA,NA,39,26.5,12.5
PAH,3/24/2017,rble,277102867,yrrs,u,53,24,63,NA,NA,NA,NA,NA,49,24,25
PAH,3/24/2017,rble,277102868,ywrs,u,55,23.5,65,NA,NA,NA,NA,NA,45.5,24.5,21
PAH,3/24/2017,rble,277102869,rswy,u,57,24.2,70,NA,NA,NA,NA,NA,48.5,24.5,24
PAH,3/24/2017,rble,277102870,rsyo,u,57,22,60,NA,NA,NA,NA,NA,47,NA,NA
PAH,3/24/2017,rble,277102899,yyrs,u,56,23,69,NA,NA,NA,NA,NA,48,NA,NA
WAI,3/29/2017,rble,277103161,ryos,u,52,23.1,NA,NA,NA,NA,NA,NA,41,25,16
PAH,3/31/2017,wrsh,265144483,gods,u,116,25.6,89,NA,NA,NA,NA,NA,56,26,30
PAH,3/31/2017,rble,277102898,wsww,u,54,24.3,72,NA,NA,NA,NA,NA,47,25,22
PAH,3/31/2017,jawe,281094120,ooys,m,43,18,61,NA,NA,NA,NA,NA,37.5,26,11.5
PAH,3/31/2017,jawe,281094121,owws,m,40,17.8,57,NA,NA,NA,NA,NA,37,26,11
WAI,4/3/2017,wrsh,265144484,wsor,m,121,27.1,89,NA,NA,NA,NA,NA,70,31,39
WAI,4/3/2017,rwbu,277102897,oowo,u,84,20.1,83,NA,NA,NA,NA,NA,54,30,24
MOA,4/7/2017,rble,277102874,ygws,u,54,23.4,63,NA,NA,NA,NA,NA,44,24,20
WAI,4/10/2017,rble,277103162,oyos,u,56,23.2,69,NA,NA,NA,NA,NA,48.5,27,21.5
WAI,4/10/2017,rble,277103163,gdos,u,55,24.6,68.5,NA,NA,NA,NA,NA,50.5,27,23.5
WAI,4/10/2017,rble,277103164,ggos,u,51,23.8,64,NA,NA,NA,NA,NA,40,18.5,21.5
PAH,4/11/2017,rble,277102877,rrys,u,55,23.8,67,NA,NA,NA,NA,NA,46,26,20
PAH,4/11/2017,wrsh,277102878,gows,f,104,23,86,NA,NA,NA,NA,NA,57.5,26,31.5
PAH,4/11/2017,rble,277102879,woys,u,54,23.2,65,NA,NA,NA,NA,NA,47.5,27,20.5
PAH,4/11/2017,rble,277102880,wrys,m,54,23.6,66,NA,NA,NA,NA,NA,53.5,32,21.5
PAH,4/11/2017,rwbu,277102881,ogrs,u,73,19.8,76,NA,NA,NA,NA,NA,50,26.5,23.5
PAH,4/11/2017,rwbu,277102893,oors,u,78,19.1,80.5,NA,NA,NA,NA,NA,48,26,22
PAH,4/11/2017,rble,277102894,wgys,u,54,23.7,70,NA,NA,NA,NA,NA,51,26.5,24.5
PAH,4/11/2017,wrsh,277102895,ggws,f,114,24,86,NA,NA,NA,NA,NA,62,33,29
PAH,4/11/2017,rble,277102896,rwys,u,52,24.8,63,NA,NA,NA,NA,NA,48.5,24,24.5
PAH,4/11/2017,jawe,281094122,gyrs,u,39,17.5,58,NA,NA,NA,NA,NA,36.5,27,9.5
WAI,4/13/2017,jawe,263131209,wdos,m,41,15.9,57,NA,NA,NA,NA,NA,35,26,9
WAI,4/13/2017,jawe,263131210,woos,u,42,18.4,58,NA,NA,NA,NA,NA,36,26,10
WAI,4/13/2017,jawe,263131211,wyos,u,42,17.4,56,NA,NA,NA,NA,NA,43,32,11
WAI,4/13/2017,rvbu,265144485,drgs,u,88,23.5,95,NA,9.9,6.1,6,NA,58,23,35
WAI,4/13/2017,jawe,281094123,wwos,u,42,17.3,58,NA,NA,NA,NA,NA,36,NA,NA
MOA,4/14/2017,wrsh,270129717,rsgd,m,136,26.6,88,NA,NA,NA,NA,NA,62,26,36
MOA,4/14/2017,rble,271102166,ysog,u,55,23.6,65,NA,NA,NA,NA,NA,54,31,23
MOA,4/14/2017,wrsh,277103167,rsgg,m,127,26.2,91,NA,NA,NA,NA,NA,56,26,30
PAH,4/18/2017,rble,277103168,wwys,u,53,22.4,65.5,NA,NA,NA,NA,NA,47,26.5,20.5
PAH,4/18/2017,jawe,281094057,ogws,u,41,17.7,NA,NA,NA,NA,NA,NA,29.5,18.5,11
MOA,4/26/2017,wrsh,265144486,xxxq,f,99,24.3,85,NA,NA,NA,NA,NA,62,27,35
MOA,4/26/2017,rble,277102889,ysoo,u,NA,NA,NA,NA,NA,NA,NA,NA,46.5,26,20.5
PAH,5/2/2017,rble,247172101,wyys,u,52,23.7,66,NA,NA,NA,NA,NA,45.5,24.5,21
PAH,5/2/2017,rble,247172102,yrys,u,53,22.8,65,NA,NA,NA,NA,NA,46.5,25,21.5
PAH,5/2/2017,rble,277102888,ygys,u,58,25.4,68,NA,NA,NA,NA,NA,46,25.5,20.5
PAH,5/2/2017,rble,277102900,yoys,u,54,24.5,66,NA,NA,NA,NA,NA,46,25.5,20.5
PAH,5/2/2017,jawe,281094125,gyys,u,42,18.2,57,NA,NA,NA,NA,NA,45,35,10
WAI,5/4/2017,rble,247172103,wwys,u,55,23.1,68,NA,NA,NA,NA,NA,47.5,40,7.5
WAI,5/4/2017,wrsh,247172104,xxxq,f,112,24.2,90,NA,NA,NA,NA,NA,56,26.5,29.5
WAI,5/4/2017,rble,247172105,wyys,u,55,23.6,65,NA,NA,NA,NA,NA,50,31,19
WAI,5/4/2017,rble,247172106,ygys,u,57,23.4,68,NA,NA,NA,NA,NA,47,30,17
WAI,5/4/2017,rble,247172107,yrys,u,55,21.6,69,NA,NA,NA,NA,NA,52.5,30.5,22
WAI,5/4/2017,jawe,277096516,ygos,m,40,17.5,56,NA,NA,NA,NA,NA,37,26.5,10.5
WAI,5/4/2017,wrsh,277103171,wsgo,f,100,23.2,85,16.8,10.6,4.4,5,12.5,57,29,28
PAH,5/5/2017,rble,247172109,grxs,u,52,25,63,NA,NA,NA,NA,NA,47.5,24,23.5
PAH,5/5/2017,rble,247172112,rgxs,u,58,23.7,69,NA,NA,NA,NA,NA,44,24,20
PAH,5/5/2017,wrsh,265144487,grws,m,125,25.1,91,NA,NA,NA,NA,NA,64,29.5,34.5
PAH,5/5/2017,jawe,281094126,obos,u,40,18,59,NA,NA,NA,NA,NA,36.5,26.5,10
PAH,5/5/2017,jawe,281094128,rgys,u,41,17.5,59,NA,NA,NA,NA,NA,38.5,29,9.5
PAH,5/5/2017,jawe,281094129,ogos,u,45,17.1,57,NA,NA,NA,NA,NA,40.5,31,9.5
PAH,5/5/2017,jawe,281094131,ogys,u,45,18.7,56,NA,NA,NA,NA,NA,35,25,10
PAH,5/5/2017,jawe,281094132,oors,u,40,18,56,NA,NA,NA,NA,NA,36,23.5,12.5
PAH,5/5/2017,jawe,281094135,orrs,u,42,17.9,59,NA,NA,NA,NA,NA,35,25,10
MOA,5/7/2017,rble,247172114,yswg,NA,57,24.6,68,NA,NA,NA,NA,NA,44,NA,NA
MOA,5/7/2017,rble,247172115,yswr,NA,57,24.2,65,NA,NA,NA,NA,NA,46,24,22
MOA,5/7/2017,jawe,281094136,gsgg,NA,40,17.5,60,NA,NA,NA,NA,NA,38,26,12
PAH,5/9/2017,rwbu,247172116,ryrs,u,76,20.9,75,NA,NA,NA,NA,NA,50.5,25,25.5
PAH,5/9/2017,rvbu,250157709,gwds,u,90,25.3,95,19.8,10.9,5.7,5.9,14,70,26,44
PAH,5/9/2017,rvbu,265144488,gods,u,99,25.1,98,21.8,NA,6,5.8,13.6,66.5,32,34.5
PAH,5/9/2017,jawe,281094137,roos,u,40,17.2,57,NA,NA,NA,NA,NA,35,25.5,9.5
WAI,5/10/2017,rble,247172117,rsrg,u,54,24.1,66,NA,NA,NA,NA,NA,46.5,25,21.5
WAI,5/10/2017,jawe,281094138,osww,u,39,17.6,59,NA,NA,NA,NA,NA,36,25.5,10.5
PAH,5/16/2017,rwbu,247172118,wgrs,u,74,19.6,78,NA,NA,NA,NA,NA,49.5,23.5,26
PAH,5/16/2017,rble,247172119,gyxs,u,52,24.2,67,NA,NA,NA,NA,NA,47,23,24
PAH,5/16/2017,rvbu,265144489,obbs,u,88,23.5,94,NA,NA,NA,NA,NA,61.5,24.5,37
PAH,5/16/2017,jawe,281094139,oyrs,u,41,17.5,57,NA,NA,NA,NA,NA,34.5,24.5,10
WAI,5/18/2017,rble,247172120,yswr,u,55,24.8,65,NA,NA,NA,NA,NA,46,25,21
WAI,5/18/2017,jawe,281094140,ysyr,u,41,17.9,58,NA,NA,NA,NA,NA,35,26,9
MOA,5/28/2017,rble,277103179,ysrr,m,55,24.7,67,NA,NA,NA,NA,NA,48,24,24
MOA,5/28/2017,rble,277103180,ysrw,u,55,22.3,67,NA,NA,NA,NA,NA,45,27,18
PAH,5/30/2017,rble,247172121,wws,u,53,23,65,NA,NA,NA,NA,NA,52,31,21
PAH,5/30/2017,jawe,281094141,rgos,u,41,18,57,NA,NA,NA,NA,NA,35.5,25,10.5
WAI,6/1/2017,rble,247172122,woos,u,57,23.7,69,NA,NA,NA,NA,NA,46.5,31,15.5
WAI,6/1/2017,rble,263131215,wgos,u,55,23.2,67,NA,NA,NA,NA,NA,44.5,25.5,19
WAI,6/1/2017,jawe,281094142,wsgr,u,42,17.7,59,NA,NA,NA,NA,NA,42,32.5,9.5
WAI,6/1/2017,jawe,281094143,wsor,u,40,17.9,54,NA,NA,NA,NA,NA,36,25,11
WAI,6/1/2017,jawe,281094145,wswr,u,43,18.1,60,NA,NA,NA,NA,NA,35.5,NA,NA
WAI,6/1/2017,jawe,281094146,wswy,u,38,17.2,58,NA,NA,NA,NA,NA,36,24.5,11.5
WAI,6/1/2017,jawe,281094147,wsyg,u,41,17.5,60,NA,NA,NA,NA,NA,37.5,26,11.5
WAI,6/1/2017,jawe,281094148,wsyo,u,43,17.4,58,NA,NA,NA,NA,NA,36.5,26,10.5
WAI,6/1/2017,jawe,281094149,wsyw,m,40,16.9,60,NA,NA,NA,NA,NA,35,26,9
WAI,6/1/2017,jawe,281094944,wswo,m,42,17.1,59,NA,NA,NA,NA,NA,35,23.5,11.5
EKA,6/2/2017,wrsh,247172123,wsyo,f,104,24.3,83,NA,NA,NA,NA,NA,48.5,24.5,24
EKA,6/2/2017,rble,265144490,ysrg,u,NA,25.2,68,NA,NA,NA,NA,NA,50,26,24
MOA,6/2/2017,rwbu,277103184,xxxs,f,81,19.7,79,NA,NA,NA,NA,NA,52,25,27
MOA,6/2/2017,rwbu,277103186,xxxs,u,82,19.8,63,16.1,9.7,5.9,4.8,11.4,54,26,28
MOA,6/2/2017,rble,277103187,xxxs,f,57,23.5,68,NA,NA,NA,NA,NA,47,28,19
MOA,6/2/2017,jawe,281094065,gsgw,m,41,17.5,58,NA,NA,NA,NA,NA,41,31,10
MOA,6/2/2017,jawe,281094066,gsgy,f,41,17.6,57,NA,NA,NA,NA,NA,38,26,12
EKA,6/2/2017,jawe,281094150,rggs,u,37,18.1,56,NA,NA,NA,NA,NA,40,31,9
MOA,6/2/2017,jawe,281894064,gsgr,u,39,17.1,59,NA,NA,NA,NA,NA,34,24,10
PAH,6/13/2017,rble,247172124,ggxs,NA,53,23.7,66,NA,NA,NA,NA,NA,45,26,19
PAH,6/13/2017,rble,247172125,yrxs,u,56,24.6,67,NA,NA,NA,NA,NA,50,27,23
PAH,6/13/2017,rble,247172126,gwxs,u,56,23.6,65,NA,NA,NA,NA,NA,45,25,20
MOA,6/16/2017,wrsh,270129719,rsgo,m,126,24,92,18.6,12,5.2,5.4,13.3,60,28.5,31.5
MOA,6/16/2017,rble,277103190,yrws,u,55,23.6,67,NA,NA,NA,NA,NA,40,18,22
MOA,6/16/2017,jawe,281094068,gsrg,u,40,17.5,56,NA,NA,NA,NA,NA,37,27,10
MOA,6/18/2017,rble,247172129,ysor,f,55,23.7,66,NA,NA,NA,NA,NA,47,27,20
MOA,6/18/2017,rwbu,247172130,xxxs,u,77,19.6,79,17.9,9.8,5.9,4.9,12.9,54,26.5,27.5
MOA,6/18/2017,rble,247172131,ooys,u,56,23.3,65,NA,NA,NA,NA,NA,43,22.5,20.5
MOA,6/18/2017,wrsh,265144493,rsgr,f,103,24.1,86,NA,NA,NA,NA,NA,55.5,29.5,26
MOA,6/18/2017,rwbu,265744492,xxxs,f,NA,NA,NA,NA,NA,NA,NA,NA,NA,NA,NA
WAI,6/21/2017,rble,247172133,xxxs,u,54,23.1,64,NA,NA,NA,NA,NA,46,29.5,16.5
WAI,6/21/2017,rwbu,247172134,xxxs,u,78,18.6,82,NA,NA,NA,NA,NA,53,27,26
WAI,6/21/2017,rwbu,265144494,xxxs,u,78,18.7,78,NA,NA,NA,NA,NA,51,24,27
WAI,6/21/2017,rvbu,265144495,xxxs,u,87,22.6,93,NA,NA,NA,NA,NA,63,26.5,36.5
WAI,6/21/2017,jawe,281094158,xxxs,m,43,17.8,58,NA,NA,NA,NA,NA,38,26.5,11.5
WAI,6/21/2017,jawe,281094159,xxxs,u,42,17.6,58,NA,NA,NA,NA,NA,37,26,11
WAI,6/22/2017,rwbu,247172137,xxxs,u,77,19.7,80,NA,NA,NA,NA,NA,52.5,25.5,27
WAI,6/22/2017,rble,247172138,xxxs,u,55,24.2,67,NA,NA,NA,NA,NA,45.5,24,21.5
WAI,6/22/2017,jawe,281094162,xxxs,u,42,18.3,58,NA,NA,NA,NA,NA,34,26,8
WAI,6/29/2017,rble,247172136,xxxs,u,54,24.4,65,NA,NA,NA,NA,NA,47.5,26,21.5
WAI,6/29/2017,rble,247172139,xxxs,u,57,25.1,67,NA,NA,NA,NA,NA,51,29.5,21.5
WAI,6/29/2017,rble,247172140,xxxs,u,54,22.4,63,NA,NA,NA,NA,NA,49,26,23
WAI,6/29/2017,rwbu,247172141,xsxx,u,81,19.9,79,NA,NA,NA,NA,NA,55,26.5,28.5
WAI,6/29/2017,rble,247172142,xsxx,u,56,23.1,65,NA,NA,NA,NA,NA,43,26,17
WAI,6/29/2017,rwbu,265144496,xxxs,u,88,21.5,86,NA,NA,NA,NA,NA,55.5,25.5,30
PAH,6/30/2017,rble,247172143,xxxs,u,54,22.7,65,NA,NA,NA,NA,NA,39,17,22
PAH,6/30/2017,rble,247172144,xxxs,u,55,22.6,64,NA,NA,NA,NA,NA,40,18,22
PAH,6/30/2017,rble,247172145,xxxs,u,54,24.6,63,NA,NA,NA,NA,NA,47,25.5,21.5
PAH,6/30/2017,rble,247172146,xxxs,u,54,24.8,66,NA,NA,NA,NA,NA,45,25,20
PAH,6/30/2017,rble,277103124,wors,u,55,24.1,67,NA,NA,NA,NA,NA,49,27,22
MOA,6/30/2017,rble,277103198,xxxs,u,68,23.5,54,NA,NA,NA,NA,NA,46.5,26,20.5
MOA,6/30/2017,jawe,281094085,xxxs,u,41,17.6,60,NA,NA,NA,NA,NA,39,27,12
MOA,6/30/2017,jawe,281094086,xxxs,u,40.5,17.7,56,NA,NA,NA,NA,NA,40,27,13
MOA,6/30/2017,jawe,281094087,xxxs,u,NA,16.7,55,NA,NA,NA,NA,NA,41.5,32,9.5
MOA,6/30/2017,jawe,281094088,xxxs,u,41,18,58,NA,NA,NA,NA,NA,36.5,26,10.5
PAH,6/30/2017,jawe,281094164,xxxs,u,37,17.7,54,NA,NA,NA,NA,NA,37,27,10
PAH,6/30/2017,jawe,rsyr,rsyr,u,41,18,58,NA,NA,NA,NA,NA,35,24,11
MOA,7/2/2017,rble,247172149,xxxs,m,59,24.4,70,NA,NA,NA,NA,NA,46,26,20
MOA,7/2/2017,jawe,281094165,xxxs,u,41,17.7,59,NA,NA,NA,NA,NA,37,26.5,10.5
MOA,7/2/2017,jawe,281094166,xxxs,m,43,17.8,59,NA,NA,NA,NA,NA,36,25,11
WAI,7/6/2017,rble,247172152,NA,u,54,23,63,NA,NA,NA,NA,NA,44,25,19
WAI,7/6/2017,wrsh,247172153,NA,m,157,26.4,94,NA,NA,NA,NA,NA,59,26,33
WAI,7/6/2017,jawe,281094167,NA,u,42,17.9,58,NA,NA,NA,NA,NA,36,26,10
WAI,7/6/2017,rble,NA,NA,f,NA,NA,NA,NA,NA,NA,NA,NA,48,25,23
PAH,7/11/2017,rble,247172154,xxxs,f,55,24.6,67,NA,NA,NA,NA,NA,48.5,26.5,22
PAH,7/11/2017,rble,247172155,xxxs,u,60,24.6,69,NA,NA,NA,NA,NA,47,26,21
MOA,7/14/2017,wrsh,247171902,xxxs,m,144,25.9,97,NA,NA,NA,NA,NA,39,8,31
MOA,7/14/2017,rble,247171903,xxxs,u,60,25,70,NA,NA,NA,NA,NA,42,26,16
MOA,7/14/2017,rble,247171904,xxxs,u,55,25,67,NA,NA,NA,NA,NA,50,28,22
MOA,7/14/2017,rwbu,247171905,xxxs,u,NA,NA,NA,NA,NA,NA,NA,NA,54,27,27
MOA,7/14/2017,rble,247171906,xxxs,u,59,24,66,NA,NA,NA,NA,NA,43,24,19
MOA,7/14/2017,rwbu,247171907,xxxs,u,80,NA,80,NA,NA,NA,NA,NA,56,27,29
MOA,7/14/2017,rwbu,270129723,xxxs,u,70,21.3,81,NA,NA,NA,NA,NA,53,25,28
MOA,7/14/2017,jawe,278048439,xxxs,u,42,17.3,59,NA,NA,NA,NA,NA,37.2,26,11.2
MOA,7/16/2017,rble,247172156,xxxs,u,55.5,23.7,65,NA,NA,NA,NA,NA,47,25,22
MOA,7/16/2017,jawe,281094168,xxxs,u,41,17.5,56,NA,NA,NA,NA,NA,38,25.5,12.5
PAH,7/21/2017,rble,247172158,xxxs,u,61,24.3,70,NA,NA,NA,NA,NA,51.5,30.5,21
MOA,7/25/2017,rvbu,157220726,xxxs,u,86,19.8,96,NA,NA,NA,NA,NA,59,25.5,33.5
MOA,7/25/2017,wrsh,247171913,xxxs,f,102,25.8,88,NA,NA,NA,NA,NA,59,33,26
MOA,7/25/2017,rble,247171914,xxxs,u,56,22.2,69,NA,NA,NA,NA,NA,52,32,20
MOA,7/25/2017,rble,247171915,xxxs,u,58,24,69,NA,NA,NA,NA,NA,54,32,22
MOA,7/25/2017,rble,247171916,xxxs,u,59,23.5,69,NA,NA,NA,NA,NA,53,32,21
MOA,7/25/2017,rble,247171917,xxxs,u,55,24,66,NA,NA,NA,NA,NA,47.5,26.5,21
MOA,7/25/2017,rble,247171918,xxxs,u,59,23.5,70,NA,NA,NA,NA,NA,54,30,24
MOA,7/25/2017,wrsh,270129724,xxxs,m,144,26.1,93,NA,NA,NA,NA,NA,60.5,27,33.5
WAI,7/27/2017,rble,247172160,xxxs,u,58,24.4,69,14.6,8.5,5.2,5.3,9.4,48,27,21
WAI,7/27/2017,rwbu,247172161,xxxs,u,82,20.3,85,NA,NA,NA,NA,NA,54.5,27,27.5
WAI,7/27/2017,jawe,281094176,xxxs,u,43,18.1,58,NA,NA,NA,NA,NA,43,33,10
MOA,8/5/2017,jawe,278048445,xxxs,u,42,17.4,61,NA,NA,NA,NA,NA,43,32.5,10.5
MOA,8/5/2017,jawe,278048446,xxxs,u,41,18,60,NA,NA,NA,NA,NA,36,26,10
MOA,8/12/2017,rwbu,247171920,xxxs,u,75,19.1,79,NA,NA,NA,NA,NA,55,27,28
MOA,8/12/2017,rble,247171921,xxxs,u,56,23.2,70,NA,NA,NA,NA,NA,45.5,25.5,20
MOA,8/12/2017,rble,247171922,xxxs,u,57,23,71,NA,NA,NA,NA,NA,48,27.5,20.5
MOA,8/12/2017,rble,247171924,xxxs,NA,NA,NA,NA,NA,NA,NA,NA,NA,47,27,20
MOA,8/12/2017,jawe,278048450,xxxs,u,42,17.8,60,NA,NA,NA,NA,NA,38,27,11
MOA,8/12/2017,jawe,278048451,xxxs,u,42,17.9,59,NA,NA,NA,NA,NA,37,26,11
MOA,8/12/2017,jawe,278048452,xxxs,u,42,18.1,61,NA,NA,NA,NA,NA,41,29,12
PAH,8/15/2017,jawe,281094182,xxxs,u,41,17.1,57,NA,NA,NA,NA,NA,36,25,11
PAH,8/15/2017,jawe,281094183,xxxs,u,39,17.9,59,NA,NA,NA,NA,NA,36,25.5,10.5
PAH,8/22/2017,rble,247172173,xxxs,u,55,23.8,65,NA,NA,NA,NA,NA,50,28,22
PAH,8/22/2017,jawe,281094184,xxxs,u,40,18.36,58,NA,NA,NA,NA,NA,41.5,28,13.5
PAH,8/22/2017,rble,NA,NA,u,NA,NA,NA,NA,NA,NA,NA,NA,52,30.5,21.5
MOA,8/26/2017,rwbu,247171928,xxxs,u,74,20.1,74,NA,NA,NA,NA,NA,50,27,23
MOA,8/26/2017,wrsh,247171929,xxxs,m,120,25,93,NA,NA,NA,NA,NA,57.5,24.5,33
PAH,9/5/2017,rble,247172176,xxxs,NA,60,21.5,67,NA,NA,NA,NA,NA,50,30,20
PAH,9/5/2017,rble,247172177,xxxs,NA,55,22.6,66,NA,NA,NA,NA,NA,64,41,23
PAH,9/5/2017,jawe,281094187,xxxs,NA,39,NA,54,NA,NA,NA,NA,NA,26,18,8
WAI,9/18/2017,rwbu,247171935,xxxs,NA,75,20.2,77,17.2,8.8,NA,4.7,NA,53,27,26
WAI,9/18/2017,jawe,278048480,xxxs,NA,41,16.6,58,NA,NA,NA,NA,NA,39,26,13
WAI,9/18/2017,jawe,278048481,xxxs,NA,45,17,59,NA,NA,NA,NA,NA,38,26,12
PAH,9/22/2017,jawe,281094199,xxxs,u,42,17,55,NA,NA,NA,NA,NA,36,25,11
PAH,9/22/2017,jawe,281094301,xxxs,u,41,16.9,59,NA,NA,NA,NA,NA,36,25,11
PAH,9/22/2017,jawe,281094302,xxxs,u,41,17.9,56,NA,NA,NA,NA,NA,36,28,8
PAH,9/22/2017,jawe,281094303,xxxs,u,43,16.8,60,NA,NA,NA,NA,NA,37,26,11
PAH,9/22/2017,jawe,281094304,xxxs,u,40,17.8,58,NA,NA,NA,NA,NA,37,26,11
PAH,9/22/2017,jawe,281094305,xxxs,u,41,16.9,59,NA,NA,NA,NA,NA,41,23,18
PAH,9/22/2017,jawe,281094306,xxxs,u,43,16.6,58,NA,NA,NA,NA,NA,37,28,9
PAH,9/22/2017,jawe,281094307,xxxs,u,43,17.5,59,NA,NA,NA,NA,NA,36,25,11
WAI,9/28/2017,rble,247172181,xxxs,u,55,24,63,NA,NA,NA,NA,NA,68,48,20
WAI,9/28/2017,rble,247172182,xxxs,u,56,23.8,68,NA,NA,NA,NA,NA,71,49,22
WAI,9/28/2017,rble,247172183,sxxx,u,NA,20.5,64,NA,NA,NA,NA,NA,50,30,20
WAI,9/28/2017,jawe,281094308,xxxs,u,42,17.9,60,NA,NA,NA,NA,NA,36,26,10
WAI,9/28/2017,jawe,281094309,xxxs,u,43,17.5,60,NA,NA,NA,NA,NA,39,28,11
WAI,9/28/2017,jawe,281094310,sxxx,u,42,17.7,59,NA,NA,NA,NA,NA,37,26,11
MOA,10/2/2017,rble,247171941,xxxs,u,40,24.5,67,NA,NA,NA,NA,NA,67,45,22
MOA,10/2/2017,rble,247171942,xxxs,u,NA,24.9,68,NA,NA,NA,NA,NA,49.5,27,22.5
WAI,10/2/2017,rble,247172184,xxxs,u,56,24.6,68,NA,NA,NA,NA,NA,48,22,26
MOA,10/2/2017,jawe,278048493,xxxs,u,41,18.3,58,NA,NA,NA,NA,NA,40,29,11
WAI,10/2/2017,jawe,281094311,xxxs,u,50,17.9,58,NA,NA,NA,NA,NA,37,26,11
WAI,10/2/2017,jawe,281094312,xxxs,u,39,17.8,56,NA,NA,NA,NA,NA,43,34,9
WAI,10/2/2017,jawe,281094314,xxxs,u,43,16.7,61,NA,NA,NA,NA,NA,37,27,10
WAI,10/2/2017,jawe,281094316,xxxs,u,38,17.5,55,NA,NA,NA,NA,NA,39,NA,NA
WAI,10/12/2017,rble,247172185,xxxs,u,52,23.4,62,NA,NA,NA,NA,NA,56,42,14
WAI,10/12/2017,jawe,281094317,xxxs,u,34,17.6,58,NA,NA,NA,NA,NA,35,26,9
WAI,10/12/2017,jawe,281094320,xxxs,u,37,17.7,56,NA,NA,NA,NA,NA,53,41,12
WAI,10/12/2017,jawe,281094321,xxxs,u,42,17.4,59,NA,NA,NA,NA,NA,38,27,11
WAI,10/12/2017,jawe,281094322,xxxs,u,38,17,52,NA,NA,NA,NA,NA,51,43,8
WAI,10/12/2017,jawe,281094324,xxxs,u,43,18,61,NA,NA,NA,NA,NA,39,28,11
MOA,10/13/2017,rble,247171943,xxxs,u,53,24.6,71,13.5,7.1,5.3,4.9,10.2,41,19,22
MOA,10/13/2017,rvbu,270129730,xxxs,u,95,25.8,104,NA,NA,NA,NA,NA,66,27,39
MOA,10/13/2017,rvbu,270129731,xxxs,u,85,25.7,98,NA,NA,NA,NA,NA,65,NA,NA
MOA,10/13/2017,rvbu,270129732,xxxs,u,NA,23.8,95,NA,NA,NA,NA,NA,61,26,35
MOA,10/13/2017,wrsh,270129733,xxxs,f,120,26.4,89,NA,NA,NA,NA,NA,58,26,32
WAI,10/19/2017,rble,247172187,xxxs,u,50,23.3,67,NA,NA,NA,NA,NA,47,31,16
WAI,10/19/2017,rble,247172188,xxxs,u,57,24.3,70,NA,NA,NA,NA,NA,65,41,24
WAI,10/19/2017,rwbu,265144540,xxxs,u,64,17.1,69,NA,NA,NA,NA,NA,63,44,19
WAI,10/23/2017,jawe,278048499,xxxs,NA,32,19,60,NA,NA,NA,NA,NA,54,42,12
WAI,10/26/2017,rble,247172191,xxxs,u,58,22.4,68,NA,NA,NA,NA,NA,68,44,24
WAI,10/26/2017,rble,247172192,xxxs,u,54,22.2,65,NA,NA,NA,NA,NA,51,NA,NA
WAI,10/26/2017,jawe,281094325,xxxs,u,38,16.2,58,NA,NA,NA,NA,NA,39,29,10
WAI,10/26/2017,jawe,281094326,xxxs,u,39,17.4,58,NA,NA,NA,NA,NA,41,29,12
WAI,10/26/2017,jawe,281094327,xxxs,u,39,17.1,58,NA,NA,NA,NA,NA,41.5,29.5,12
WAI,10/26/2017,jawe,281094328,xxxs,u,38,17.5,56,NA,NA,NA,NA,NA,30,18,12
WAI,10/26/2017,jawe,281094331,xxxs,u,43,17.8,59,NA,NA,NA,NA,NA,37,26,11
WAI,10/26/2017,jawe,281094335,xxxs,u,36,17.6,58,NA,NA,NA,NA,NA,41,29,12
MOA,10/29/2017,jawe,284013607,xxxs,u,35,17.8,59,NA,NA,NA,NA,NA,32,22,10
MOA,10/29/2017,jawe,284013608,xxxs,u,39,17.7,60,14.3,NA,3.8,3.4,NA,39,27,12
MOA,10/29/2017,jawe,284013609,xxxs,u,39,17.6,58,NA,NA,NA,NA,NA,39,26,13
MOA,10/29/2017,jawe,284013610,xxxs,u,38,16.5,57,NA,NA,NA,NA,NA,37,26,11
MOA,10/31/2017,rwbu,247171944,xxxs,u,86,20.4,85,14.4,8.6,5.2,5.2,10.5,62,31,31
PAH,10/31/2017,jawe,281094339,xxxs,u,38,17.4,57,NA,NA,NA,NA,NA,37,26,11
MOA,11/5/2017,wrsh,270129734,xxxs,m,129,NA,95,NA,NA,NA,NA,NA,80.5,44,36.5
MOA,11/5/2017,jawe,284013612,xxxs,u,36,17.5,58,NA,NA,NA,NA,NA,39,28,11
WAI,11/6/2017,rble,247171947,xxxs,u,56,23.5,66,NA,NA,NA,NA,NA,54,30,24
WAI,11/6/2017,jawe,284013613,xxxs,u,40,17.9,59,NA,NA,NA,NA,NA,56,45,11
WAI,11/6/2017,jawe,284013614,xxxs,u,36,17.1,58,NA,NA,NA,NA,NA,56,44,12
MOA,11/17/2017,rble,247171948,xxxs,u,56,24.7,68,NA,NA,NA,NA,NA,52,29,23
MOA,11/17/2017,rble,247171949,xxxs,u,59,24.1,70,NA,NA,NA,NA,NA,55,34,21
PAH,11/21/2017,rble,247172195,xxxs,u,56,24.2,69,NA,NA,NA,NA,NA,54,28,26
PAH,11/21/2017,rble,247172196,xxxs,u,60,23.7,70,NA,NA,NA,NA,NA,53,28,25
WAI,11/30/2017,rble,247172197,xxxs,u,59,23.4,67,NA,NA,NA,NA,NA,80,65,15
WAI,11/30/2017,rble,247172198,xxxs,u,56,24.3,65,NA,NA,NA,NA,NA,59,34,25
WAI,11/30/2017,rwbu,247172199,xxxs,u,82,19.1,79,NA,NA,NA,NA,NA,69,34,35
